OK
10000
0.24121 0.17118
0.01380 -0.16217
0.00941 0.41418
-0.05550 -0.03222
0.00159 0.07008
0.05930 -0.26422
0.00367 0.16128
-0.14528 -0.08434
0.05807 -0.25873
-0.13024 -0.07561
-0.00603 0.55265
0.28486 0.00475
0.00000 0.00000
-0.01907 -0.51810
0.31144 -0.11160
0.05629 0.00094
-0.54681 0.01439
0.00000 0.00000
-0.00600 0.54958
-0.00980 -0.26631
0.00000 0.00000
0.00000 0.00000
-0.82039 0.02159
0.28864 0.13227
0.00960 0.42230
0.15919 -0.05704
-0.00229 0.20952
-0.00064 0.05871
0.00000 0.00000
-0.28004 0.00737
0.00974 0.42868
0.15122 0.10732
-0.20967 0.00552
-0.00901 0.82550
-0.53255 0.01402
0.36269 -0.04973
0.04285 -0.19093
-0.01316 -0.35733
-0.01738 -0.47214
-0.00097 0.08861
0.10125 0.04640
0.00000 0.00000
0.08495 -0.37848
0.16295 -0.05839
0.31127 -0.11154
0.03161 -0.37132
-0.00257 -0.06970
0.00000 0.00000
-0.34465 0.16231
0.00000 0.00000
0.00000 0.00000
-0.04447 0.00117
0.02922 -0.13020
-0.41197 0.19401
0.07812 -0.34807
0.00000 0.00000
0.01475 0.64911
-0.35938 0.00946
-0.00533 -0.14474
-0.04954 -0.02876
0.01283 -0.15071
-0.00824 0.75464
-0.00079 0.07219
0.04379 -0.01569
-0.17592 -0.04399
-0.39805 0.01048
0.00656 0.00011
0.00634 0.27903
-0.02140 -0.58122
0.01592 0.70036
0.12205 -0.54378
-0.02408 -0.65409
0.06454 -0.28755
-0.00275 0.25142
0.00000 0.00000
0.00000 0.00000
-0.01320 -0.35844
-0.00196 -0.05313
-0.42561 0.20043
0.00000 0.00000
-0.34189 -0.19848
-0.11416 0.00300
0.00303 0.13334
0.16450 -0.05895
0.06726 0.03082
-0.10696 0.05037
0.00000 0.00000
0.10802 -0.48127
-0.34347 0.00904
0.11595 -0.51659
-0.03489 -0.02025
0.03866 -0.17223
-0.50172 0.01321
0.01701 0.74820
0.31736 0.22522
0.12334 -0.01691
0.01040 -0.04633
0.09397 -0.41866
-0.00210 -0.05694
0.31318 0.00522
-0.00572 0.52368
0.40537 0.00676
-0.02702 -0.73385
0.10395 0.07377
0.01658 -0.07388
-0.00771 0.70569
0.31433 0.00524
0.01483 0.65247
-0.00193 0.17699
-0.27772 0.00731
0.00554 -0.06514
0.00000 0.00000
0.00000 0.00000
0.24150 0.17138
0.15208 0.06969
0.37991 -0.05209
0.57283 0.00955
-0.00648 0.59368
-0.00583 0.53385
0.17729 -0.78989
-0.00312 0.28580
-0.76998 0.02027
-0.01263 -0.34298
0.16795 0.11919
-0.25604 0.00674
-0.47785 0.01258
0.00000 0.00000
0.34325 -0.12299
-0.11750 -0.06821
-0.00161 -0.04373
0.00809 0.35603
-0.20055 -0.11643
0.36613 -0.13119
0.00972 0.42762
0.24524 0.00409
0.37376 0.17128
0.00000 0.00000
0.00000 0.00000
0.07737 -0.34473
-0.00115 0.10521
-0.02814 -0.76443
0.01188 0.52273
0.01615 0.71039
0.00000 0.00000
-0.00165 0.15109
-0.11348 -0.06588
-0.01484 -0.40299
0.00000 0.00000
0.00851 0.37457
-0.00133 0.12176
0.28325 0.20102
-0.01142 0.00030
-0.00422 -0.00245
-0.09349 0.00246
0.58092 0.00968
-0.00246 0.22543
-0.15159 0.00399
-0.04869 -0.02827
0.00803 0.35322
-0.13786 0.06492
0.00000 0.00000
-0.00445 0.40786
0.00000 0.00000
0.11589 -0.51636
-0.41331 0.01088
0.15414 -0.68678
0.01386 -0.06174
0.00000 0.00000
0.19638 0.09000
-0.00610 0.55902
0.00440 0.19356
-0.00415 0.38022
0.00169 0.07420
-0.01702 -0.46217
0.07060 -0.31454
0.03886 -0.01392
0.05838 -0.26013
-0.07148 0.00188
-0.07486 0.03525
-0.30990 0.14594
-0.02017 -0.54781
0.00000 0.00000
-0.00232 -0.06294
0.47073 -0.16867
0.00412 0.18121
0.09594 -0.76743
0.05485 -0.64436
0.05199 -0.23162
0.05091 -0.40725
-0.77328 0.02035
-0.44897 -0.26064
-0.00735 0.67277
0.00000 0.00000
0.10154 0.07206
0.00862 -0.03842
0.06270 -0.27936
-0.00287 0.26266
0.00000 0.00000
0.34804 -0.12471
0.05973 -0.26611
0.32844 -0.04504
-0.21231 0.00559
0.08761 -0.39036
0.00000 0.00000
0.62772 -0.22493
0.02226 -0.09916
0.00540 -0.06349
0.00796 0.35013
-0.00433 0.39625
0.01426 0.62735
0.02122 0.01506
-0.08868 0.04176
0.56996 -0.20423
-0.00164 0.11122
-0.23206 -0.13472
0.34156 0.24240
-0.00290 0.26528
0.06391 -0.28475
0.01055 0.46391
0.50243 -0.18003
0.15486 0.07097
-0.00246 0.22569
-0.00437 -0.11871
0.05516 -0.24578
-0.00732 -0.19888
0.00000 0.00000
-0.22184 0.00584
0.00000 0.00000
0.00498 0.21889
0.00540 -0.02404
-0.01281 -0.34787
-0.50810 0.01337
0.00659 0.28995
0.07323 -0.32626
0.00000 0.00000
-0.01224 -0.33249
0.00000 0.00000
-0.00779 0.00367
-0.02849 -0.77373
-0.36411 0.00958
-0.24294 0.00639
0.13944 -0.01912
-0.00283 0.25941
-0.31260 0.00823
-0.22137 0.00583
-0.01282 -0.34825
-0.29328 0.00772
-0.17499 0.00461
0.00685 0.30133
0.01021 0.44910
0.73174 -0.26220
0.00832 0.36603
0.00016 0.00717
-0.05764 0.02714
-0.00052 0.04763
-0.22236 0.00585
0.00000 0.00000
0.00000 0.00000
0.08840 0.00147
0.32522 0.00542
-0.00011 0.00968
0.08359 -0.02995
0.14966 -0.05363
0.33797 -0.12110
-0.42930 0.01130
0.00811 0.35693
-0.21161 -0.12285
0.51652 -0.18508
-0.01067 -0.28974
-0.00464 0.42511
0.00903 0.39724
0.00000 0.00000
0.01657 0.72908
0.16623 0.00277
0.27836 -0.09974
0.01510 0.66423
0.17844 0.00297
0.25109 0.11507
-0.00038 -0.01028
0.08476 0.00141
0.36225 -0.12980
0.08373 -0.37303
-0.28962 0.00762
-0.00015 0.01335
-0.04691 0.02209
0.00449 0.00206
0.52454 -0.07193
0.35088 -0.12573
-0.00517 0.47371
0.00082 0.03607
0.74945 -0.26855
0.00311 0.13699
-0.01388 -0.37693
0.03505 -0.15617
-0.20187 0.09507
0.00000 0.00000
0.05496 -0.43962
0.00813 -0.03623
0.02830 -0.12610
0.01596 0.70222
0.00000 0.00000
0.06174 -0.72530
0.04597 -0.20483
-0.07448 0.03507
0.00000 0.00000
0.00384 0.00272
-0.51876 0.01365
0.37728 0.17289
0.00000 0.00000
0.00261 0.11494
-0.00372 -0.10103
0.18090 -0.80600
0.03817 -0.17006
0.00231 -0.02718
-0.65701 0.01729
0.14424 -0.05168
0.00000 0.00000
0.14654 -0.65289
-0.01415 -0.38428
0.01036 0.45560
-0.00886 0.00417
0.00681 0.29979
-0.00448 -0.12177
0.15429 0.00257
-0.00390 -0.10591
0.00000 0.00000
0.32541 -0.11660
0.00000 0.00000
-0.00173 -0.04704
-0.36811 0.00969
-0.46357 0.01220
0.04073 -0.18146
0.01626 0.71522
0.00000 0.00000
0.08751 -0.69998
0.01106 -0.04927
-0.01817 -0.49356
0.31996 -0.04387
0.64506 0.01075
-0.00066 0.06004
-0.01739 -0.47229
0.00000 0.00000
0.02635 -0.21077
0.00025 0.01106
-0.00725 0.66417
-0.17640 0.00464
0.01194 0.52505
-0.00178 -0.04824
0.01260 -0.00452
0.54513 -0.07475
0.00030 0.01327
0.00000 0.00000
-0.01438 -0.39051
-0.00426 -0.11568
0.00063 0.02789
0.01387 0.61032
-0.03148 -0.01828
-0.01332 -0.36190
0.00505 0.22231
-0.36995 0.00974
-0.00151 0.10235
0.04369 -0.00599
0.09453 -0.42118
0.00501 0.22035
0.03245 -0.14457
0.01648 0.72515
0.05410 -0.24103
0.00775 0.34107
-0.25803 0.12151
0.06024 -0.02159
0.72878 -0.26114
-0.10714 0.00282
0.00000 0.00000
-0.01407 -0.38228
0.68747 -0.24634
-0.25403 0.00669
-0.00860 -0.23356
-0.46537 0.21916
-0.11720 0.00308
0.11474 -0.51120
0.06033 -0.26878
0.05118 -0.22804
0.01830 0.80497
0.00000 0.00000
-0.01640 -0.44540
-0.00729 0.66801
-0.01348 -0.36622
-0.48874 0.01286
0.08223 -0.36638
0.12986 -0.01781
0.06917 0.04909
-0.12351 0.05817
-0.08440 -0.04900
-0.01527 -0.41479
0.03547 -0.41666
-0.08433 0.03972
0.00000 0.00000
0.09441 -0.01295
0.00021 -0.00164
0.00840 0.36939
0.05096 0.00085
0.01509 0.66393
0.00000 0.00000
0.02822 -0.01101
-0.01931 0.00051
0.00567 0.24926
0.41450 -0.05684
0.06743 -0.53934
-0.08404 0.03958
-0.00430 0.39381
0.30887 -0.11067
-0.00731 0.66936
0.00000 0.00000
-0.57917 0.01524
-0.13760 0.06480
0.40424 -0.05543
0.01380 0.60691
0.13058 -0.01790
0.06375 -0.02284
0.14161 -0.05074
0.11520 -0.51328
0.03413 0.01345
0.00924 0.40647
-0.00718 -0.19500
0.02153 -0.17223
0.03263 -0.38336
0.00000 0.00000
0.00000 0.00000
-0.04309 -0.02501
0.46306 -0.06350
-0.15945 -0.09256
-0.00560 -0.15220
-0.03301 0.00087
-0.00121 0.11121
0.04138 -0.18436
0.34191 0.24264
-0.02146 -0.58302
0.03459 -0.01239
0.52837 0.24213
-0.12559 0.05914
-0.10155 0.04782
0.00383 0.16840
0.00000 0.00000
-0.35281 -0.20481
-0.03300 0.00087
-0.00038 -0.01019
0.00951 0.41849
-0.48104 0.01266
-0.80812 0.02127
-0.00505 0.46208
-0.16146 0.00425
0.35890 -0.04921
-0.00115 0.10514
0.04209 -0.18754
-0.00280 0.25615
0.00000 0.00000
-0.01226 -0.33309
0.26411 0.18743
0.00878 0.38636
0.06422 0.00107
0.01431 -0.06375
0.01176 0.51744
0.14820 0.10517
-0.02234 -0.60668
-0.21048 0.00554
-0.36773 0.17318
0.00251 0.11041
-0.00593 -0.16103
0.01309 0.57581
0.05432 0.03855
0.62574 -0.22422
0.00000 0.00000
0.08157 -0.36344
0.00245 0.10764
-0.00338 0.30960
0.12327 -0.01690
0.39288 -0.14078
0.00203 -0.00906
0.05916 0.02711
0.00000 0.00000
-0.00193 0.17650
-0.16831 0.00443
0.01043 0.45895
-0.00457 0.41850
-0.26338 -0.15290
-0.00289 0.26434
-0.33679 -0.19551
0.06678 -0.78452
0.07039 -0.31360
-0.00424 -0.11519
0.09285 -0.74274
-0.00132 0.12099
0.15086 0.06914
0.00622 -0.02771
0.03684 0.02615
-0.38359 0.18064
0.13122 -0.58462
-0.00993 -0.26968
0.00580 -0.02585
-0.00105 0.09640
0.00621 0.27327
-0.00514 0.47031
-0.25000 0.00658
-0.50979 0.01342
-0.15471 0.07286
0.00000 0.00000
0.01218 0.53579
-0.00713 -0.19371
0.53636 -0.07355
0.07624 -0.33968
-0.00681 0.62349
0.08460 0.03877
-0.03854 -0.02237
-0.00187 0.17136
-0.00410 0.37574
0.00000 0.00000
0.00000 0.00000
0.53665 -0.19229
0.00000 0.00000
-0.01672 -0.45418
-0.00060 0.05529
0.04918 -0.57783
0.06562 -0.77096
-0.00111 0.10181
0.00831 0.36558
0.15159 0.06947
-0.33716 0.15878
0.58099 -0.07967
-0.00338 0.30961
-0.13635 -0.07916
0.05076 -0.59638
0.24079 -0.08628
-0.00126 -0.03411
-0.03194 0.00084
-0.20863 0.00549
0.02175 -0.00779
-0.15546 0.07321
0.06821 -0.02444
0.00098 0.04294
-0.01159 -0.31486
-0.12722 0.05991
-0.02211 -0.60056
0.02028 -0.23823
0.00395 0.17369
-0.65585 0.01726
0.06880 -0.80827
0.01123 0.49390
0.01287 -0.05735
0.12135 -0.04348
-0.03365 -0.01953
0.00000 0.00000
-0.15242 -0.08848
0.30808 -0.04225
0.00000 0.00000
-0.01734 -0.47099
-0.50338 0.01325
0.14173 0.10059
0.14249 -0.63486
-0.00154 0.14063
0.00000 0.00000
0.13243 -0.59004
-0.17291 0.08143
0.00000 0.00000
-0.51708 0.24351
-0.51184 0.01347
0.24238 -0.08685
0.01462 0.64306
0.00000 0.00000
0.15086 -0.67216
0.21032 -0.07536
0.00000 0.00000
0.00000 0.00000
0.44724 0.20495
0.00000 0.00000
-0.06240 -0.03622
0.01699 -0.07571
0.00000 0.00000
-0.00580 -0.15762
-0.02298 -0.62432
-0.00600 0.00016
0.44306 -0.06075
0.00194 -0.00864
-0.00068 0.06261
-0.07957 0.00209
-0.32999 0.15540
-0.00144 0.13171
0.03652 0.02592
0.54108 -0.19388
-0.73778 0.01942
0.65416 -0.23440
-0.00484 -0.13135
0.51349 0.23532
0.00000 0.00000
0.00000 0.00000
0.25541 -0.09152
-0.38808 0.01021
-0.00823 0.75402
0.08993 -0.40068
-0.07323 -0.04251
0.31571 0.22405
0.00454 0.19959
0.00000 0.00000
-0.10274 0.00270
-0.06995 0.00184
0.14996 0.06872
0.38898 -0.13938
0.00000 0.00000
-0.01728 0.00045
-0.43285 0.01139
0.00123 0.05414
0.00802 -0.06416
0.64243 0.01071
-0.00081 0.07386
-0.54185 0.01426
0.00662 -0.02948
0.01479 0.65043
0.07257 -0.32332
0.12452 -0.55478
-0.02854 -0.77515
-0.60380 0.01589
0.25851 0.00431
0.00021 0.00911
-0.00049 -0.01331
-0.41074 -0.23844
0.00000 0.00000
0.00000 0.00000
-0.00074 0.06761
-0.14982 0.00394
-0.01366 -0.37108
-0.45882 0.01208
-0.43368 0.01141
-0.00676 -0.18356
0.14371 0.06586
0.00163 -0.00059
-0.33591 -0.19501
0.39502 -0.05417
0.24236 -0.08684
-0.00861 0.78886
0.20748 0.00346
0.00565 0.00401
-0.23415 0.00616
0.08408 -0.67258
-0.00247 -0.06709
0.54447 0.00908
-0.59545 0.01567
-0.00618 -0.16792
0.19134 -0.06856
-0.01484 -0.40322
-0.69250 0.01823
0.00578 -0.04626
0.02103 0.01492
-0.08936 0.00235
-0.75916 0.01998
-0.01575 -0.42770
0.10586 0.07513
0.00000 0.00000
0.00655 0.28817
-0.00762 0.69809
0.00055 0.02399
-0.31486 0.00829
0.00000 0.00000
0.00838 0.36886
-0.11356 0.00299
0.01321 -0.00473
-0.30988 0.00816
-0.67805 0.01785
-0.36390 -0.21125
0.15754 -0.70189
-0.00188 0.17242
-0.24510 0.11543
0.07127 -0.31752
-0.48089 0.01266
0.02127 -0.09478
-0.03638 0.01713
-0.07555 -0.04386
-0.01247 -0.33872
-0.16670 0.00439
-0.00232 0.21276
0.08905 0.17604
0.13313 0.06101
0.00000 0.00000
-0.14591 0.00384
-0.07772 0.00205
0.00053 -0.00019
-0.01941 -0.52726
0.24708 0.11323
0.30920 0.14169
-0.24099 0.00634
-0.58824 0.01548
-0.36322 0.00956
-0.00095 0.08688
-0.07826 -0.04543
0.34445 0.00574
-0.00394 -0.10704
-0.19726 0.00519
0.12055 0.08555
0.28879 -0.03960
0.35194 0.00587
-0.35093 0.00924
0.01473 0.01045
0.02540 -0.11318
0.00412 0.18104
0.02954 -0.34709
0.09337 0.06626
0.00628 0.27607
0.00496 0.21822
-0.00466 0.42722
-0.00420 0.38451
-0.23810 0.11213
0.08086 -0.36025
0.17168 -0.06152
-0.00467 -0.12692
0.39327 0.27910
-0.00392 0.35891
-0.00523 0.47907
-0.62033 0.01633
-0.00232 0.21226
-0.00121 0.08202
0.00000 0.00000
-0.00157 0.14388
0.00000 0.00000
-0.02226 -0.60475
0.05049 0.09981
-0.00252 -0.00146
0.01162 0.51108
0.32246 0.22884
-0.50543 0.01330
0.00288 0.12671
0.03108 -0.36511
0.25247 -0.09046
0.00627 -0.07364
0.01306 0.57447
0.19788 0.00330
0.00000 0.00000
0.00000 0.00000
0.21867 -0.07836
0.01773 -0.20835
-0.41654 0.19616
-0.02833 -0.76952
0.38924 0.17838
0.05192 0.00087
0.05223 -0.23271
0.00000 0.00000
-0.42385 0.01116
0.16133 -0.05781
0.00320 0.14064
0.02097 -0.24638
-0.00401 -0.10901
-0.00151 0.13804
-0.11263 -0.06538
0.06982 -0.31107
0.00000 0.00000
-0.00770 -0.20915
0.00000 0.00000
0.28675 -0.10275
0.07285 -0.32458
-0.00205 0.18753
0.39705 -0.14227
-0.00135 0.12380
0.10566 -0.47076
-0.00299 0.27422
0.38353 -0.05259
-0.38034 0.17912
-0.24851 0.11703
-0.00524 -0.14236
-0.31871 0.15009
-0.17849 -0.10362
0.00963 0.42372
0.03100 -0.13813
-0.00116 0.10594
0.00000 0.00000
0.15809 0.11219
0.19654 0.00328
0.00000 0.00000
0.64782 -0.23213
0.52039 0.23848
0.01775 0.78077
-0.00069 0.04680
-0.01150 0.00030
0.00924 -0.10856
0.10380 -0.46246
0.00000 0.00000
-0.01981 -0.53818
0.00132 -0.00590
0.19425 0.13785
0.00324 0.14239
-0.00252 0.23118
-0.00920 0.84284
0.10388 -0.46281
-0.45705 0.01203
-0.01155 -0.31369
-0.01133 -0.30771
-0.00623 0.57014
0.02752 -0.12262
0.00000 0.00000
0.06426 -0.51405
0.04950 -0.58148
-0.10853 0.00286
0.00000 0.00000
-0.00498 0.45631
0.00000 0.00000
0.02927 -0.13039
0.00209 0.09208
-0.28620 0.00753
0.10779 0.07649
0.03918 -0.31340
-0.52122 0.01372
0.00346 0.15210
-0.01797 -0.48804
0.14845 0.10535
-0.00215 0.19682
-0.02818 0.00074
0.01431 0.00656
0.01065 0.46869
0.28499 0.00475
-0.25455 0.00670
0.09245 -0.41190
0.02067 0.04086
-0.00468 0.42864
-0.00481 0.44043
0.10530 -0.46917
0.03198 -0.37570
0.02187 -0.09746
-0.14509 0.00382
0.00493 0.21672
-0.00279 0.25554
0.00683 0.30051
0.01069 -0.08554
-0.01972 -0.53553
-0.60005 0.01579
0.01217 0.53551
0.36084 -0.12930
0.00000 0.00000
-0.05354 0.00141
0.06714 -0.78877
0.20450 0.14513
-0.21439 0.00564
0.00000 0.00000
-0.43893 0.01155
0.26938 -0.09653
0.00394 0.17312
-0.00259 -0.07023
-0.00199 0.18208
-0.66292 0.01745
0.00000 0.00000
-0.00663 0.60717
-0.26075 0.00686
0.01319 0.58040
-0.39032 0.01027
0.00150 0.06597
0.03118 -0.36625
0.01883 0.82857
-0.04297 0.00113
0.06520 -0.29049
-0.11277 0.05311
0.01320 -0.00181
-0.34073 0.00897
-0.16285 0.00429
0.34388 -0.12322
-0.00523 -0.14194
0.26451 -0.09478
0.57058 0.00951
0.05171 -0.60744
0.00942 0.41435
0.01426 0.62719
0.04856 -0.57055
-0.00420 0.38445
-0.00005 0.00483
-0.00386 0.35333
0.00000 0.00000
-0.00544 0.49829
-0.17788 0.00468
-0.00646 -0.17540
0.09451 -0.42109
0.10802 -0.03871
-0.15962 0.00420
-0.01610 -0.43744
-0.00547 0.50054
-0.41818 -0.24277
-0.00136 0.09235
0.67733 0.01129
0.00000 0.00000
-0.29436 -0.17088
-0.00678 0.62135
-0.00539 0.49388
0.44175 0.31350
-0.19833 0.00522
0.00000 0.00000
-0.22033 0.00580
0.06919 -0.81286
-0.25528 0.00672
0.00000 0.00000
0.27324 0.12522
0.04807 0.09503
-0.32277 0.00850
0.03256 -0.14506
-0.00859 -0.23322
0.00613 0.26974
0.11749 -0.52349
-0.00369 0.33787
-0.10574 0.00278
-0.31145 0.00820
0.01289 0.56726
0.05062 -0.40494
0.00000 0.00000
0.05779 -0.67891
-0.01231 -0.33440
-0.14084 -0.08176
0.53370 0.00890
0.20508 -0.02812
-0.21594 0.00568
0.04297 -0.19144
0.00000 0.00000
-0.19245 0.09063
-0.23514 -0.13650
0.18482 -0.02534
0.33231 -0.04557
0.04710 -0.20986
0.11421 -0.04092
0.04037 0.00067
0.00000 0.00000
0.00261 0.11497
0.00741 0.32614
-0.60327 0.01588
-0.12898 0.00339
0.00080 0.03534
0.40658 -0.14569
0.12963 -0.04645
-0.08902 -0.05168
-0.03099 0.01459
-0.01455 -0.39526
0.01400 0.61606
0.01095 -0.08759
-0.18772 -0.10898
0.47957 0.00799
-0.00286 0.26197
0.01926 -0.15404
0.10064 0.00168
0.01528 -0.17954
0.01340 0.58951
0.12817 -0.01758
0.01602 0.70455
0.00000 0.00000
-0.00083 -0.02257
-0.00282 0.25812
0.01352 -0.06022
-0.07472 0.00197
-0.59406 0.01564
0.04420 -0.35358
0.25153 0.11527
0.00000 0.00000
0.71707 0.01195
0.01031 0.45368
0.45917 -0.16453
-0.12497 -0.07255
-0.18875 0.00497
-0.00659 0.60398
-0.22159 0.10435
0.01412 0.62131
0.46452 0.00774
0.08462 -0.67691
-0.17029 -0.09885
-0.00378 0.25683
0.09008 -0.03228
0.00453 0.19915
0.50560 0.00843
0.00464 0.20408
0.03797 -0.44610
-0.03415 -0.01982
-0.00828 -0.22498
-0.01750 -0.47522
0.01556 0.68466
0.04773 -0.56074
0.51038 0.00851
-0.02577 0.01214
0.01175 0.51707
-0.00269 0.24651
-0.25564 0.00673
-0.00553 0.50628
-0.02410 -0.65466
0.00000 0.00000
-0.31395 0.14785
0.00696 -0.03100
-0.33814 0.00890
-0.04959 -0.02879
0.07030 -0.31321
0.42347 -0.15174
0.00949 0.41753
0.11672 0.05349
0.02223 -0.26120
-0.00640 -0.17392
0.01213 0.53361
0.41177 -0.14755
0.62176 -0.22279
0.18465 -0.06616
0.01234 0.54274
0.10105 0.04631
-0.01281 -0.34803
0.28099 -0.10069
0.14537 0.00242
0.01633 0.71825
-0.32939 0.00867
-0.33101 -0.19216
-0.01033 0.00027
-0.36851 0.17355
0.77729 0.01296
0.01409 -0.00505
0.07761 -0.34577
-0.02789 -0.75744
-0.53149 0.01399
0.01223 0.53791
0.06359 -0.28333
-0.30783 0.00810
-0.01941 -0.52718
0.15135 -0.67432
-0.29663 0.13969
0.43391 -0.15548
-0.00608 0.55723
-0.07214 0.00190
0.01338 0.58856
-0.00888 0.81339
0.00736 0.00523
0.04549 -0.36388
-0.29694 0.00782
-0.00501 0.45860
-0.27286 0.12850
0.39902 0.18286
0.04921 -0.39366
0.00000 0.00000
-0.00736 0.67392
0.71191 -0.25509
-0.19418 0.00511
0.00964 0.42390
0.06069 -0.48543
0.00000 0.00000
-0.00659 0.60392
-0.11413 -0.06625
-0.31508 0.00829
0.06841 -0.30480
0.00823 0.36194
-0.20616 0.09709
0.13569 -0.04862
0.00886 0.00629
0.56774 0.00946
0.00919 0.40418
0.11316 -0.50419
-0.37976 0.17884
0.05834 -0.68540
-0.00505 0.46229
-0.00260 0.23823
0.01132 0.49816
-0.20061 0.09448
-0.21158 0.00557
-0.18493 0.00487
0.03575 -0.42000
-0.18986 -0.11022
0.00286 -0.03357
0.00675 -0.07930
0.00212 -0.00944
-0.59179 0.01558
-0.01345 -0.36539
0.26630 0.18898
0.07277 -0.32422
-0.10944 0.00288
0.01308 0.57560
-0.00124 0.08419
0.04440 0.08777
0.09226 -0.41106
-0.54638 0.01438
0.20553 -0.07365
0.00000 0.00000
0.01732 0.03424
-0.27732 0.00730
-0.04208 0.00111
0.21378 -0.02931
-0.38641 -0.22432
0.13342 -0.59445
-0.23888 -0.13868
-0.02115 -0.57458
0.06126 -0.27292
0.00758 0.00299
-0.00723 0.66170
-0.23131 0.10893
-0.00175 0.16034
-0.10065 0.00265
0.00000 0.00000
-0.00749 0.68562
0.17309 0.12284
0.54510 -0.07475
-0.00331 0.30336
-0.33573 0.00884
-0.25446 0.11983
-0.02927 0.00077
0.10408 0.04770
0.01149 0.50529
-0.02219 -0.60264
0.38120 0.00635
-0.01997 -0.54239
-0.00588 0.53855
-0.39472 0.01039
0.13696 -0.61020
0.01627 0.71569
0.00000 0.00000
-0.00353 0.32326
-0.13080 0.06160
0.00078 0.03417
0.09270 -0.74153
-0.22985 0.10824
0.00000 0.00000
-0.08666 0.00228
0.04873 0.02233
0.58734 -0.21046
0.01320 -0.00473
-0.00574 0.52531
-0.07405 0.03487
0.09842 -0.43850
-0.40042 0.01054
0.00966 0.42513
0.06252 -0.27856
0.59055 -0.21161
0.00258 0.11330
0.00418 0.18386
-0.00601 -0.16321
0.06205 -0.27645
0.21200 -0.07596
-0.00034 0.03159
-0.61975 0.01631
0.03544 -0.01270
-0.30838 0.00812
0.22991 0.00383
0.62881 0.01048
0.60747 -0.08330
0.09775 -0.43550
0.00345 0.15191
0.01550 -0.18209
0.00000 0.00000
0.00000 0.00000
0.00867 0.38149
0.01012 0.44536
-0.21273 0.00560
0.00503 0.22114
-0.00633 0.57948
-0.31670 0.00834
-0.00325 -0.08824
-0.00221 -0.06002
-0.40297 -0.23393
0.00000 0.00000
-0.00424 0.38811
-0.13312 0.00350
-0.29821 0.14044
-0.02929 0.00077
-0.77031 0.02027
-0.00620 0.56803
0.32566 -0.11669
-0.00221 0.20265
-0.00377 0.34490
-0.23154 0.00609
0.03860 -0.00529
0.10966 -0.48860
-0.05251 0.02473
-0.36558 0.17216
0.02485 -0.11073
0.00000 0.00000
-0.00282 0.25837
-0.02836 -0.77037
0.00165 0.07250
0.32823 0.00547
0.03956 -0.17626
0.01230 0.54107
0.36265 0.16619
0.00006 0.00012
-0.09679 -0.05619
0.00000 0.00000
0.00322 0.14146
0.01420 -0.00509
-0.01546 -0.42002
0.00000 0.00000
-0.00291 0.26695
-0.11988 0.05645
0.01454 0.63987
-0.00920 0.84284
0.07539 -0.02701
-0.43829 0.01154
-0.23478 0.11057
-0.15789 -0.09166
-0.00073 0.06710
-0.00059 0.05442
-0.45961 0.01210
0.04220 -0.18801
-0.49171 0.01294
0.00000 0.00000
0.00000 0.00000
-0.13500 0.00355
-0.00088 0.08074
0.05899 -0.26281
-0.00438 0.40072
0.11413 0.00190
-0.20429 0.00538
-0.01413 -0.38370
-0.00025 0.02306
0.06170 -0.02211
-0.41013 0.01079
0.00000 0.00000
0.01704 -0.00611
-0.00090 0.08230
-0.01581 -0.42949
0.11975 0.08499
-0.00775 0.70935
-0.68079 0.01792
0.27629 0.00461
0.06847 0.03138
0.25414 0.00424
-0.10682 -0.06201
0.28265 -0.10128
0.02436 -0.28618
-0.00751 -0.20400
0.00000 0.00000
0.17098 -0.06127
0.00570 0.25067
-0.00577 0.52876
-0.01042 -0.28315
0.00000 0.00000
0.17788 -0.79254
-0.00320 -0.08692
-0.27411 -0.15913
-0.23478 0.11056
-0.32455 0.15284
-0.58668 0.01544
0.00000 0.00000
0.01749 0.76925
-0.00038 0.03499
-0.02229 -0.01294
0.51909 -0.18600
0.01238 0.54480
-0.14707 0.00387
0.00000 0.00000
0.43103 0.00719
0.00000 0.00000
0.05276 -0.42204
-0.01191 -0.32355
0.31130 0.22092
0.00000 0.00000
0.05145 0.03651
-0.31984 0.00842
0.00000 0.00000
0.09956 -0.44360
-0.03098 0.00082
0.00786 0.34597
0.00482 0.21213
-0.06531 0.00172
0.01059 0.46577
-0.01402 -0.38086
0.14245 -0.05104
-0.02436 -0.66163
0.24640 -0.03379
-0.02180 -0.59212
0.00000 0.00000
0.00000 0.00000
0.00742 0.32658
-0.02014 -0.54708
0.00964 0.42394
0.03570 -0.15905
0.13624 -0.60702
-0.02313 -0.62819
-0.00659 -0.17901
0.04071 0.00068
0.19097 -0.02619
-0.45202 0.01190
-0.46777 0.01231
-0.04395 0.00116
0.00000 0.00000
0.11695 -0.52108
0.05261 -0.61802
0.03426 -0.40246
-0.00305 0.27950
0.01060 0.46617
0.02070 -0.24317
-0.00481 0.44073
0.05105 -0.40832
-0.00871 -0.23665
-0.59705 0.01571
0.01756 0.77271
0.73484 0.01225
-0.00633 0.57928
-0.00480 -0.13029
0.23543 0.00392
0.03586 -0.15978
0.00000 0.00000
0.00000 0.00000
-0.11056 -0.02765
0.54787 -0.19631
-0.00316 0.28933
-0.35623 0.16776
-0.01232 -0.33462
0.00509 0.22398
0.03868 -0.45443
0.01060 0.46620
0.21517 0.09861
0.47480 -0.17013
-0.00232 -0.06313
-0.36071 0.16987
-0.01691 -0.45945
0.07444 -0.02904
0.02475 0.01756
0.06339 -0.74477
0.01297 -0.05778
-0.13810 -0.08017
-0.01314 -0.35694
-0.00119 -0.03236
0.44304 -0.15875
-0.04783 0.02252
-0.25163 0.00662
-0.24732 0.00651
-0.33368 0.00878
-0.34439 0.00906
0.01003 -0.04471
-0.00643 0.58923
0.19301 0.13698
0.00123 0.05419
-0.25652 0.00675
0.16878 -0.75199
-0.21991 -0.12766
0.00000 0.00000
0.23220 -0.08320
-0.38945 0.01025
0.11934 0.08469
-0.01799 -0.48876
0.02682 -0.31506
-0.00123 0.08367
0.33803 -0.12113
0.27813 0.19738
0.08655 -0.69229
-0.00087 -0.02359
-0.46274 0.01218
0.00000 0.00000
-0.39555 -0.22963
0.00000 0.00000
-0.45551 0.01199
-0.61247 0.01612
0.00000 0.00000
-0.00713 0.65344
-0.04159 -0.02414
0.00985 0.43337
-0.00871 0.79745
0.01834 -0.08170
0.04211 -0.49469
0.45832 0.00764
-0.46578 0.01226
0.01592 0.70025
-0.04633 -0.02690
0.11928 0.05466
-0.02041 -0.55439
0.04058 0.08021
0.00000 0.00000
0.00000 0.00000
-0.00347 0.31761
-0.00109 -0.02950
-0.00151 0.13792
-0.00613 -0.16663
0.07143 0.00119
0.00344 0.15113
-0.68015 0.01790
-0.04822 0.00127
0.03688 -0.43332
0.03479 -0.01247
-0.00649 0.59394
-0.00534 0.48865
0.00000 0.00000
-0.00079 0.07258
0.05112 0.10105
-0.23218 0.10934
-0.26863 0.00707
-0.77605 0.02043
-0.00408 0.37355
-0.00127 0.11639
0.07426 -0.01018
-0.16772 0.00441
0.16430 0.00274
-0.54945 0.01446
0.01069 0.47029
0.16709 0.07657
0.38484 0.00642
0.24495 0.00408
-0.00153 0.13981
0.05093 -0.59837
0.00000 0.00000
-0.00549 0.50309
-0.00274 0.18618
0.27117 0.00452
0.00955 0.41992
0.06755 0.00113
-0.02412 -0.65506
-0.02740 0.00072
-0.00080 -0.02167
-0.00494 0.45260
0.33906 0.15538
0.50007 -0.17919
-0.00519 -0.14106
0.01299 -0.05789
0.01014 0.44593
0.03792 -0.00520
-0.00288 0.00008
-0.00774 0.70890
0.00568 0.24975
0.24277 0.00405
0.00000 0.00000
-0.00546 -0.14825
0.00000 0.00000
-0.19984 0.00526
0.06933 -0.30890
-0.00329 0.30135
0.00000 0.00000
0.16243 0.07443
0.21443 -0.07683
0.10407 -0.01427
0.08152 -0.65211
-0.41832 0.19700
-0.02338 -0.63504
-0.00765 0.70035
-0.01280 -0.34761
0.01546 -0.18162
0.00000 0.00000
0.11924 -0.53129
-0.00341 0.31239
0.00000 0.00000
-0.01751 -0.47570
-0.56834 0.01496
-0.04923 -0.02858
0.00000 0.00000
0.08948 -0.39867
-0.00320 0.29324
-0.00061 0.05583
0.01040 0.45750
0.21010 0.00350
-0.29604 -0.17186
0.11579 -0.01588
-0.21822 0.00574
0.00326 0.14346
-0.23396 0.11018
-0.02266 -0.61557
-0.00313 -0.08505
0.04853 -0.38816
0.69604 0.01160
0.00000 0.00000
0.70314 0.01172
0.00000 0.00000
0.06913 -0.81210
0.02613 -0.11640
0.00000 0.00000
-0.22502 0.00592
0.00110 0.04822
-0.75418 0.01985
-0.12020 0.05660
-0.50459 0.01328
-0.00544 -0.14789
0.00190 0.08343
0.00000 0.00000
-0.00304 0.27811
-0.00445 0.40711
0.04543 -0.20241
0.00000 0.00000
-0.58199 0.01532
0.00000 0.00000
0.00175 0.07694
-0.05857 0.02758
0.00106 -0.00472
0.30840 0.14133
0.06772 0.13388
0.01507 0.66303
-0.31150 -0.18083
-0.29435 -0.17087
-0.00485 0.44421
0.01215 0.53449
0.00737 0.32444
-0.00368 0.33666
-0.00559 0.51219
0.00522 0.00370
-0.00440 0.40325
-0.05746 -0.03336
-0.52314 0.01377
-0.00770 0.70550
-0.24753 0.11657
0.00000 0.00000
-0.01912 -0.51932
0.00000 0.00000
0.00000 0.00000
-0.12860 0.06056
-0.00409 0.37415
0.00000 0.00000
0.00985 0.43334
-0.03437 -0.01995
-0.24806 -0.14401
0.26130 0.00436
0.07812 0.03580
-0.60615 0.01595
0.13168 0.09345
0.01154 0.50772
0.14949 -0.05356
0.00000 0.00000
0.00349 -0.01555
0.04936 -0.21991
0.09031 0.04139
0.00000 0.00000
-0.00043 0.03908
-0.32935 0.00867
-0.00302 0.27685
0.00000 0.00000
0.11534 -0.51389
-0.36153 0.00952
-0.25060 0.00660
0.09769 -0.43526
0.00000 0.00000
0.00000 0.00000
0.50925 -0.18248
0.00106 0.04666
0.01043 0.45898
0.00267 0.11746
0.41204 0.00687
0.00000 0.00000
0.32936 0.23374
-0.26509 0.00698
0.02828 0.01296
0.13261 -0.59085
0.49937 0.00832
0.00000 0.00000
0.07435 -0.33126
-0.00471 0.43132
0.11527 -0.04130
-0.60591 0.01595
-0.65912 0.01735
0.05056 -0.59394
-0.00402 0.36781
0.00000 0.00000
-0.37609 0.00990
-0.00626 0.57332
-0.00376 0.34470
-0.00993 -0.26982
-0.00270 0.24694
-0.00286 0.26191
-0.28531 0.00751
0.23480 0.10760
-0.00135 0.09163
-0.01109 -0.30116
0.22163 -0.07941
0.12134 0.00202
-0.00136 0.12494
0.00978 0.43013
0.34328 -0.12301
-0.01221 -0.33168
0.00000 0.00000
0.72718 0.01212
0.01452 0.63875
-0.00388 -0.10546
-0.48800 0.01284
-0.52333 0.01377
-0.31722 0.00835
0.00481 0.21140
0.56513 -0.20250
-0.00063 0.05748
0.10070 -0.03608
0.01324 -0.15550
0.01022 0.44966
-0.30484 0.00802
-0.01062 -0.28856
0.00728 0.32042
-0.00159 -0.04323
-0.37163 0.17501
0.09309 -0.01277
-0.44518 0.20965
-0.18463 -0.10718
-0.46954 0.01236
0.00000 0.00000
-0.05958 0.00157
0.55192 0.00920
0.00000 0.00000
0.02367 -0.00325
0.03436 -0.27483
-0.02991 -0.81248
0.03330 0.02363
-0.00934 -0.25361
0.01306 0.57459
0.22883 0.16240
0.27919 -0.10004
-0.02017 -0.54790
-0.00915 0.83819
0.03555 -0.41764
0.01522 0.66978
0.00744 0.32721
-0.09130 0.00240
-0.00572 0.52392
0.58016 -0.07955
-0.72045 0.01896
0.00959 0.42209
-0.76928 0.02025
-0.39595 0.01042
0.16132 -0.05780
0.02387 -0.00855
0.08118 0.05761
0.00000 0.00000
0.05992 -0.47929
0.00000 0.00000
-0.00731 0.66908
0.19850 0.00331
0.07500 0.00125
0.43794 0.31079
0.23637 -0.08470
0.38675 -0.13858
0.00902 0.39702
0.01294 -0.05766
-0.02193 -0.59553
0.35146 0.24942
-0.06863 0.03232
0.01101 0.48455
0.24385 0.17306
0.11529 -0.51369
0.50363 0.23080
0.70419 0.01174
0.01277 -0.15001
-0.02611 -0.00653
0.05161 -0.41286
-0.00446 -0.12125
-0.00843 -0.22895
0.61665 -0.22096
0.00122 0.05372
0.00243 0.10686
0.00000 0.00000
-0.00061 0.05574
0.01676 -0.07465
0.12493 -0.55661
-0.00152 0.13909
0.27097 0.19230
0.50307 -0.18026
0.02127 -0.24988
0.07166 -0.02568
0.02549 -0.11356
-0.00520 -0.14124
-0.03092 -0.83992
0.05916 -0.00811
0.00000 0.00000
0.22555 0.00376
0.09832 -0.78649
0.24952 -0.08941
0.08697 -0.38749
-0.01410 -0.38305
0.00000 0.00000
0.01214 0.53426
-0.22131 -0.12847
-0.08801 -0.05109
0.30177 -0.10813
0.00824 -0.09682
0.04202 -0.18723
0.00117 0.05160
-0.22483 0.10588
0.05976 -0.70210
0.66555 -0.09126
-0.09360 0.00246
0.00000 0.00000
0.01164 0.51227
-0.00025 0.02299
-0.01580 -0.42907
-0.38126 0.17955
0.01303 -0.00467
0.00150 0.06589
-0.31447 -0.18256
0.22038 -0.07897
0.00725 0.31906
-0.03429 -0.01991
0.00000 0.00000
0.11131 0.05101
0.43619 -0.15630
0.00202 0.08880
-0.49306 0.01298
0.20011 0.00334
0.00925 -0.10868
0.68657 0.01144
-0.00391 0.00184
0.01050 -0.08396
0.00535 -0.02386
-0.00000 0.00005
0.00378 0.16609
0.22693 -0.08131
0.00571 0.25098
0.02515 -0.29551
-0.03590 0.00094
0.10301 -0.45895
-0.51027 0.01343
-0.00317 -0.00184
-0.00236 0.21627
0.05604 -0.65834
0.26079 0.00435
-0.00871 -0.23668
0.11075 -0.03968
0.14859 0.10545
0.01393 0.00638
0.59107 -0.21179
0.00000 0.00000
0.00717 0.31536
0.06210 0.00104
-0.00165 0.15145
0.56977 0.00950
-0.17777 -0.10320
-0.27555 0.00725
-0.22896 0.10783
0.00000 0.00000
-0.27079 0.00713
-0.00745 -0.20247
-0.02202 -0.59809
0.16526 -0.73631
-0.00569 0.52111
0.22815 -0.08175
0.15509 -0.69101
0.00000 0.00000
0.00459 0.20196
0.00461 0.20293
-0.02990 -0.81226
-0.00008 -0.00214
0.00804 -0.00110
-0.14404 0.00379
0.47557 -0.17041
-0.47899 0.01261
-0.01560 -0.00390
-0.04243 0.01998
-0.35116 -0.20386
0.00000 0.00000
-0.34339 0.00904
-0.00172 0.15749
0.33271 0.00555
0.70834 0.01181
0.31933 -0.11442
0.26105 0.11963
-0.00050 0.04588
0.29330 -0.10510
0.00420 0.18476
0.04826 -0.56701
-0.00791 0.72401
0.00945 0.41556
0.10208 -0.45479
0.29523 -0.10579
-0.00567 0.51893
-0.02022 -0.54922
-0.00568 0.51994
0.00000 0.00000
0.00726 0.31918
0.00000 0.00000
-0.00696 0.63722
-0.37768 -0.21925
0.01362 0.59905
-0.06009 -0.03488
0.00000 0.00000
-0.34340 0.00904
0.02613 -0.30695
-0.26152 0.00688
0.70268 -0.09635
0.15354 0.00256
-0.27681 0.13036
0.02151 -0.25267
0.57514 -0.07886
0.01456 -0.06485
0.20412 0.14486
0.00353 0.15517
0.00664 0.29230
0.01685 0.74144
0.00990 0.43574
0.05729 -0.67305
-0.41805 0.01100
0.18030 -0.80332
0.25360 0.00423
-0.46186 -0.26812
-0.00604 0.55323
0.00089 0.03907
-0.05005 -0.02905
0.00000 0.00000
-0.00173 0.15888
0.00846 0.37217
-0.00213 -0.05775
0.54187 0.00903
-0.00612 0.56020
0.17619 0.08074
0.39885 -0.14292
0.00000 0.00000
-0.16222 0.00427
0.00000 0.00000
0.13478 0.00225
0.05606 -0.65857
-0.00758 0.69440
-0.02324 -0.63113
-0.21014 0.09896
0.48759 0.22345
-0.61974 0.01631
0.19226 0.13644
-0.01182 -0.00686
0.00560 -0.02496
0.01333 0.58635
0.53078 -0.19019
-0.00311 0.28486
-0.46584 0.01226
0.02632 -0.30922
0.01784 -0.07948
0.64795 -0.23218
0.26464 -0.09483
-0.25866 0.00681
-0.35835 -0.20803
0.00894 -0.00320
-0.00144 0.09819
0.00000 0.00000
0.28718 -0.10290
-0.00096 0.08829
-0.01447 -0.39292
0.00524 0.23037
-0.28173 0.00741
-0.15077 0.00397
-0.02381 0.00063
-0.56388 0.01484
0.05000 -0.22279
-0.15006 0.07067
0.00000 0.00000
-0.25945 0.00683
-0.33391 0.15725
0.01245 0.54776
-0.22708 0.00598
-0.29428 0.00775
-0.31859 0.00839
-0.00642 -0.17441
-0.00752 0.68865
0.00124 0.05476
-0.24202 0.11398
-0.14482 -0.08407
0.00000 0.00000
0.09329 0.04275
-0.38855 0.18298
0.63502 0.01059
0.00000 0.00000
0.01707 0.75085
0.00000 0.00000
-0.00379 0.34740
0.00000 0.00000
-0.02115 -0.57448
0.11404 0.05226
0.08895 -0.39631
-0.18805 0.00495
-0.00164 0.15047
0.35139 0.16103
0.00655 0.28810
0.13855 -0.61728
0.00000 0.00000
0.03616 -0.42486
0.13424 -0.59812
0.25796 0.18307
-0.12105 0.05701
-0.01537 -0.41754
-0.00126 0.11538
-0.00638 0.58434
-0.08199 -0.02050
-0.22050 0.10384
-0.00426 0.39038
0.00000 0.00000
-0.61662 0.01623
-0.00510 0.46675
-0.10640 -0.06177
-0.00173 0.15835
0.00000 0.00000
-0.08065 0.03798
0.13676 0.00228
0.38026 -0.05214
0.65594 -0.23504
0.00000 0.00000
-0.00365 -0.09904
0.00418 0.18401
-0.16046 0.00422
0.00000 0.00000
0.03048 0.02163
0.10772 -0.47993
-0.00392 0.35879
0.25822 -0.03541
-0.00203 -0.05508
0.06849 -0.80466
0.07750 0.03552
0.03967 -0.46601
0.39671 -0.14215
-0.11693 0.00308
-0.00526 -0.14289
0.02828 -0.12599
0.11227 -0.50023
0.00000 0.00000
-0.12079 0.00318
-0.14537 0.00383
0.00395 0.17363
0.00000 0.00000
-0.02318 -0.62956
0.00477 0.21006
-0.00996 -0.27043
0.00257 0.11322
-0.00451 0.41270
0.04639 -0.54503
-0.14644 0.00385
-0.00090 0.08250
-0.62644 0.01649
-0.00785 0.71893
0.00795 0.34974
-0.24827 0.00653
-0.46252 0.01217
-0.00258 0.23674
-0.00359 0.32897
0.54729 -0.19611
-0.00673 -0.18282
-0.00467 0.42741
0.00437 0.19240
0.00000 0.00000
-0.00694 0.63554
0.01358 -0.15951
0.09248 -0.41202
0.57784 -0.07923
0.07082 0.05026
-0.22201 0.00584
-0.00470 0.43020
0.37814 0.17329
-0.00417 0.38228
-0.00438 0.40136
0.02883 -0.01033
-0.15669 0.00412
0.00000 0.00000
-0.01682 -0.45688
0.19194 0.00320
0.01682 0.73999
0.00000 0.00000
0.00000 0.00000
-0.01955 0.00051
-0.06012 0.00158
0.03999 -0.01433
0.15970 -0.71155
-0.00460 0.42121
-0.11809 0.00311
-0.02780 0.01309
0.05347 -0.01916
0.30580 0.00510
-0.28817 0.13571
-0.00088 0.08064
0.04672 -0.20816
-0.45370 0.01194
-0.02020 -0.54877
-0.39454 0.01038
0.53459 -0.19155
0.00315 0.13874
0.13579 0.06223
0.12455 0.08839
0.00000 0.00000
0.03502 -0.15605
-0.00020 0.01793
0.01306 -0.15345
0.27027 0.19180
-0.00255 0.23324
-0.02251 -0.61144
-0.77047 0.02028
-0.02618 -0.71121
0.00000 0.00000
0.00000 0.00000
-0.66633 0.01754
0.00148 0.06503
-0.00310 0.21108
0.00000 0.00000
0.54775 0.00913
0.00839 0.36928
0.00110 0.00078
0.01558 0.68534
-0.07598 0.00200
0.03617 -0.42494
-0.27347 -0.15876
0.00329 0.00233
0.44872 -0.06153
-0.49028 0.23089
-0.00103 0.09469
-0.13633 0.00359
0.00000 0.00000
0.00549 0.24133
0.00356 0.15680
0.13581 -0.04867
0.52602 0.00877
0.07337 0.00122
0.00000 0.00000
-0.73629 0.01938
0.13211 0.00220
-0.20133 -0.11688
-0.09218 0.00243
-0.43491 0.01145
-0.02988 -0.81149
-0.00663 0.60725
0.01112 -0.04956
0.00000 0.00000
-0.00640 0.58585
0.08323 0.03814
0.00006 -0.00028
0.08192 -0.65528
0.05234 0.03714
0.17324 0.12294
-0.52790 0.01389
0.01859 0.81776
0.04657 -0.54708
0.45235 -0.16209
-0.01508 -0.00876
0.04868 0.03455
0.00000 0.00000
0.20342 -0.07289
-0.15762 -0.09150
-0.01498 -0.40684
0.03432 -0.40319
-0.00178 0.16345
-0.08518 0.00224
-0.22646 -0.13147
0.09788 -0.78295
0.00000 0.00000
-0.01983 -0.53868
-0.00718 0.65772
-0.13933 0.00367
-0.01488 0.00039
-0.00351 -0.09534
-0.08101 0.03815
0.00048 -0.00560
0.00000 0.00000
-0.00527 0.48263
0.11764 -0.52412
0.00000 0.00000
-0.03689 0.01737
-0.02585 -0.70215
0.01530 0.67302
0.39307 0.18013
-0.00285 -0.07728
-0.35066 -0.20357
0.06581 -0.52644
0.01210 -0.14213
0.04405 -0.51746
0.43948 -0.06026
-0.25894 0.12194
-0.26433 0.00696
0.01489 0.65507
-0.37814 0.00995
-0.00387 0.35449
0.20692 -0.07414
0.09171 -0.73361
-0.17161 -0.09962
0.00000 0.00000
0.00000 0.00000
-0.28254 -0.16402
0.14030 -0.62509
-0.46861 0.01233
0.07797 -0.34738
-0.00781 0.71513
0.00000 0.00000
0.00980 0.43111
0.12245 -0.04388
0.00000 0.00000
-0.02988 0.00079
0.00654 -0.02914
0.05934 -0.26439
0.06831 -0.30436
0.00429 -0.01910
-0.00885 0.81018
-0.00183 0.16800
-0.00199 0.18189
0.00187 0.08244
0.32405 0.14850
-0.01444 -0.39229
-0.11005 0.00290
0.04161 -0.18538
-0.37410 0.00985
-0.01324 -0.35951
0.00000 0.00000
0.00673 0.00011
0.00000 0.00000
-0.46920 0.01235
0.00037 0.01644
0.06429 0.02946
-0.44693 0.01176
-0.74207 0.01953
0.00408 0.17929
-0.32714 0.00861
0.00163 -0.00064
0.00403 -0.04737
0.28107 -0.10072
-0.00251 0.22985
0.00640 0.28134
0.00087 0.03819
-0.09675 -0.05616
-0.64754 0.01704
0.15284 -0.05477
0.10454 -0.03746
0.06551 -0.29188
-0.02275 0.00060
0.02917 0.00049
-0.01919 -0.52135
0.00000 0.00000
-0.38700 0.18225
0.00000 0.00000
0.00650 0.28609
0.12186 0.08648
0.38759 -0.13888
0.00000 0.00000
0.00000 0.00000
-0.00378 0.34635
-0.12217 0.05754
-0.00813 -0.22072
0.39218 -0.05378
0.09483 -0.42253
-0.01327 -0.36045
-0.33882 0.00892
0.18047 -0.80406
0.00000 0.00000
0.00000 0.00000
0.37784 0.17315
-0.14624 0.06887
0.06412 -0.28566
0.00799 0.35142
0.24272 0.11123
0.05941 -0.02129
0.08643 -0.38509
0.04925 -0.21942
0.19937 0.14149
0.01238 0.54461
-0.01652 -0.44860
0.04282 0.00071
-0.36077 0.16990
0.11150 0.00186
0.01681 -0.19748
-0.02492 -0.67690
0.01000 -0.04457
-0.00178 0.16279
0.01190 -0.05302
0.01117 0.49155
0.69027 -0.24734
-0.01692 -0.00423
-0.03692 0.01739
-0.01330 0.00035
0.14821 0.00247
0.00357 0.15703
0.00000 0.00000
-0.20111 0.00529
-0.00192 -0.05210
0.01470 0.64655
0.65815 0.01097
-0.11075 0.05216
-0.00754 0.69017
-0.00731 0.66955
-0.00181 -0.04926
-0.11832 0.05572
0.35234 0.16147
0.01598 -0.07121
0.00000 0.00000
-0.00306 -0.08318
-0.00424 0.38806
0.61874 -0.22171
0.00653 0.28726
-0.44580 0.01173
0.00798 0.35114
0.00259 0.11408
-0.07056 0.03323
-0.00701 0.64158
-0.00871 0.79785
0.01750 -0.07798
0.06658 0.00111
-0.00227 -0.06179
0.00000 0.00000
0.67649 0.01128
0.46473 0.00775
0.09460 -0.42150
0.03323 -0.00456
-0.01065 -0.28927
0.00777 -0.03464
0.01834 0.80681
-0.36856 0.17357
0.00579 0.25454
-0.00033 0.03040
0.03482 -0.40911
-0.00293 -0.07956
-0.00819 0.74979
-0.00744 0.68124
-0.15540 -0.09021
-0.00616 0.56438
0.05470 -0.24369
0.00000 0.00000
0.00000 0.00000
-0.48481 0.01276
0.03989 -0.01429
-0.01464 -0.39759
0.04527 -0.20168
-0.00001 0.00089
-0.00339 0.31002
-0.00462 0.42346
-0.12213 -0.07090
-0.26098 0.00687
-0.07396 0.03483
-0.14843 -0.08617
0.03504 -0.01367
0.01104 0.48573
0.50960 0.00849
0.00448 0.19699
0.01245 -0.14621
0.00000 0.00000
0.32575 0.00543
0.05959 -0.26549
-0.01247 -0.33868
0.00000 0.00000
-0.26717 0.00703
0.14040 -0.05031
-0.00323 -0.08776
0.01165 -0.05190
0.00000 0.00000
-0.17158 0.00452
-0.00173 0.15811
0.00000 0.00000
0.01264 0.55601
0.13612 -0.04878
0.42742 0.30333
0.01051 0.46229
-0.14525 0.06840
0.01109 0.48784
-0.20871 0.00549
0.07983 -0.35568
0.16989 0.00283
0.17684 -0.06337
0.05284 -0.42267
-0.00528 0.48397
-0.00153 0.13969
0.01064 -0.04739
-0.00327 0.29968
-0.18876 0.00497
-0.10549 0.00278
0.00388 -0.03102
0.01873 -0.08345
0.03753 -0.44092
0.67660 -0.09278
0.00000 0.00000
-0.00734 0.67202
-0.00730 0.66901
-0.16443 0.00433
0.00023 0.01005
0.52996 -0.18990
0.27397 -0.09817
-0.00858 -0.23306
0.53296 0.00888
-0.23142 -0.13435
0.25611 0.00427
0.08811 -0.39258
0.00000 0.00000
0.03871 -0.17247
0.12099 0.08586
0.00535 0.23553
0.01476 0.64939
-0.01929 0.00051
-0.05477 0.00144
-0.02873 -0.78026
0.00693 0.30469
0.37778 0.26810
0.00000 0.00000
0.22227 0.00371
0.01572 0.69140
0.00000 0.00000
0.05303 -0.23625
-0.00132 -0.03577
0.15699 -0.05625
0.02325 -0.10359
0.00203 -0.00906
-0.07631 0.00201
-0.00999 -0.27124
0.05752 -0.67570
0.01424 -0.06344
-0.19507 0.00513
0.50840 -0.06971
0.02709 0.01922
-0.47192 0.22225
-0.08494 -0.04931
-0.08206 -0.04764
-0.00526 -0.14276
0.04440 -0.01591
0.00912 0.40109
-0.58756 0.01546
0.03108 0.01424
0.01262 0.55535
0.43436 0.00724
0.00000 0.00000
0.01085 0.47714
0.33468 -0.04589
0.00517 0.22735
0.01486 0.65369
-0.02846 -0.77301
0.07642 -0.34048
0.06576 -0.29299
-0.01531 -0.41595
-0.40953 0.19286
-0.00059 0.05389
0.00000 0.00000
0.19612 0.00327
-0.00178 0.16278
0.23662 0.10843
0.00000 0.00000
0.36188 -0.12967
0.35212 0.00587
-0.57877 0.01523
-0.00348 0.31888
-0.00774 -0.21031
0.01457 -0.06489
0.29829 -0.10689
0.05341 -0.42724
-0.32725 0.00861
-0.45503 0.01198
-0.35104 0.00924
0.00859 0.37804
0.31596 0.00527
0.00787 -0.03508
0.01994 -0.08883
-0.00494 0.45206
-0.00478 0.43793
0.01570 0.69064
0.14154 -0.63061
-0.29366 0.00773
0.23565 0.00393
-0.34794 0.00916
-0.00657 0.60179
0.00303 0.13337
0.21367 0.00356
-0.01603 -0.43533
0.05033 -0.22424
0.00628 0.27628
0.00154 0.06762
-0.16840 0.07931
-0.00834 0.76371
0.01706 0.75069
-0.00458 0.41964
-0.42003 0.01106
0.00000 0.00000
0.60956 -0.08358
-0.07141 -0.04146
-0.00051 0.04668
-0.22341 0.00588
0.00587 -0.02617
0.00000 0.00000
0.51630 -0.18500
-0.66884 0.01760
0.00000 0.00000
-0.29030 0.13671
0.29177 -0.04001
-0.01127 -0.30607
-0.11161 -0.06479
0.01148 0.50491
0.00000 0.00000
0.01796 -0.21095
0.07248 -0.57978
-0.00807 0.73916
0.10877 -0.48463
-0.00230 -0.06254
-0.00843 -0.00490
-0.32900 0.00866
0.03826 -0.44954
0.25261 0.00421
0.07177 -0.84315
-0.00726 -0.19723
-0.00659 0.60398
-0.09695 0.04566
0.06880 0.00115
0.01110 0.48817
-0.66030 0.01738
0.00698 0.30725
0.06826 -0.30414
0.08415 0.00140
-0.15100 -0.08766
0.22481 -0.08055
0.02654 -0.11825
0.14229 0.10098
0.06404 -0.28535
0.07019 -0.82465
0.00686 0.30168
0.33439 0.15324
-0.04499 0.00118
0.27677 0.00461
-0.00479 0.43828
0.07528 -0.33539
0.01835 -0.21559
0.01855 0.81607
-0.25046 0.00659
0.18063 -0.80477
0.10059 -0.44818
-0.14491 -0.08412
0.01930 -0.08598
-0.01506 -0.40907
-0.00596 -0.00346
-0.00339 0.31027
-0.24704 0.00650
0.00311 0.13669
0.03655 -0.42940
0.23685 0.16809
0.14439 0.10247
-0.43764 0.20610
-0.01372 -0.37273
0.07373 -0.32849
-0.52790 0.01389
0.00233 0.10239
-0.11330 0.00298
-0.07952 0.00209
0.00000 0.00000
0.03400 -0.15146
0.64183 0.01070
0.01168 -0.13725
0.00456 0.20048
-0.16696 0.00439
0.01058 0.46548
-0.00274 0.25073
0.02510 -0.11182
-0.01310 -0.00760
0.01997 -0.23461
-0.17353 0.00457
0.20138 0.14292
-0.00357 0.32695
0.11672 -0.52004
-0.00159 0.14540
0.05709 -0.67067
-0.00144 -0.03925
0.00000 0.00000
-0.00566 0.51876
0.00897 0.39472
0.02847 -0.12684
-0.20824 0.09807
0.02646 0.00044
0.11014 -0.49070
0.24697 -0.03386
0.00432 0.18991
-0.00465 0.42629
-0.05756 0.02711
0.29443 -0.10550
-0.00184 0.16809
-0.00594 -0.00345
0.58029 -0.20793
0.35752 -0.12811
0.00000 0.00000
-0.52360 0.01378
-0.00163 0.14961
-0.00892 -0.24231
-0.00247 0.22600
0.00796 0.34997
0.16701 -0.05984
0.09148 -0.40757
0.00175 0.07717
-0.00897 -0.24367
0.00000 0.00000
0.04046 0.00067
-0.01337 -0.36322
-0.31960 -0.18553
-0.00015 0.01026
-0.01835 -0.49831
0.00278 -0.03269
-0.00205 0.18731
0.04317 -0.50711
0.53434 -0.07327
0.76557 0.01276
0.01169 0.51415
-0.34154 0.00899
0.05311 -0.01903
-0.01360 -0.36928
0.01303 -0.15307
-0.01916 0.00902
0.00694 -0.08152
-0.00447 0.00012
-0.23902 -0.13875
-0.01605 -0.43596
-0.22089 0.00581
-0.03663 -0.02126
-0.00001 0.00050
0.00000 0.00000
-0.00139 0.12759
-0.00572 0.52401
0.05448 -0.43577
0.00313 0.13763
-0.02252 -0.61172
-0.02048 -0.55619
-0.01647 -0.44725
-0.04077 0.01920
-0.01751 -0.47552
0.13637 -0.60757
-0.00765 0.70102
0.34583 -0.12392
0.00861 -0.10118
0.00754 -0.03362
-0.69337 0.01825
0.17556 -0.06291
0.02298 -0.10239
0.01196 0.52622
-0.37150 0.00978
-0.36579 0.17226
-0.26048 -0.15121
0.16122 -0.05777
-0.35009 -0.20324
-0.03305 0.00087
-0.00622 -0.16892
-0.37106 0.00977
0.00000 0.00000
0.39324 0.00656
0.58696 0.00978
0.03272 -0.38441
0.07441 -0.33154
0.00000 0.00000
0.01061 0.46686
-0.03505 0.01650
-0.00661 0.60561
-0.15090 0.07106
0.00605 0.26629
-0.18235 0.00480
0.05105 -0.59973
0.00053 0.02328
0.01885 0.82906
0.02798 -0.12464
-0.33584 0.00884
-0.00404 0.37005
0.26559 -0.03642
-0.00761 0.69662
-0.02427 -0.65928
0.37436 -0.13414
-0.08087 0.03808
0.01463 0.01039
0.18933 0.00316
-0.09693 -0.05627
-0.00647 0.59289
-0.49813 0.01311
-0.00486 -0.13201
0.74685 -0.26762
-0.00152 0.13883
-0.01556 -0.42254
0.00805 0.01591
-0.33774 -0.19606
-0.49630 0.23372
-0.00356 -0.09663
0.09292 -0.03329
0.48257 0.00804
0.18143 0.08314
0.00000 0.00000
0.00000 0.00000
0.00867 0.38141
0.00000 0.00000
0.47618 -0.06529
0.62145 -0.22268
0.28623 -0.03925
0.40519 -0.14519
0.46473 0.00775
0.56913 0.00949
-0.02268 -0.61603
-0.00202 0.18476
-0.00760 -0.20630
0.66091 -0.23682
0.10576 -0.47122
0.01379 0.60669
0.31794 0.00530
0.05717 -0.67162
0.09839 -0.03525
0.14309 -0.63754
-0.26692 0.00703
0.00000 0.00000
0.04456 -0.19853
-0.42283 0.01113
0.00000 0.00000
-0.00256 -0.00148
-0.17676 0.00465
-0.00769 0.70466
0.00000 0.00000
-0.71008 0.01869
-0.11901 0.00313
-0.02040 -0.55401
0.00192 0.08443
0.45504 -0.16305
-0.27072 0.12749
0.00000 0.00000
0.00026 -0.00310
0.08574 0.03929
0.01575 0.69270
-0.01629 -0.44250
-0.08405 0.03958
0.00104 0.04589
-0.64589 0.01700
0.24163 -0.03313
-0.01114 -0.30252
-0.12107 -0.07028
0.00640 0.28172
0.00155 0.06831
0.44298 0.00738
0.03207 -0.14287
-0.00136 -0.03695
-0.02395 0.00063
-0.00966 -0.26247
0.00000 0.00000
0.06904 0.04900
-0.00371 0.34013
0.11183 0.07937
-0.00385 0.35223
-0.12744 0.00335
0.02009 0.03971
0.00757 0.00537
0.01062 -0.12477
0.00000 0.00000
0.13483 0.06179
-0.09005 0.00237
0.19774 0.14033
0.17498 -0.77961
0.13054 -0.04678
0.07258 -0.32336
0.42813 0.19620
-0.02188 -0.59444
-0.06964 -0.04043
0.00235 0.10353
-0.00142 0.13031
0.66320 0.01106
0.44724 -0.06133
0.25611 -0.09177
-0.00822 0.75240
0.28388 0.20146
-0.15601 0.00411
0.00000 0.00000
-0.30376 0.14305
-0.01451 -0.39417
0.04316 -0.34522
0.66397 0.01107
-0.00152 0.13893
-0.23553 -0.13673
-0.19453 -0.11293
0.06418 -0.00880
-0.07616 -0.04422
0.01508 0.66350
0.09990 -0.44508
-0.00432 0.39585
0.07942 -0.35387
-0.28454 0.00749
0.15482 -0.68977
-0.07199 0.00189
-0.64120 0.01688
-0.76222 0.02006
0.09786 0.03856
-0.04246 -0.02465
-0.00036 0.02458
0.00000 0.00000
-0.57138 0.01504
0.06137 -0.27344
0.07235 -0.32237
-0.00765 0.70056
0.39295 0.00655
-0.00683 0.62568
0.00000 0.00000
0.01485 0.65340
0.00000 0.00000
0.00059 0.02591
0.05689 -0.66832
-0.00116 -0.03163
-0.57190 0.01505
0.33034 -0.11837
-0.37286 -0.21646
0.07229 -0.02590
0.17933 0.12726
-0.00339 0.31073
-0.00750 0.68714
0.06990 -0.82125
0.00000 0.00000
0.28471 0.20205
-0.67884 0.01787
0.00000 0.00000
0.00000 0.00000
0.02317 -0.10323
-0.00936 -0.25437
0.00000 0.00000
-0.06184 -0.03590
0.00000 0.00000
-0.11358 -0.06594
0.00000 0.00000
0.00990 0.43555
-0.00364 -0.09897
0.00000 0.00000
0.19948 -0.07148
0.10175 -0.45332
0.00043 0.01911
0.16969 -0.75605
0.01005 0.00017
0.00000 0.00000
-0.07344 0.00193
-0.01549 -0.42078
0.02970 -0.34894
-0.06840 -0.03971
0.03929 -0.46154
-0.26274 0.12373
0.09905 -0.03549
0.06832 -0.30439
0.00000 0.00000
0.00000 0.00000
-0.00297 0.27245
0.06451 -0.28744
-0.00621 0.56900
0.44412 -0.06090
0.07089 -0.31586
0.00904 0.39774
-0.00211 0.19362
-0.48970 0.01289
0.00000 0.00000
-0.41164 0.01083
0.01952 -0.08696
0.01293 0.56896
-0.00805 0.73766
0.00882 0.38796
-0.05500 0.02590
0.09611 -0.42822
0.00234 0.10275
-0.00036 -0.00984
-0.02805 0.00074
-0.40649 0.19143
-0.00679 -0.18443
0.00000 0.00000
0.27096 0.00452
-0.50701 0.01334
0.10230 0.04688
-0.01940 0.00913
0.08669 -0.38625
-0.00650 -0.17654
0.01072 0.47178
-0.29416 0.00774
0.04765 0.02184
0.09097 -0.40531
0.06642 -0.78031
-0.14832 0.06985
0.39299 0.27889
0.00741 -0.03302
-0.00797 0.73031
0.00282 0.12404
0.58886 -0.21100
-0.01899 -0.01103
0.00000 0.00000
0.00326 -0.03831
0.01154 0.00819
0.05475 -0.01962
0.00000 0.00000
-0.41507 0.19547
0.16557 -0.02270
0.05144 -0.22919
0.09399 0.04307
-0.43185 0.01137
0.00264 0.11628
0.05958 -0.02135
0.12393 -0.55214
0.05874 -0.69003
0.00000 0.00000
-0.00358 0.32830
0.00174 -0.00024
0.00000 0.00000
0.40516 -0.14518
0.01554 0.68373
0.07156 -0.31882
-0.00361 -0.09799
0.00000 0.00000
0.00000 0.00000
-0.22023 0.00580
-0.00535 -0.14531
-0.57925 0.01525
0.00731 0.32140
-0.00562 0.51458
0.00718 0.31582
0.05436 0.02142
-0.00567 0.51889
0.11446 -0.50995
-0.10387 -0.06030
0.01288 0.56675
0.00607 0.26711
0.00627 0.27562
0.00000 0.00000
-0.34273 0.16140
-0.02015 -0.54724
0.04445 -0.52222
-0.45748 0.01204
0.01390 -0.00498
0.21512 0.09858
0.55836 0.00931
0.00000 0.00000
0.01893 -0.22244
-0.50454 -0.29290
0.37362 0.00623
-0.00111 0.07569
0.00000 0.00000
-0.01091 -0.29625
0.00000 0.00000
-0.00903 0.82657
0.36269 0.00605
0.00000 0.00000
-0.00170 -0.04607
0.00468 0.20585
-0.06893 0.00181
-0.19709 0.09282
-0.26384 0.12425
0.00000 0.00000
0.00505 0.22226
0.00069 0.03037
-0.41015 -0.23810
-0.01997 -0.54237
0.17933 -0.06426
0.42983 0.19698
0.00591 0.25979
-0.00515 -0.13984
-0.51657 0.01360
0.07973 -0.35524
0.40251 0.00671
-0.09748 0.00257
0.00738 0.32448
-0.00042 0.03822
-0.01801 -0.48907
-0.00048 0.04395
-0.00091 0.08343
-0.10752 0.00283
0.00000 0.00000
-0.25295 -0.14684
0.12584 -0.56067
-0.66614 0.01753
0.28402 -0.10177
0.30034 0.00501
-0.02401 -0.65220
0.00463 0.20360
0.00239 -0.02812
0.00000 0.00000
0.00000 0.00000
-0.16142 -0.09371
-0.02346 -0.63710
-0.00356 0.32574
0.01028 0.00017
0.01735 0.01232
-0.79158 0.02083
0.01650 0.72599
-0.00566 0.51808
-0.31321 0.00824
0.00052 0.02279
0.22306 -0.07993
0.00408 0.17931
0.01776 -0.20868
-0.01393 -0.37833
-0.00539 0.49363
0.11608 -0.51719
0.16035 -0.05746
-0.36633 0.00964
-0.00349 0.31997
-0.00751 -0.20402
0.03746 -0.01342
-0.00694 0.63567
0.32495 0.00542
-0.07399 0.03484
0.51630 -0.07080
-0.00328 0.30064
-0.00526 0.48148
0.04116 0.02921
-0.10334 -0.02584
-0.02199 -0.59726
0.01054 0.46381
0.00000 0.00000
-0.00384 0.35141
0.01185 -0.13923
0.00166 0.07324
-0.17239 0.08118
-0.28885 0.00760
-0.02459 -0.66800
-0.44366 0.01168
-0.00412 0.37777
0.00000 0.00000
-0.00750 0.00353
0.00000 0.00000
0.00000 0.00000
-0.00613 0.56121
0.04694 -0.55143
-0.02517 -0.68380
-0.66856 0.01760
0.09305 -0.41459
-0.33854 0.00891
-0.66073 0.01739
0.00000 0.00000
-0.11661 -0.06769
0.00369 0.16241
-0.00121 -0.03289
0.00010 0.00459
0.12647 -0.56346
0.01185 0.52131
0.43169 -0.15468
0.00000 0.00000
0.00069 0.03043
-0.01060 -0.28790
-0.57493 0.01513
0.00657 0.28899
-0.00276 0.25278
0.00370 0.16279
0.13147 -0.58576
-0.58410 0.01537
0.00000 0.00000
-0.11115 0.00293
0.00192 0.08445
-0.00436 -0.11853
-0.01401 -0.38050
0.16233 -0.02226
0.00000 0.00000
0.06301 -0.74028
-0.00145 0.13269
0.11805 -0.52597
-0.64651 0.01702
-0.00353 0.32319
0.01743 0.76701
0.02308 -0.10283
-0.00912 -0.00228
0.00355 -0.00127
-0.00094 0.08591
0.06336 0.00106
-0.01734 -0.47092
-0.21192 0.00558
0.00252 -0.02956
0.17603 -0.02414
0.00176 0.07740
-0.00724 -0.19653
-0.30986 0.14592
0.11334 0.08043
-0.38088 0.01002
-0.32694 0.00861
0.00000 0.00000
-0.28229 0.13294
0.00000 0.00000
-0.00068 0.06234
-0.54053 0.01423
0.00248 0.10903
0.02180 -0.25609
-0.00247 0.22653
-0.18393 0.00484
-0.02518 -0.68393
-0.07352 -0.04268
-0.00524 0.47979
-0.00570 0.52236
-0.01055 -0.28648
0.02375 -0.00851
0.33794 -0.12109
-0.42282 0.01113
0.02275 -0.26722
0.29873 -0.10704
0.00479 0.21088
0.47033 -0.16853
-0.02047 -0.55612
-0.00289 0.26489
-0.46503 0.21900
-0.00295 -0.08013
0.32432 -0.11621
-0.00463 0.42444
0.12318 -0.54884
0.17891 0.12697
-0.29030 0.00764
0.00000 0.00000
0.00000 0.00000
-0.00875 -0.23763
-0.00641 0.58737
-0.22149 0.00583
0.36398 -0.13042
0.01688 0.74246
-0.29949 0.00788
0.12414 0.05689
-0.20739 0.00546
-0.42402 0.01116
0.00000 0.00000
0.25169 -0.09019
0.23733 0.16842
0.01256 0.55265
0.41008 0.00684
-0.00135 0.09211
-0.69927 0.01840
-0.46519 -0.27005
0.00000 0.00000
0.00000 0.00000
0.72877 -0.09993
0.00290 0.12741
-0.25163 0.00662
-0.03741 0.00098
-0.00072 0.06609
-0.37132 0.00977
-0.00479 0.43859
0.01269 0.55839
-0.01413 -0.38367
0.00011 -0.00051
0.08502 -0.03047
0.09973 -0.79773
-0.07304 0.00192
-0.00079 0.07279
-0.03025 -0.82157
0.00788 -0.00283
-0.01942 -0.52746
0.01191 -0.13986
-0.06122 0.00161
-0.25275 0.11903
0.00000 0.00000
0.20920 -0.02869
-0.00891 0.81640
0.00259 0.11415
-0.02409 -0.65423
-0.80282 0.02113
0.21782 0.15458
-0.79954 0.02104
0.38624 -0.05296
0.05286 0.10449
0.10435 0.00174
-0.00532 0.48762
-0.10669 0.05025
0.01707 0.75108
-0.00716 -0.19456
-0.43919 0.20683
0.01069 0.47021
-0.69023 0.01817
0.29271 0.20773
-0.56463 0.01486
-0.08227 0.03874
-0.00313 -0.08500
0.09605 0.06816
0.00969 0.42638
0.06054 -0.71122
-0.47928 0.01261
0.13339 -0.59433
0.04317 -0.50711
0.00000 0.00000
0.00000 0.00000
0.01748 0.76915
0.01491 0.65598
0.00694 0.30517
0.04762 0.03379
-0.00547 0.50104
0.14744 0.00246
0.34074 0.00568
0.01333 0.58623
0.00000 0.00000
0.01608 -0.18890
-0.00155 0.14158
-0.00522 0.47810
-0.00853 -0.23160
0.00000 0.00000
0.02299 -0.10242
0.01336 0.58765
0.00000 0.00000
0.14938 -0.05352
-0.22896 0.00603
-0.00400 0.36616
-0.00680 0.62249
-0.00265 0.24227
-0.04744 0.00125
0.00058 0.02534
-0.57070 0.01502
0.20165 -0.07226
0.00000 0.00000
0.01754 0.77173
0.00000 0.00000
0.22118 0.15696
0.04336 -0.34682
0.01410 0.62009
0.04095 -0.48109
0.00536 0.23590
-0.00077 0.07014
-0.00848 0.77688
0.05065 -0.22568
0.28281 0.20070
-0.00198 0.18103
-0.14224 0.00374
-0.59200 0.01558
0.00000 0.00000
-0.02131 -0.57893
-0.04418 0.00116
0.33533 -0.12016
0.09783 -0.43585
-0.22359 0.00588
-0.00584 0.53453
0.00910 0.40021
-0.00025 0.01706
0.04793 -0.56314
-0.00115 0.10559
-0.00460 0.42149
0.01181 0.51937
-0.09859 0.00259
0.24559 -0.08800
-0.00823 -0.22357
-0.51651 0.01359
-0.40763 0.01073
0.19888 0.00332
-0.01984 -0.53885
-0.02599 0.00068
0.06842 -0.80382
0.27947 -0.10014
-0.01066 -0.28945
0.07790 -0.34706
0.01509 0.66397
0.00506 0.22270
-0.27515 0.00724
-0.00569 0.52129
-0.15225 0.00401
0.01515 0.66642
0.32543 0.00542
0.00000 0.00000
0.41961 0.00699
-0.02131 -0.57881
-0.03898 -0.02263
0.00073 0.03199
0.01801 -0.08024
0.00207 0.09118
0.63375 -0.08690
-0.01207 -0.32790
0.01721 -0.07669
-0.00424 0.38846
-0.00110 0.07462
0.01306 0.57472
-0.00480 0.43952
-0.01468 -0.39862
0.12882 -0.57395
0.04317 -0.50714
0.01381 -0.00495
-0.00216 -0.05857
-0.01015 -0.27579
0.00000 0.00000
-0.24751 -0.14368
-0.00412 0.37724
-0.00385 -0.10459
0.07275 -0.32412
0.39051 0.00651
0.76295 0.01272
-0.00668 0.61135
0.13219 -0.58899
0.00000 0.00000
0.10213 -0.45505
-0.31042 0.00817
0.00000 0.00000
0.01900 0.03755
0.04458 -0.19861
0.00031 0.01344
-0.09806 0.00258
0.01769 0.77843
0.00000 0.00000
-0.00316 -0.08587
0.07106 -0.83483
0.04003 -0.47026
-0.00210 0.19229
0.24390 0.17309
-0.00153 -0.04151
-0.00424 0.38854
0.04975 -0.22164
-0.12775 0.00336
-0.00609 -0.16535
-0.03918 0.00103
-0.00588 0.53807
0.03550 -0.28396
-0.59439 0.01564
-0.27845 0.00733
0.00476 0.20948
0.01394 0.61330
0.41992 0.19243
-0.00089 0.08182
-0.45050 0.01186
-0.18559 0.08740
0.02443 -0.28698
0.61756 -0.22129
0.03584 -0.15970
-0.00235 0.16001
-0.00127 0.11674
0.06418 -0.75401
0.17943 -0.06429
-0.17216 0.00453
0.01146 0.50416
0.01576 0.69351
-0.23167 0.10910
-0.64109 0.01687
0.41684 -0.14936
0.00000 0.00000
-0.36161 0.00952
0.13888 -0.61875
-0.59762 0.01573
0.66631 -0.23875
0.01351 0.59422
0.29938 -0.10728
0.58803 -0.21071
0.44662 -0.16003
0.00164 0.07236
-0.18875 0.00497
0.07988 -0.63897
0.02984 -0.01069
-0.01714 0.00045
0.09671 -0.43090
0.00535 0.23549
-0.01437 -0.39026
0.00000 0.00000
-0.41553 0.01094
0.06764 -0.00928
-0.20968 0.00552
-0.00534 0.48879
0.00000 0.00000
-0.12562 -0.07293
-0.00288 -0.07830
0.00661 0.29061
-0.02525 -0.68580
-0.00764 -0.20759
0.00496 0.21826
0.05534 -0.44269
-0.00377 0.34556
0.00000 0.00000
0.04433 -0.19752
0.00296 -0.03483
-0.01835 -0.49856
0.00000 0.00000
-0.01592 -0.43255
-0.09096 0.04284
0.58334 0.00972
0.10884 0.04988
0.09377 0.00156
0.11439 0.00191
0.49347 -0.17682
-0.17548 -0.10187
0.00000 0.00000
0.03512 -0.15648
-0.10800 0.05086
0.00000 0.00000
0.00000 0.00000
-0.11233 0.00296
-0.01204 -0.32694
0.07300 0.00122
0.00000 0.00000
-0.06686 -0.03881
-0.14481 0.00381
0.08705 0.17208
0.01108 -0.13016
0.05330 -0.62620
0.15539 0.00259
0.02483 -0.11063
-0.20072 -0.11652
0.51553 -0.18473
-0.01318 -0.35801
-0.01576 -0.42796
0.05043 -0.22467
-0.00561 -0.15249
0.14380 0.00240
0.07926 0.00132
-0.38817 0.01022
0.00600 0.26398
-0.05943 0.00156
0.01546 0.67997
-0.04287 0.02019
-0.15962 -0.09266
0.00000 0.00000
0.13678 -0.60940
0.06113 0.04338
-0.01077 -0.29246
-0.70985 0.01868
-0.12165 -0.07062
0.08697 -0.38747
0.22755 0.16149
-0.00327 0.29977
-0.31636 -0.18365
0.04575 -0.53743
0.01766 0.77710
0.16587 -0.73902
0.10766 0.04934
-0.01084 -0.29435
-0.00738 0.67605
0.01726 0.75950
-0.00046 0.04217
0.31755 -0.04354
-0.02067 -0.56150
0.00576 -0.06767
0.70422 -0.09656
-0.00295 0.27040
-0.01594 -0.43290
0.13197 -0.04729
-0.01544 0.00041
-0.02359 0.00062
0.48432 0.00807
0.38171 -0.13677
0.00617 0.27134
0.03107 -0.13842
0.10489 -0.46735
-0.01729 0.00046
0.00591 0.26018
-0.08388 -0.04870
0.08383 -0.37350
0.17803 -0.06379
0.00000 0.00000
0.02954 -0.34701
-0.49036 0.01291
0.10008 0.07103
-0.54881 0.01444
-0.29071 0.13691
0.00587 -0.02616
0.00874 -0.03895
-0.00620 -0.16828
-0.39897 0.18789
0.44527 -0.15955
0.17220 0.12221
-0.13246 0.06238
-0.00304 0.27886
0.00233 0.10244
0.00000 0.00000
0.00000 0.00000
0.02525 -0.29658
-0.23393 -0.13580
-0.00420 0.38442
0.08534 -0.38023
0.05889 -0.26237
-0.00524 0.48032
-0.00513 0.46982
0.03456 -0.15397
-0.01291 0.00034
-0.31484 0.00829
-0.59727 0.01572
0.10770 0.07643
-0.48620 -0.28225
0.00000 0.00000
0.00000 0.00000
0.04820 0.03420
0.14694 -0.05265
-0.00668 0.61151
0.53422 0.00891
-0.01597 0.00752
0.26544 -0.03640
0.00965 0.42471
0.21537 -0.07717
0.40169 0.00670
-0.54497 0.01434
0.39611 0.18152
0.05069 -0.22583
-0.26634 -0.15462
0.03740 -0.16664
0.02685 -0.11962
0.00000 0.00000
0.24387 0.00407
-0.10422 0.04908
-0.00196 0.17948
-0.00361 0.33070
0.00000 0.00000
-0.01976 -0.53664
-0.28106 0.00740
-0.00534 0.48918
0.02508 -0.11172
-0.18954 -0.11003
-0.00429 0.39311
-0.21990 0.10356
0.05052 0.09987
0.02536 -0.29799
0.63967 -0.22921
0.00000 0.00000
0.04059 -0.32472
-0.00302 0.27648
-0.00204 -0.05528
-0.27124 0.12773
-0.07231 0.00190
-0.24665 0.00649
0.70505 0.01175
0.02460 -0.28899
-0.00000 0.00036
-0.00184 0.16844
0.38945 0.00649
0.05365 -0.00736
0.00121 -0.00537
0.01052 -0.04687
0.01814 0.00030
0.03816 -0.44836
0.00000 0.00000
0.40163 0.00669
-0.00080 0.07300
-0.00143 0.13084
-0.04665 0.00123
-0.00509 -0.13824
0.00000 0.00000
-0.01231 -0.33446
0.00000 0.00000
0.03028 0.01387
0.19095 -0.06842
0.17310 -0.77122
-0.00040 0.03646
0.42834 0.30398
-0.41490 0.19539
0.00000 0.00000
0.00043 -0.00504
0.02009 -0.08952
0.13335 -0.59414
0.01215 0.00863
0.16638 -0.05962
-0.26749 0.00704
-0.31295 0.14738
-0.00524 0.48028
0.00000 0.00000
0.00625 0.27501
0.09895 -0.44088
0.45060 -0.16146
0.00699 0.30753
0.07296 -0.32505
0.38544 -0.13811
0.05309 -0.62368
0.13677 -0.60937
-0.00003 -0.00069
0.00000 0.00000
0.00000 0.00000
0.19686 -0.07054
-0.02481 -0.67384
0.00000 0.00000
0.20562 0.00343
0.53522 0.00892
0.00000 0.00000
0.28126 -0.03857
0.00193 0.08498
-0.00488 0.44671
-0.00494 0.45246
-0.00356 -0.09658
0.01278 -0.15015
0.03060 -0.13634
-0.55803 0.01469
-0.00066 0.04464
-0.00525 0.48108
0.01104 0.48566
0.01388 -0.16306
0.00000 0.00000
0.29602 0.13566
0.00899 0.39538
-0.45865 0.01207
0.10480 -0.46691
0.34034 -0.12195
0.00298 -0.03496
0.03658 -0.16296
0.12958 -0.57733
0.00000 0.00000
0.06223 -0.73111
-0.27213 0.00716
-0.00806 -0.21893
-0.36676 0.00965
0.00000 0.00000
-0.03174 0.00084
0.02501 -0.29384
-0.00117 0.10742
0.00000 0.00000
0.36483 0.16719
-0.43524 0.01146
0.10386 -0.46273
0.00000 0.00000
-0.00011 0.01029
0.14001 -0.62382
0.07297 -0.32510
0.00113 0.04975
0.17727 -0.78982
0.00000 0.00000
0.01764 -0.07858
0.05253 -0.23403
-0.01374 -0.37325
-0.00510 0.46751
-0.13174 0.00347
0.01266 0.55698
0.05763 -0.25677
-0.35786 0.00942
0.08482 -0.37792
0.00000 0.00000
0.05765 -0.25685
0.02918 -0.34277
-0.00350 0.32048
0.01326 0.58327
0.00775 0.34094
0.00000 0.00000
-0.50132 0.01319
0.00696 0.30623
0.21402 0.15188
-0.03494 0.00092
-0.00436 0.39926
0.06789 0.03111
-0.00147 -0.03980
-0.00039 0.03582
0.03691 0.01691
-0.02609 -0.70858
0.09329 -0.03343
-0.00041 0.03756
0.00000 0.00000
0.51814 -0.18566
0.03746 -0.44010
-0.00029 -0.00793
0.00451 0.19825
-0.00447 0.40952
-0.57061 0.01502
0.01593 0.70088
-0.11064 0.00291
0.15289 0.00255
-0.00643 0.58883
0.07526 -0.33532
-0.70894 0.01866
-0.00243 -0.06591
-0.02378 0.00063
-0.49253 0.01296
-0.02396 -0.00599
-0.39397 0.01037
0.00253 0.11151
-0.38521 0.18141
-0.00582 0.53262
-0.01139 -0.30941
-0.78910 0.02077
0.00000 0.00000
-0.32807 -0.19045
0.00000 0.00000
0.32781 0.23264
0.08059 -0.35907
0.18718 0.13284
-0.00164 0.15054
0.09795 -0.43643
0.02354 -0.10488
0.03409 -0.40048
0.00489 0.21498
0.09410 0.06678
0.38619 0.17698
-0.01716 -0.46597
0.00000 0.00000
0.00007 0.00328
-0.01519 -0.41252
0.09166 -0.01257
0.00000 0.00000
-0.00058 0.05297
0.15738 -0.70119
0.00000 0.00000
0.00000 0.00000
0.02416 -0.10764
-0.00536 0.49116
0.24790 0.11360
0.15015 -0.05380
-0.59451 0.01565
0.06063 -0.27013
-0.01506 -0.40896
0.00186 0.08170
0.00114 -0.01334
0.00000 0.00000
0.06814 -0.80057
-0.42700 -0.24788
0.22440 0.10283
-0.00322 0.29498
0.00495 -0.05818
-0.13673 -0.07938
0.05039 -0.59202
-0.71789 0.01889
0.01037 0.45601
-0.54997 0.01448
0.03701 -0.16490
0.06122 -0.71920
-0.21399 0.10078
0.04779 -0.21294
0.01964 0.00900
0.49703 -0.17810
-0.00629 0.57641
0.02179 -0.09710
-0.77473 0.02039
-0.05765 0.00152
0.00000 0.00000
-0.00373 0.34202
-0.50532 0.23798
0.36720 -0.05035
-0.01027 -0.27904
-0.54798 0.01442
0.00710 0.31240
-0.00279 0.25523
-0.00112 -0.03034
0.06062 0.00101
0.05670 -0.25262
-0.00670 0.61371
0.58445 0.00974
0.00000 0.00000
0.00000 0.00000
0.18439 0.13086
0.21072 0.14954
0.00000 0.00000
-0.56764 0.01494
0.00000 0.00000
0.29186 0.13375
0.52457 -0.18797
0.00660 0.29036
0.00000 0.00000
-0.24524 0.11549
-0.27141 0.00714
-0.08942 0.00235
0.42226 0.19351
0.00000 0.00000
0.00195 0.08601
0.31090 0.22064
0.26313 -0.09429
-0.12471 0.00328
0.00897 -0.10543
-0.00329 0.30164
-0.10498 -0.06094
0.66777 -0.23928
-0.00280 0.25616
-0.00317 0.29009
0.05568 -0.24808
-0.00086 0.07835
0.27377 0.00456
0.00000 0.00000
0.03953 0.00066
0.00000 0.00000
-0.00235 0.21531
-0.00255 0.23384
0.05837 -0.26008
0.21421 0.00357
-0.09721 -0.05643
0.00000 0.00000
0.08302 -0.36991
0.02348 0.01667
-0.39420 0.18564
0.04662 -0.20770
0.00000 0.00000
-0.49658 0.01307
-0.00594 0.54415
0.00000 0.00000
-0.36245 0.17069
0.12838 -0.57201
-0.00765 0.70095
-0.00504 0.46176
-0.01668 -0.45308
0.00000 0.00000
-0.00136 0.12446
0.35582 -0.12750
0.00000 0.00000
-0.01304 -0.35417
0.01641 -0.13126
0.60201 -0.08255
0.00329 0.14483
-0.00263 0.00007
0.00770 0.33854
0.20881 0.14819
0.03761 -0.01348
0.10454 -0.46576
-0.28191 0.13276
0.52159 0.00869
-0.00316 0.28900
0.00000 0.00000
0.00566 0.24906
0.42887 0.00715
0.17916 -0.79823
0.17424 0.12365
0.13347 0.09472
-0.01731 -0.47026
-0.45356 0.01194
0.08542 0.03915
0.00000 0.00000
0.37183 0.17040
-0.02360 -0.64089
-0.36033 0.00948
-0.68140 0.01793
-0.39537 0.01041
-0.00408 0.37335
-0.58464 0.01539
0.06284 0.02476
-0.00560 0.51277
0.38171 -0.13678
0.00000 0.00000
-0.00141 -0.03824
0.29647 -0.10623
-0.00719 0.65806
-0.02638 -0.71640
-0.00557 0.51020
0.14706 -0.65522
0.00000 0.00000
-0.12916 0.06083
0.00115 0.05077
0.42782 0.00713
0.07593 0.05389
0.01231 -0.14458
0.00956 0.42036
0.03211 -0.37722
0.00365 -0.01625
0.01390 -0.00498
0.01234 -0.05498
0.00668 -0.07853
-0.02244 -0.60956
0.21479 -0.02945
-0.08176 0.03850
0.64116 -0.22974
0.03031 -0.24243
-0.04238 -0.02460
-0.55404 0.01458
0.72244 -0.25887
-0.73965 0.01947
0.09338 -0.41604
-0.00305 -0.08274
0.05015 -0.22345
-0.01512 0.00712
0.00331 -0.01474
0.01155 0.50810
-0.24879 0.00655
0.06970 -0.81883
0.01458 0.64146
-0.15010 0.00395
-0.00037 0.00018
0.06175 -0.02213
0.00270 -0.03171
0.00000 0.00000
0.09526 -0.42442
-0.00186 0.17028
-0.45850 0.01207
-0.08485 0.00223
-0.00574 0.52533
-0.20314 -0.05080
-0.01188 -0.32255
-0.00874 0.80089
-0.40516 -0.23521
0.02648 -0.31107
0.01264 0.55618
0.00000 0.00000
0.00314 0.13813
0.00000 0.00000
0.00000 0.00000
-0.00341 0.00161
-0.00653 0.59785
0.02683 0.01904
-0.26122 0.12302
0.02190 -0.09756
0.13749 -0.61259
0.00000 0.00000
0.03353 0.02380
0.00000 0.00000
0.00470 0.20668
0.07911 0.05614
0.00873 -0.10261
-0.11603 -0.06736
-0.00198 0.13451
-0.00509 0.00013
0.23347 0.10699
0.04892 -0.39132
-0.02461 -0.66846
0.00000 0.00000
0.00937 0.41232
0.08106 -0.02904
0.02238 -0.00307
0.55983 0.00933
-0.00442 -0.12015
-0.12622 0.00332
-0.17208 0.00453
-0.01658 -0.45028
0.06382 -0.28436
-0.00244 0.22359
-0.01554 -0.42205
-0.44199 0.01163
-0.12485 -0.03122
0.00000 0.00000
-0.18251 0.00480
0.03268 -0.14559
0.25877 0.11859
0.01452 -0.06468
0.00000 0.00000
-0.26145 -0.15178
0.00000 0.00000
0.00000 0.00000
-0.00556 -0.15098
0.01420 0.62458
-0.00433 -0.11749
-0.54095 0.01424
0.00000 0.00000
0.10023 -0.44658
0.11925 0.00199
-0.44052 0.01159
-0.08924 -0.05180
-0.62219 0.01638
0.01270 0.55891
0.02383 -0.27994
-0.00711 -0.19321
-0.12099 0.00318
-0.18879 0.00497
-0.00394 -0.10698
0.01761 0.77478
0.00000 0.00000
0.09920 0.00165
-0.00367 0.33596
0.29369 -0.10524
-0.06221 0.00164
0.00000 0.00000
0.02881 -0.01032
-0.00841 0.77043
0.13815 -0.61553
-0.00050 0.04534
0.00832 0.36621
0.01776 -0.14206
-0.00615 0.56305
0.05876 -0.26180
-0.00859 0.78665
-0.01095 0.00515
0.50819 0.00847
-0.00037 0.03428
-0.65638 0.01728
0.21799 0.15470
0.02473 -0.11016
-0.00122 0.00058
0.11587 -0.01589
-0.32780 0.00863
-0.00991 -0.26914
0.25599 -0.09173
0.00000 0.00000
0.00000 0.00000
-0.01862 -0.50568
-0.00125 -0.03408
-0.20487 0.09648
-0.00421 0.38520
0.27487 0.00458
-0.00728 0.66700
0.00000 0.00000
-0.31340 0.00825
-0.38385 -0.22283
-0.00439 0.40244
-0.03096 -0.84086
0.12068 -0.53770
0.37042 -0.13273
-0.22589 -0.13114
0.00000 0.00000
0.00394 0.17329
0.00000 0.00000
-0.53195 0.01400
-0.00622 0.56966
0.01214 0.53416
0.44806 -0.06144
-0.13200 -0.07663
-0.54160 0.01425
0.00000 0.00000
-0.09375 0.00247
0.01504 0.66146
0.00080 0.03511
0.14900 0.10574
0.52396 -0.18775
0.04078 -0.01461
0.00210 0.09229
0.08053 -0.35878
0.00000 0.00000
-0.00398 -0.10822
0.00474 0.20873
0.00741 0.32583
0.00994 0.43712
0.01349 0.59333
0.30635 0.00511
0.00000 0.00000
0.01225 0.02422
-0.01168 -0.31724
-0.00283 -0.07689
-0.10351 0.00272
-0.69471 0.01828
-0.00130 -0.03536
-0.01266 -0.34383
-0.41701 0.01098
0.02707 -0.12062
-0.01555 -0.42248
0.00636 0.27979
0.00765 0.33645
-0.00205 0.18813
-0.00166 0.15194
0.20225 -0.07247
0.00180 0.07931
-0.00455 0.41660
0.00000 0.00000
0.04073 -0.18148
0.00483 0.21238
-0.00112 -0.03044
-0.05261 0.00138
0.42898 0.19659
-0.14932 -0.08668
0.14908 -0.05342
0.19139 0.00319
-0.17624 0.00464
0.01038 -0.12195
-0.33928 0.00893
-0.00920 0.84220
0.00453 -0.05326
-0.00127 -0.03442
-0.00263 0.24076
-0.29445 0.13867
0.02154 -0.09597
-0.01112 -0.30197
0.00000 0.00000
-0.00838 0.76764
0.10364 -0.46175
0.10158 -0.45261
0.01955 -0.08712
0.00481 0.21181
-0.00490 -0.13299
-0.75594 0.01990
0.00000 0.00000
-0.00363 0.33209
-0.08522 -0.04947
-0.00060 0.04111
0.00000 0.00000
-0.02415 -0.65608
0.00421 -0.01877
0.00237 0.10430
-0.00173 0.15841
-0.00177 -0.04811
0.00000 0.00000
-0.01013 -0.27502
0.17911 0.12711
-0.26844 0.00707
-0.00261 0.23904
0.00000 0.00000
0.09389 0.06663
0.00629 -0.02804
-0.00177 0.16220
0.00000 0.00000
0.00000 0.00000
0.12957 -0.57729
-0.00662 0.60614
0.06268 -0.27925
-0.00467 0.42779
-0.00478 0.43743
0.00000 0.00000
0.00000 0.00000
-0.00292 -0.07927
0.36024 0.16508
0.00000 0.00000
0.05106 -0.22748
0.09396 -0.41865
-0.00229 0.20996
0.23833 0.10922
0.06070 -0.71314
-0.25556 0.12035
-0.01509 -0.40984
0.00000 0.00000
0.39272 0.00655
0.00610 0.26822
0.47564 -0.17043
0.17484 0.12408
-0.00008 0.00719
-0.00033 -0.00907
-0.18199 0.08570
0.12244 -0.54553
0.54543 -0.07479
-0.10380 0.00273
0.18871 0.13393
0.02173 -0.25526
-0.00626 0.57300
-0.38215 0.17997
0.00000 0.00000
0.00696 0.30600
0.00220 0.09677
0.00000 0.00000
0.15303 0.07013
0.45944 0.32605
-0.39055 0.01028
-0.27756 -0.16113
-0.00514 0.47109
0.07332 -0.02627
-0.11352 0.00299
0.01433 0.63028
0.24159 0.00403
0.01506 -0.06710
-0.01131 -0.30713
0.04199 -0.49334
-0.02038 -0.55345
0.09870 0.04523
0.00000 0.00000
0.32610 0.14944
-0.02155 -0.58542
-0.00549 -0.14919
0.02394 -0.28129
0.00000 0.00000
-0.04630 0.00122
0.00000 0.00000
0.00000 0.00000
0.00000 0.00000
-0.06853 0.03227
-0.67044 0.01765
-0.26984 -0.15665
0.10575 -0.03789
0.00000 0.00000
0.09889 -0.03543
0.00500 0.22017
0.00356 0.15646
-0.00045 0.03086
-0.00057 0.05251
0.03519 -0.41338
0.55590 0.00927
-0.09487 0.00250
0.00000 0.00000
0.30629 0.00511
-0.63178 0.01663
0.00000 0.00000
0.01321 0.58109
0.02365 -0.10538
0.06125 -0.27289
-0.00983 -0.26696
0.03260 -0.26079
-0.00414 -0.11252
-0.00449 0.41093
-0.29963 0.14111
0.00000 0.00000
-0.00590 0.54021
-0.28336 -0.16450
-0.21265 -0.12345
0.01489 0.65506
0.18654 0.13238
-0.00524 0.48001
-0.03778 -0.00945
-0.21339 0.10049
0.08851 -0.39436
-0.00003 -0.00094
-0.00449 0.41131
-0.01273 -0.34578
0.22158 -0.03038
0.56573 -0.20272
-0.00852 -0.23137
0.00000 0.00000
-0.47879 0.01260
-0.27625 0.13010
-0.00364 0.33320
-0.00560 0.51317
0.26852 0.00448
0.42646 0.00711
-0.00797 0.72999
0.02978 -0.13267
0.09510 -0.76073
0.04046 -0.47530
-0.00404 -0.10973
0.00441 0.19387
0.34889 -0.12502
-0.16149 -0.09375
-0.17779 -0.10321
0.00000 0.00000
-0.00241 0.22052
-0.52793 0.01390
0.01529 -0.12230
-0.21365 -0.12403
0.00971 0.42720
-0.34897 0.00918
0.02386 -0.10633
0.00000 0.00000
0.51047 0.23393
0.00000 0.00000
-0.70393 0.01853
-0.00023 0.02081
0.11446 0.00191
-0.00294 0.26924
0.12732 -0.56727
0.00000 0.00000
0.57698 0.00962
0.00883 -0.07060
0.20210 0.14343
-0.00350 0.32092
-0.56948 0.01499
0.01069 0.47039
0.00370 0.16277
0.00000 0.00000
0.22377 0.10255
0.00529 -0.04229
0.00000 0.00000
-0.03639 0.00096
0.37478 -0.05139
-0.00009 0.00831
0.00000 0.00000
0.03660 -0.42993
-0.01591 -0.00924
-0.00479 0.43900
-0.02992 0.01409
0.01123 -0.05003
-0.02482 -0.67428
0.04888 -0.21780
-0.02441 -0.66298
-0.37232 0.00980
-0.12524 0.00330
-0.50746 0.01336
0.00038 -0.00171
0.00052 0.02303
-0.00404 0.36976
0.00000 0.00000
0.09076 -0.03252
0.00000 0.00000
0.00458 0.20168
-0.33907 0.00892
-0.02993 -0.81304
-0.02252 -0.61157
-0.01847 -0.50162
0.26466 0.00441
0.10462 -0.46615
0.02488 -0.29232
-0.13945 0.06567
-0.02879 0.00076
0.04128 0.00069
-0.05969 0.00157
0.00000 0.00000
-0.22434 0.00590
0.22557 0.16008
0.03859 -0.17192
-0.18929 -0.10988
-0.00100 -0.02727
-0.72782 0.01916
-0.23066 0.00607
-0.07774 -0.04513
0.25896 0.18378
-0.00045 0.03068
0.09790 -0.43617
0.00000 0.00000
-0.12382 -0.07188
0.53306 -0.07309
0.00216 0.00428
-0.76451 0.02012
0.00659 0.29010
0.12760 -0.01750
0.34812 0.00580
-0.00231 0.21190
0.18733 0.00312
-0.11598 -0.02900
-0.41595 0.01095
-0.00644 0.58957
0.00000 0.00000
-0.01973 -0.53596
-0.23508 0.11071
0.37394 0.26537
-0.01866 -0.50684
0.01077 0.47398
0.02296 -0.18369
-0.29092 0.00766
-0.28536 0.00751
0.07152 -0.31866
-0.00448 0.41026
0.06685 -0.02395
-0.00245 0.22451
0.01173 0.51593
-0.00703 0.64429
0.00000 0.00000
0.00452 0.19898
-0.31738 -0.18425
0.13160 -0.04716
0.03009 -0.13407
-0.44047 0.01159
-0.00595 0.54517
0.05873 -0.68997
0.02423 -0.10797
-0.00524 -0.14240
0.00000 0.00000
0.00000 0.00000
-0.00045 0.04102
-0.01536 -0.41720
0.57428 -0.20578
-0.00689 0.63123
0.00000 0.00000
0.05321 -0.23707
-0.29367 0.00773
-0.00876 -0.23800
0.50464 -0.18082
0.00000 0.00000
-0.00129 0.11819
0.04872 -0.21706
0.00125 0.05479
-0.36881 0.00971
0.07686 -0.61482
-0.17150 0.08076
-0.00005 -0.00146
-0.00199 0.18237
0.27534 0.00459
-0.00486 0.44469
-0.53674 0.01413
0.07905 0.03622
-0.00541 0.49513
-0.43471 0.01144
0.06606 -0.29433
0.00931 -0.00334
0.00000 0.00000
-0.00513 0.46983
0.14938 -0.05353
-0.00594 -0.16133
0.00000 0.00000
-0.02117 -0.57493
-0.10281 0.00271
0.00000 0.00000
-0.26887 0.00708
-0.00223 -0.06047
-0.01059 0.00499
-0.42017 0.01106
0.00000 0.00000
-0.00439 -0.11913
0.38131 -0.13663
0.09119 -0.03268
0.00000 0.00000
-0.00781 0.71488
-0.20589 0.00542
0.14024 0.09953
0.01726 0.75915
-0.18203 0.08572
0.28192 0.00470
0.00398 -0.00142
0.00493 0.21698
-0.09070 0.04271
0.00000 0.00000
-0.00502 0.45946
0.65306 -0.08955
0.00560 0.24636
-0.17420 0.00458
-0.02268 -0.61611
0.02761 -0.12302
0.02081 0.00035
-0.64979 0.01710
0.01418 0.62370
0.05606 -0.44840
-0.00794 0.72732
0.44490 0.00742
-0.00059 0.05414
-0.00622 -0.00361
0.00000 0.00000
-0.11429 0.05382
0.00000 0.00000
-0.00693 -0.18825
-0.00436 -0.11845
0.00472 0.20775
-0.00352 0.32225
-0.18815 0.00495
-0.01231 -0.33438
-0.07844 -0.04554
0.00110 0.04844
-0.00160 0.14690
0.02254 -0.10041
-0.00668 0.61162
0.38819 0.17789
0.00300 0.13194
-0.20799 0.00547
0.19374 -0.06942
-0.02395 -0.65043
-0.02500 0.01178
0.00000 0.00000
-0.23692 0.11157
-0.00226 -0.06145
-0.00770 0.70483
-0.38996 0.01026
0.03547 -0.28374
0.00952 -0.07617
0.05633 -0.66181
0.54117 -0.19391
-0.00450 -0.12217
0.00910 0.40050
0.07081 -0.31550
0.11208 -0.49936
0.01694 -0.07549
-0.00016 0.01427
0.08803 -0.39221
-0.00536 0.49102
-0.29484 0.00776
0.59806 -0.08201
0.00000 0.00000
-0.10480 -0.02621
0.00000 0.00000
-0.01488 -0.40409
-0.00908 0.83182
0.31544 0.22386
-0.00754 0.69085
0.01854 -0.08261
0.03332 -0.39148
0.00000 0.00000
0.04015 0.02849
0.00330 0.14537
0.00093 0.04101
-0.24170 -0.14031
-0.46579 0.01226
0.00000 0.00000
0.00000 0.00000
-0.40424 0.01064
-0.59700 0.01571
0.13821 -0.61581
-0.29920 -0.17369
0.00539 0.23701
-0.02071 -0.56243
0.45112 -0.16164
0.10625 0.07540
-0.28076 0.00739
-0.66336 0.01746
-0.72481 0.01908
0.17767 0.00296
0.02461 -0.10966
0.00000 0.00000
-0.00056 0.05164
0.07564 0.03466
-0.03054 -0.82958
-0.02841 -0.77178
0.00187 0.08210
0.02494 -0.29304
-0.01156 -0.31402
-0.76634 0.02017
0.01279 0.56281
-0.00303 0.27775
0.00000 0.00000
-0.00830 -0.22544
0.00000 0.00000
0.00174 0.07663
-0.00506 0.46317
-0.01399 -0.38009
0.00000 0.00000
0.00491 -0.02188
0.00287 0.12629
-0.00017 0.01549
0.00184 0.08090
-0.00067 0.06109
0.67266 0.01121
-0.00719 -0.19526
-0.28942 0.00762
-0.42588 0.01121
0.00000 0.00000
-0.00627 0.57437
0.01765 -0.07866
0.06932 0.13703
-0.02194 -0.00549
0.05897 -0.69282
-0.01213 -0.32939
0.24888 0.17662
0.00350 0.15393
0.02752 -0.32337
0.64189 -0.23000
0.13410 -0.59747
0.00000 0.00000
-0.01097 -0.29783
-0.26271 0.12372
-0.00646 -0.17545
-0.01102 -0.29933
0.17563 0.12464
0.00267 0.11724
0.53607 0.00894
0.00000 0.00000
0.56833 -0.20365
-0.13445 -0.07805
0.05054 -0.59380
-0.00014 -0.00370
-0.01624 -0.44117
-0.08504 0.00224
0.00089 0.03933
0.03614 -0.16103
-0.00200 0.18273
0.01035 0.45522
-0.14434 0.00380
-0.19509 0.00513
0.00000 0.00000
0.00000 0.00000
0.09316 -0.41508
-0.26136 0.12309
-0.35224 0.00927
-0.00544 0.49781
-0.00314 0.28770
-0.01743 -0.47354
0.06218 -0.27703
0.51820 0.00864
0.00872 -0.03887
0.06975 -0.81947
-0.00416 -0.11304
-0.78841 0.02075
-0.00122 0.11218
0.31714 0.00529
-0.00128 0.11678
0.11079 0.07862
0.00000 0.00000
0.07384 -0.32901
0.02840 -0.33364
-0.03564 0.00094
-0.35391 0.00931
-0.00023 0.02118
0.00562 0.24705
0.03298 -0.14694
0.17447 0.07996
-0.00006 0.00568
0.00264 -0.02113
0.11416 -0.04091
-0.00330 -0.08955
0.00248 0.10931
-0.02202 -0.59798
0.01545 0.67982
0.02355 -0.00844
-0.00728 0.66644
0.48606 0.00810
0.00928 0.40804
0.06027 -0.02351
0.00000 0.00000
0.04993 -0.58661
-0.00125 0.11478
-0.00699 -0.18988
0.43091 -0.15441
0.69114 -0.09477
0.04306 -0.19185
0.00468 0.20575
-0.05012 0.02360
0.02315 -0.10316
0.00041 0.01782
0.10652 -0.47461
-0.00851 0.00022
-0.00212 0.19393
0.00000 0.00000
0.00000 0.00000
0.41088 -0.05634
0.02014 -0.00722
-0.00075 0.06910
0.09346 0.00156
0.02223 0.01019
-0.02343 -0.63628
0.38153 -0.05232
0.00004 0.00160
0.00383 -0.03065
0.56692 0.00945
-0.15929 0.07501
0.00000 0.00000
-0.00545 0.49877
0.16553 -0.73752
-0.62108 0.01635
0.02904 -0.12941
0.20469 0.14527
-0.15524 0.07311
-0.00275 -0.07482
0.05546 -0.65152
-0.41176 0.01084
0.31829 0.00531
0.54580 -0.07484
0.16754 -0.74645
0.06274 -0.73710
-0.21849 -0.12684
0.35260 -0.12635
0.08916 -0.03195
0.00000 0.00000
0.00000 0.00000
0.04465 -0.19896
0.00271 0.11941
-0.11999 -0.06966
-0.18638 0.08777
-0.02269 -0.61636
0.00856 0.37662
-0.07097 0.00187
-0.44012 0.01158
0.04799 -0.56377
-0.14654 0.00386
-0.00268 -0.07292
0.61219 -0.21936
-0.07097 -0.01775
0.70605 0.01177
0.01131 0.49774
-0.00808 0.73980
0.09063 -0.40380
-0.37795 0.17799
-0.01972 -0.01145
-0.48626 0.01280
0.00000 0.00000
0.44580 -0.15974
-0.41785 0.19678
0.06691 -0.53520
-0.07022 -0.04076
0.08645 0.06135
-0.02785 0.01311
-0.40421 0.01064
-0.23171 -0.05794
-0.43976 0.01157
0.00105 0.04632
0.53094 -0.19025
0.04267 -0.19012
-0.17889 0.00471
0.00000 0.00000
-0.00380 0.34778
0.00000 0.00000
0.01287 0.56623
-0.00464 -0.12606
-0.03609 0.00095
-0.25058 0.00660
-0.10728 0.05052
0.05359 -0.01920
-0.00032 0.02928
0.00919 0.01816
0.00227 0.09992
0.00565 0.24848
0.01353 0.59527
0.01533 0.67436
0.21275 0.09749
0.09342 -0.01281
0.07134 -0.83808
0.01308 -0.05828
-0.26617 0.12535
0.29831 0.21170
0.11716 -0.04198
-0.00213 0.19481
0.13996 -0.62357
0.01127 0.49564
-0.00345 0.31639
0.12165 -0.54199
0.02982 0.02116
-0.13365 0.06294
-0.00499 -0.13561
0.09231 -0.41130
0.72927 -0.26131
-0.00404 0.37010
-0.01677 -0.45563
0.00580 -0.02586
0.01227 0.53977
0.00326 -0.03832
0.11618 -0.04163
-0.25877 0.00681
0.00000 0.00000
0.02217 0.01016
0.44051 -0.15785
0.04292 -0.19123
0.00000 0.00000
0.05889 -0.26236
0.03510 -0.41241
-0.00331 0.30342
-0.01027 -0.27888
-0.01606 -0.43620
-0.00222 0.20332
-0.07576 0.03568
0.35605 0.00594
-0.00813 -0.22095
0.03817 0.02709
0.01770 -0.14157
-0.00152 0.13894
0.00760 0.00539
0.01750 -0.20563
-0.13852 0.00365
-0.06765 0.00178
-0.27879 -0.16184
0.01338 0.58858
0.01381 0.60752
0.10320 -0.01415
-0.63903 0.01682
-0.00397 0.36340
-0.29442 0.00775
-0.50511 0.01329
-0.00747 0.68443
-0.41678 0.19628
-0.00103 0.09445
-0.00686 0.62810
0.00000 0.00000
-0.38351 0.01009
0.03201 -0.37609
0.07074 -0.83107
0.04456 -0.19854
0.03635 -0.01303
0.36576 0.00610
-0.00356 0.32627
0.04096 -0.48122
-0.02634 -0.71547
-0.00868 0.79491
0.12003 -0.53477
0.02023 -0.09014
-0.00773 -0.21000
-0.00099 0.09050
-0.39350 0.01036
-0.00174 0.15962
0.42219 -0.15128
0.02152 -0.09588
-0.00689 0.63132
0.00289 0.12728
-0.09204 0.00242
0.55255 0.00921
0.00000 0.00000
0.00510 0.22421
0.04261 -0.50062
0.00976 0.42948
-0.00152 0.13945
0.65373 -0.23425
0.00056 -0.00020
-0.00308 -0.08368
0.01172 0.00832
0.04343 -0.51020
0.15341 -0.68349
-0.00003 0.00297
0.36991 0.16952
-0.16777 0.07901
0.35218 -0.12619
-0.00056 0.05090
0.00000 0.00000
0.00097 0.04267
-0.19978 -0.11598
0.10307 0.07315
0.24618 0.17471
-0.19981 0.00526
0.06909 -0.30781
0.01129 0.49685
0.00009 0.00383
0.00052 0.00020
0.06522 -0.52174
0.01726 0.75945
0.00000 0.00000
-0.21301 0.10031
0.00000 0.00000
0.00000 0.00000
-0.00055 -0.01484
0.07904 -0.35216
-0.32068 0.00844
0.01591 0.70000
-0.50040 0.01317
0.06283 -0.27995
-0.00357 0.00168
0.02658 -0.31228
0.00968 -0.04314
-0.19090 -0.11082
-0.40242 0.01059
-0.00693 0.63443
-0.01812 -0.01052
-0.01967 0.00926
-0.00328 -0.08910
0.00000 0.00000
0.01357 -0.15941
0.06675 -0.78418
0.13485 -0.01849
-0.12762 0.00336
0.01508 0.66331
0.00000 0.00000
-0.01950 -0.52970
-0.38975 0.01026
-0.72957 0.01920
-0.00436 -0.11835
-0.36693 0.00966
-0.44131 0.01162
0.29375 0.00490
0.00160 -0.01880
-0.07529 0.03545
0.44094 -0.15800
0.01661 0.73093
0.12018 -0.53546
-0.00327 0.29943
-0.14437 0.06799
0.27041 0.00451
0.00702 0.30882
0.18014 -0.06455
-0.62866 0.01655
-0.00647 0.59245
0.12751 -0.04569
-0.15823 0.07452
0.09483 0.00158
0.01017 -0.11950
0.13430 0.00224
-0.00624 0.57114
0.02750 -0.12251
0.14597 -0.65034
0.00000 0.00000
0.00595 0.26172
-0.23941 -0.13898
-0.00821 0.75184
-0.00738 -0.20038
0.05178 -0.01856
0.00000 0.00000
0.00000 0.00000
0.00000 0.00000
-0.01580 -0.42927
-0.57986 0.01526
0.00000 0.00000
0.34700 -0.04758
-0.44366 0.20893
-0.21726 0.10232
-0.00385 0.35224
0.01542 0.67858
0.17740 0.08130
0.03052 -0.13599
0.34494 -0.12360
-0.36787 0.00968
0.01827 0.80379
0.17737 0.08128
0.04679 -0.54974
0.09982 0.04575
0.00000 0.00000
0.00000 0.00000
0.02497 -0.11126
-0.00639 -0.17353
0.05502 -0.24513
0.07132 -0.83791
0.02604 -0.11601
-0.00851 -0.23121
0.00000 0.00000
-0.00005 0.00469
0.02145 -0.09558
-0.00077 0.07079
0.14919 -0.66470
0.28122 -0.03856
0.01067 -0.04752
0.09643 -0.42963
-0.01220 -0.00708
-0.00129 0.11776
0.01844 0.81107
0.00995 -0.04435
0.00000 0.00000
0.33224 -0.11905
0.16203 -0.02222
0.06321 -0.50566
-0.00293 0.26845
-0.57787 0.01521
0.00000 0.00000
-0.00090 0.08286
0.05204 -0.41624
-0.00364 0.33353
-0.01496 -0.40647
-0.19575 0.00515
0.35078 -0.12569
-0.08435 0.03973
0.11516 -0.04127
0.00000 0.00000
-0.00103 0.09423
0.00949 0.41744
-0.01771 -0.48104
-0.00282 0.25821
-0.00813 0.74435
0.11479 -0.04113
0.44539 0.20410
0.00000 0.00000
0.07581 -0.33776
-0.78220 0.02059
-0.31169 0.00820
0.04931 -0.57936
-0.00146 -0.03962
-0.01334 0.00035
0.06223 0.04417
0.00000 0.00000
0.00000 0.00000
0.38415 0.00640
0.13515 -0.01853
0.24627 0.11286
0.03637 -0.16206
0.00785 -0.00281
-0.19188 0.00505
0.01098 0.48297
-0.00768 -0.20864
0.00966 0.42486
0.00000 0.00000
-0.07096 0.00187
-0.01121 -0.30441
0.01642 0.72228
-0.13795 0.06496
0.00353 0.15537
0.10983 -0.48934
0.50276 0.00838
0.25896 -0.09279
0.00000 0.00000
0.09580 -0.01314
0.41863 0.29709
-0.00107 0.09773
0.00382 0.16825
0.01553 0.68299
-0.00359 0.32838
-0.36033 0.00948
-0.00681 0.62378
0.00594 0.26144
0.05446 -0.63981
-0.00548 -0.14876
0.00000 0.00000
0.11949 -0.53238
0.00000 0.00000
0.23972 0.17012
-0.00004 0.00331
0.13473 -0.04828
0.17662 -0.78690
0.01386 -0.16285
-0.50049 0.23570
0.00357 -0.01592
0.04509 -0.52967
0.01025 0.45088
0.00000 0.00000
0.06108 0.04335
-0.01745 -0.47389
0.00895 -0.10511
0.12824 0.09101
0.00000 0.00000
0.03785 -0.30276
0.00000 0.00000
0.02323 -0.00833
-0.09030 -0.05242
0.09385 -0.03363
0.00958 0.00680
-0.48476 0.01276
-0.09413 -0.05464
0.16361 0.07498
-0.03899 0.01836
0.00196 0.08643
-0.31132 -0.18073
0.15492 0.00258
-0.00783 0.71679
0.00850 0.00603
0.09861 -0.03533
-0.00390 0.35740
0.03319 -0.38988
-0.00362 0.33129
0.15811 -0.70444
-0.27149 0.00715
-0.07399 0.00195
0.11120 -0.49546
0.01091 0.47997
-0.07237 -0.04201
0.11247 0.00187
0.01064 0.46798
-0.07336 0.00193
0.00092 0.04055
0.15199 -0.67719
0.02963 -0.13201
-0.02060 -0.55967
-0.00956 -0.25979
0.00000 0.00000
-0.13752 0.06476
-0.34385 -0.19961
0.04371 -0.51350
-0.00283 0.25951
-0.00032 -0.00861
-0.19167 -0.11127
0.13137 0.00219
-0.00619 0.56689
0.00052 0.02286
-0.01400 -0.38029
0.01765 -0.07862
0.01036 0.45583
0.04440 0.02035
0.01292 0.56817
0.01576 -0.18515
0.01603 0.70501
-0.00265 -0.07192
0.00223 0.09828
-0.04236 0.01995
0.00422 -0.04955
0.01185 0.00020
0.00527 0.23197
-0.00245 -0.06646
-0.00844 0.77336
-0.00330 0.30218
0.01254 0.55150
0.00039 0.00018
0.00529 0.23290
0.29051 -0.10410
0.00870 0.38287
0.01814 0.79806
-0.00004 -0.00098
-0.01820 -0.49425
0.00000 0.00000
-0.00626 0.57306
-0.48071 0.01265
-0.02675 -0.72650
-0.02859 -0.77657
-0.00343 0.31408
0.04817 -0.21462
0.43556 -0.15607
-0.13781 -0.08000
0.34838 -0.04777
0.07002 -0.56014
-0.10831 -0.06287
0.00000 0.00000
0.59227 0.00987
0.00000 0.00000
-0.00185 0.16922
-0.05779 -0.03355
0.05868 -0.26145
-0.00837 -0.22726
-0.61477 0.01618
-0.01513 -0.41100
-0.00194 0.17751
-0.00740 0.67817
0.46385 0.00773
0.00105 0.04638
0.01033 0.45439
-0.78089 0.02055
-0.59546 0.01567
0.00000 0.00000
0.24884 0.11403
0.01020 0.44876
-0.19395 0.09134
-0.29228 0.13764
0.00551 0.24229
0.08211 0.03235
-0.19192 0.00505
0.01123 0.49419
-0.55461 0.01460
0.02403 -0.00937
-0.26817 0.12629
-0.02433 -0.66079
0.00000 0.00000
-0.01055 -0.28665
0.00747 -0.05979
-0.11448 -0.06646
-0.01215 -0.33011
-0.01815 -0.49293
0.00000 0.00000
0.00488 0.21465
0.18875 0.00315
0.03103 -0.24822
0.01686 0.74187
-0.09606 -0.05577
-0.00182 -0.04935
0.15519 -0.69145
-0.54001 0.01421
-0.03274 0.01542
-0.12383 0.00326
-0.05683 0.00150
-0.00757 0.69288
0.40592 -0.14545
0.00000 0.00000
-0.00488 -0.13258
0.11795 -0.52550
0.02530 -0.29726
0.11558 -0.51496
-0.00674 0.61755
-0.37569 0.00989
-0.20934 -0.05235
0.31021 -0.04254
0.06367 -0.74800
-0.01085 -0.29466
0.00000 0.00000
-0.00096 0.08766
0.00304 0.13369
-0.02494 -0.67734
-0.00270 0.24771
0.03338 0.00056
-0.00069 0.06329
-0.00327 -0.08891
0.17895 -0.79731
-0.00221 0.20253
-0.12429 0.05853
-0.01691 -0.45924
-0.00236 0.21616
-0.35934 -0.20861
-0.44590 -0.25886
0.01274 0.56067
0.01352 0.59481
0.00894 0.39343
-0.51066 0.01344
-0.11845 0.00312
-0.76920 0.02025
-0.12842 -0.07455
0.13806 -0.61514
0.21160 0.09697
0.10839 0.00181
-0.00290 0.26549
-0.00171 0.15702
-0.00146 0.13390
0.22301 -0.07991
0.01486 -0.06622
0.55207 0.00920
0.16216 -0.72250
0.10936 -0.48723
-0.00149 -0.04037
0.20684 0.14679
0.32042 -0.04394
0.27791 0.19722
0.01450 0.63797
0.10518 0.07465
-0.04157 0.01957
-0.30899 0.14551
0.42083 0.19285
-0.02184 0.00057
-0.00010 -0.00266
0.13685 -0.60971
-0.01188 -0.32255
0.25190 0.17877
-0.08295 -0.04816
-0.70533 0.01856
-0.17503 0.00461
-0.57192 0.01505
0.00700 0.30794
-0.66685 0.01755
0.37600 -0.13473
0.00000 0.00000
0.00000 0.00000
0.02684 -0.21471
0.06760 -0.79414
0.00000 0.00000
-0.00651 0.59627
0.00107 0.04712
-0.21618 0.10181
0.07007 -0.00961
0.63699 -0.08735
0.56981 -0.20418
-0.00622 0.56950
-0.00311 -0.08435
-0.25517 0.00672
0.40108 0.00669
-0.00212 0.19378
-0.04794 -0.02783
0.05555 -0.44435
0.17862 0.12676
-0.01200 -0.32603
-0.00292 -0.07930
0.00476 -0.00065
-0.00681 0.62382
0.00000 0.00000
0.00000 0.00000
-0.44120 0.01161
-0.21270 0.00560
-0.17373 0.00457
0.00000 0.00000
-0.34730 0.00914
0.00312 -0.00043
0.00000 0.00000
-0.00929 0.00024
0.00995 0.43767
0.05620 0.11111
0.01477 0.64960
-0.32827 0.00864
0.00000 0.00000
0.01698 -0.00609
0.45091 -0.16157
-0.27670 0.13031
0.04540 -0.53341
0.00000 0.00000
-0.00093 0.08484
-0.31244 0.00822
0.05524 0.02531
0.04209 -0.18752
0.35192 -0.04826
0.46784 0.33201
0.00000 0.00000
0.33501 0.00558
-0.00592 0.54232
0.30860 0.14142
-0.00380 0.25807
0.37609 0.26690
-0.49293 0.01297
-0.01094 -0.29718
-0.00213 0.19522
0.20872 0.14812
-0.00680 -0.18470
0.24059 0.17074
-0.59913 0.01577
-0.00980 -0.26610
0.04132 -0.01481
0.06242 -0.02237
-0.05534 0.00146
-0.41549 0.01094
-0.50445 0.23756
0.09815 -0.43732
-0.01389 -0.37739
-0.00089 0.06034
0.00000 0.00000
-0.65199 0.01716
-0.01231 -0.33429
0.30980 -0.11101
-0.00193 0.17675
0.01160 0.51019
-0.38552 0.01015
0.00000 0.00000
0.00000 0.00000
-0.01858 -0.50462
0.05970 -0.26600
0.01189 -0.05297
-0.24539 -0.14246
0.06280 -0.73780
0.56077 -0.20094
-0.00011 0.00993
0.04270 -0.50167
0.00000 0.00000
0.00428 0.18829
-0.01366 0.00036
-0.65484 0.01724
0.24286 0.11130
-0.02075 -0.56353
-0.00303 0.27755
0.00000 0.00000
0.00199 0.08750
-0.48420 0.01274
-0.00274 0.25101
0.13679 -0.60948
-0.00317 0.00149
-0.01243 -0.33751
0.00462 -0.03694
-0.46605 0.21948
0.04279 0.03036
-0.05385 -0.03126
-0.33774 0.00889
0.07270 0.05159
0.11009 -0.49049
0.00000 0.00000
0.05213 -0.00715
0.30125 -0.10794
0.71136 -0.09754
-0.63622 0.01675
-0.00239 0.21907
0.01404 -0.16490
0.00660 0.29041
0.00378 0.16637
-0.00025 0.02283
0.00042 0.01861
0.20168 0.00336
0.00000 0.00000
0.00000 0.00000
0.01715 -0.20145
-0.28871 0.00760
-0.00334 0.30549
-0.29819 0.00785
0.38391 -0.13756
-0.00667 0.61118
-0.00196 0.17959
0.04531 -0.20188
0.00000 0.00000
0.60743 0.01013
0.05276 0.03744
-0.00509 0.46654
0.48200 -0.06609
0.19969 -0.07155
0.17271 -0.06189
0.48920 0.00815
0.06035 -0.00827
0.00000 0.00000
-0.22381 -0.12992
-0.49613 0.01306
-0.00013 0.00006
-0.00113 0.10366
-0.16273 0.07664
0.54106 -0.07419
0.06352 -0.74627
-0.05933 0.00156
0.00684 0.30084
-0.00448 0.40998
-0.02859 -0.77661
-0.02653 0.00070
0.00000 0.00000
0.51796 0.00863
0.00000 0.00000
0.00078 -0.00911
-0.00491 0.44984
0.00000 0.00000
0.62917 0.01049
0.01061 -0.04727
0.45164 0.00753
-0.02315 -0.62889
0.03138 -0.01124
0.00843 0.37090
-0.04130 -0.02398
-0.46050 0.01212
-0.48536 0.01277
0.00000 0.00000
-0.00580 0.53085
-0.61919 0.01630
0.34066 0.24176
0.04305 -0.34433
0.01570 0.69079
-0.31505 0.14837
-0.00749 0.68616
0.05758 -0.25654
-0.64597 0.01700
-0.00043 0.03900
-0.01580 -0.42907
-0.20273 0.00534
-0.46344 0.21825
-0.25590 0.12051
0.04894 -0.21805
-0.00205 -0.05573
-0.34264 -0.19891
0.48151 -0.17254
-0.00294 -0.07984
-0.28199 -0.16370
0.06052 -0.26965
0.00184 0.08092
0.00000 0.00000
-0.57921 0.01524
0.01123 0.49421
0.22695 -0.08132
-0.46405 0.21854
-0.00749 -0.20344
-0.00079 0.07198
-0.00679 0.62146
0.01446 0.63630
0.03726 -0.16602
-0.22954 0.10810
-0.40332 -0.23414
-0.00478 0.43775
0.04261 -0.50059
0.43914 -0.15736
0.28921 0.00482
0.04044 -0.32347
0.00000 0.00000
0.00270 0.11878
-0.01704 -0.46281
0.00471 0.20727
0.03652 0.02592
-0.31447 0.00828
0.02313 -0.27179
-0.00514 -0.13956
-0.00839 -0.22783
0.01249 0.54958
-0.80207 0.02111
-0.00232 0.21260
-0.01078 -0.29292
0.04212 -0.49482
0.00000 0.00000
-0.45498 0.21427
-0.00453 0.41461
-0.14352 0.06759
0.00769 0.33832
-0.13905 -0.08072
0.01521 -0.12169
-0.02868 0.00075
0.11555 -0.51482
-0.27959 0.13167
-0.01591 -0.43223
0.30086 0.00502
-0.12639 0.05952
0.20837 -0.02857
0.61429 -0.22011
0.01463 -0.06518
-0.20005 0.00527
0.00000 0.00000
0.04010 -0.47106
-0.01772 -0.48130
0.11333 -0.50492
-0.49204 0.01295
0.02273 -0.10128
0.13619 0.09665
-0.01956 -0.53143
0.08029 -0.35774
0.01157 0.50921
0.01372 0.60357
0.49073 -0.06729
0.01032 0.45388
0.57247 -0.07850
-0.00980 -0.26606
0.31150 0.22106
-0.00329 0.30139
0.03855 -0.17175
0.00073 0.03195
-0.00553 0.50631
0.00000 0.00000
0.03166 -0.14104
0.13068 0.00218
-0.00304 -0.08248
-0.36586 0.00963
-0.00656 -0.17809
0.26442 0.00441
0.33036 -0.04530
0.07007 -0.82319
0.22526 -0.08071
0.10278 0.04710
0.00178 -0.01427
-0.00187 0.17168
0.00253 0.11126
-0.00391 0.35781
-0.64988 0.01710
-0.14637 0.00385
0.00350 -0.04114
0.01000 0.43975
-0.00013 0.01198
-0.67042 0.01765
-0.02055 -0.55822
-0.01826 -0.49591
-0.16951 -0.09840
0.05240 -0.01878
0.00000 0.00000
-0.08695 0.00229
0.00371 0.16317
0.06117 -0.27254
0.18866 -0.06760
0.08195 -0.65554
-0.48552 0.22865
-0.36959 0.00973
-0.00515 -0.13995
-0.14909 -0.08655
-0.00418 0.38289
0.56532 0.00942
-0.23821 0.00627
0.14856 -0.66192
-0.24763 0.00652
0.02889 -0.12871
0.05354 -0.23853
0.14594 0.05750
-0.00221 0.15047
0.00378 0.16647
0.08661 -0.69284
0.15727 0.11161
0.00000 0.00000
-0.00857 -0.23289
0.22282 0.00371
0.00000 0.00000
0.16272 0.00271
0.00000 0.00000
0.02607 -0.30623
0.04036 -0.17981
-0.00514 0.47087
-0.00431 0.39462
0.00000 0.00000
-0.00060 0.04053
-0.35424 -0.20565
-0.01898 -0.51555
0.00000 0.00000
0.01773 0.77978
-0.02380 -0.64644
-0.00721 0.66026
-0.00275 -0.07470
0.00000 0.00000
0.04292 -0.19122
-0.03559 -0.02066
-0.00378 0.34590
-0.04109 -0.02385
-0.20171 0.00531
-0.28975 0.00763
-0.06471 -0.03757
-0.00481 0.44077
0.49781 -0.17838
-0.00486 -0.13202
0.01339 0.58927
-0.00138 0.12671
0.16151 -0.02215
-0.14784 0.00389
0.02934 -0.01145
0.16029 0.11375
-0.24669 -0.14321
-0.59206 0.01558
0.02649 -0.21191
0.00000 0.00000
0.00000 0.00000
0.32625 -0.11690
0.10972 -0.48885
0.25249 -0.09047
-0.32739 0.00862
0.03854 -0.17171
-0.10692 -0.06207
-0.00298 0.27255
-0.19902 0.00524
0.05355 -0.42839
-0.00502 -0.13648
-0.00268 0.24557
0.00000 0.00000
-0.00629 0.57652
0.00000 0.00000
0.00985 0.43354
0.49166 0.00820
0.67017 -0.24014
0.03359 -0.00461
-0.58229 0.01533
-0.07361 0.00194
0.05768 -0.02067
-0.43213 0.01137
-0.44906 0.01182
0.01604 0.70551
0.20456 0.14517
0.19323 0.00322
0.54290 0.00905
0.00003 0.00136
0.00515 0.22651
0.07514 0.14854
0.01025 0.45085
-0.00271 0.24825
0.00083 -0.00371
-0.00595 0.54496
0.06567 -0.77150
0.00000 0.00000
0.05986 -0.26672
-0.00097 0.00046
-0.00428 0.39169
0.16846 -0.06036
0.00000 0.00000
0.34477 -0.12354
0.00858 0.37766
0.00000 0.00000
-0.00564 0.51636
-0.00945 -0.25660
-0.00192 0.17573
0.00089 0.03903
-0.00030 -0.00824
-0.43529 0.20499
-0.00674 0.61693
0.05423 0.03849
-0.01429 -0.38803
0.00123 0.05422
0.15480 -0.68971
0.00000 0.00000
0.09994 0.07093
0.00000 0.00000
0.01708 0.75132
-0.00468 0.42883
0.00000 0.00000
0.17234 0.00287
-0.00389 0.35639
-0.00206 0.18877
-0.49701 0.01308
0.68575 -0.09403
0.00402 -0.04720
-0.00438 0.40097
0.04957 -0.22087
-0.00010 0.00945
0.07548 0.00126
0.00354 0.15565
-0.02087 -0.56697
0.07662 0.03511
-0.00606 0.55493
-0.00865 -0.23500
0.01983 -0.08835
-0.00272 0.24936
0.01458 -0.17134
0.00452 0.19899
0.26881 -0.09632
0.02255 -0.26497
-0.11788 0.00310
-0.04086 -0.02372
0.26939 0.12345
0.14098 0.06461
-0.00021 0.01909
0.00000 0.00000
-0.00808 0.73976
0.32804 0.00547
0.00000 0.00000
0.01068 0.47001
0.36212 0.25699
-0.43817 0.01153
0.00000 0.00000
0.00000 0.00000
0.09927 -0.44227
-0.00287 0.26310
0.01164 0.02300
-0.01399 -0.37991
-0.33290 0.00876
0.06324 -0.02266
0.00000 0.00000
0.01561 -0.00214
0.65933 0.01099
0.07881 -0.35113
-0.00587 0.53805
0.60871 -0.08347
-0.00273 0.24997
0.00000 0.00000
-0.18040 0.00475
-0.21469 0.00565
0.02992 -0.35152
0.18863 0.08644
-0.07012 -0.04071
0.08972 0.04112
-0.00962 -0.26141
0.24563 -0.03368
0.00000 0.00000
-0.13202 -0.07664
-0.01733 -0.47067
0.00000 0.00000
0.00817 -0.03639
0.00000 0.00000
-0.00053 0.04856
0.12685 -0.56517
-0.45507 0.21431
-0.31418 0.00827
0.29923 0.00499
0.01709 0.75177
0.04437 0.08772
-0.00427 0.39147
0.01233 0.54228
0.00329 -0.02630
0.10273 -0.03681
-0.39641 0.01043
0.07832 -0.34894
-0.00508 0.46511
0.20210 -0.07242
-0.21740 -0.05436
0.06677 -0.53409
-0.41888 -0.24317
0.09262 -0.41265
-0.19280 0.00507
-0.39829 0.01048
-0.12089 0.05693
-0.28220 0.13290
0.00024 0.01045
-0.07492 0.00197
0.16025 -0.71398
-0.01213 -0.32960
-0.14832 0.00390
0.05594 0.02204
-0.00094 0.08625
-0.00499 0.45669
-0.03179 0.01497
0.01003 -0.04470
0.00000 0.00000
-0.00746 -0.20253
-0.00843 0.77213
-0.35594 0.00937
0.05867 -0.68929
-0.25482 -0.06372
0.22263 -0.07977
-0.00670 0.61379
0.23837 -0.08541
-0.12896 -0.07487
0.26736 0.18974
-0.08663 0.00228
0.04661 -0.54764
-0.00457 0.41876
0.03725 -0.43762
-0.46619 0.21955
0.00612 0.26906
-0.56484 0.01487
0.01503 0.66113
0.06773 -0.79571
-0.22929 0.10798
-0.02768 -0.75189
0.00246 -0.02892
0.01373 0.60405
-0.64307 0.01693
-0.48057 0.01265
-0.00539 0.49408
-0.63904 0.01682
0.37219 -0.13336
-0.48573 -0.28198
0.06605 -0.29426
0.00000 0.00000
0.00441 0.19415
0.19361 -0.06937
-0.03886 0.00102
-0.20848 0.09818
-0.51311 0.01351
-0.00534 -0.14495
0.00967 0.42534
0.00879 0.38657
0.26786 -0.09598
-0.00439 0.40221
-0.00110 0.10045
0.10966 -0.48858
0.05861 0.04159
-0.00024 0.01602
0.09079 -0.03253
-0.00392 0.35882
0.00000 0.00000
-0.00221 0.20211
-0.12755 0.00336
-0.01503 -0.40834
0.00000 0.00000
-0.00405 0.37075
-0.00428 0.39232
-0.76548 0.02015
-0.00447 0.40982
0.00734 0.32306
0.07415 -0.33036
0.50423 -0.18068
-0.00053 0.04884
0.27400 0.00457
0.63024 -0.22583
0.00000 0.00000
0.00000 0.00000
0.14962 0.10618
-0.32336 -0.18772
-0.14420 -0.08371
-0.51616 0.01359
0.01196 0.52629
0.03405 -0.39998
-0.00158 0.14434
0.00000 0.00000
0.00094 0.04135
0.00000 0.00000
0.32756 -0.04492
0.05160 -0.22990
0.00000 0.00000
0.60070 0.01001
0.53782 -0.19271
-0.37140 0.00978
-0.00603 0.55251
-0.00273 0.25045
0.03628 -0.42627
-0.60167 0.01584
0.03140 -0.36886
0.39097 0.00652
0.00000 0.00000
0.25650 0.11754
0.50065 0.00835
-0.00833 -0.22623
0.18955 -0.06792
0.07164 -0.31918
0.36605 -0.13116
0.03123 -0.13913
0.16857 0.07725
0.00916 0.40292
-0.00350 -0.09520
0.22768 -0.08158
-0.66766 0.01757
-0.00193 0.17718
0.01077 0.47362
0.00000 0.00000
0.20991 -0.07522
0.05006 -0.58807
-0.50201 0.23642
-0.09852 -0.05719
0.01420 0.62448
-0.21283 0.00560
0.04560 -0.36477
0.00000 0.00000
0.00000 0.00000
-0.00456 0.41803
0.00000 0.00000
0.18434 -0.02528
-0.03386 0.01595
-0.00506 0.46374
0.11685 -0.52061
0.12741 -0.56769
0.00000 0.00000
-0.48751 0.22959
-0.10997 0.00289
0.02380 0.00040
-0.36504 0.17191
-0.00984 0.00026
-0.58429 0.01538
0.00000 0.00000
-0.00097 0.08838
0.12996 0.05956
-0.00394 0.36091
0.17488 -0.02398
0.00000 0.00000
-0.00446 -0.00259
-0.27552 0.12975
0.00972 0.42766
0.25318 0.00422
0.00351 0.15429
0.01452 -0.17061
-0.33689 0.00887
0.00081 -0.00360
0.00000 0.00000
0.01013 0.44578
0.01415 0.62264
0.03785 -0.16864
0.00956 -0.11228
0.07000 -0.31187
-0.67458 0.01775
-0.00236 -0.00137
0.02659 -0.11847
-0.00212 0.19419
0.21334 -0.07644
0.02744 -0.21954
0.62289 -0.08541
-0.12512 -0.03129
0.31346 0.22245
0.09668 -0.03464
0.00000 0.00000
-0.02660 -0.72238
0.00445 0.19566
-0.03288 -0.01909
0.01192 0.52425
-0.25948 -0.15064
-0.00623 0.57035
-0.00498 0.45564
-0.13095 -0.07602
-0.00111 0.10153
-0.22508 0.00592
0.40214 -0.14409
-0.00253 0.23194
-0.03079 -0.00770
0.39256 0.00654
-0.22886 0.00602
-0.00277 0.18811
-0.18188 0.08566
0.00000 0.00000
0.02744 0.00046
0.01976 -0.15805
0.20998 -0.07524
0.05877 0.00098
0.00205 0.00146
0.19536 -0.02679
-0.00362 0.33186
-0.49091 0.01292
0.08670 0.06153
0.00000 0.00000
-0.00230 -0.06255
0.05603 -0.24964
0.26049 0.11938
0.01198 0.52692
0.00000 0.00000
-0.02785 -0.75640
0.00426 0.18742
0.00318 0.14006
0.00000 0.00000
-0.00426 0.38982
-0.00104 -0.02818
-0.00426 0.39017
0.07055 0.05006
0.00000 0.00000
0.00000 0.00000
-0.07343 0.00193
0.38982 -0.13968
-0.17747 0.00467
0.00000 0.00000
0.58244 -0.20870
-0.00479 0.43908
0.01270 0.55877
-0.21097 0.00555
0.34326 0.24360
0.00000 0.00000
-0.21025 0.00553
0.28866 -0.10344
0.00000 0.00000
0.00000 0.00000
-0.01672 -0.45415
0.03612 -0.00495
0.09155 -0.40788
-0.00185 0.16977
-0.00637 -0.17294
0.00128 0.05643
0.10051 -0.03602
0.57240 0.00954
0.06936 -0.30903
0.00000 0.00000
-0.00611 -0.16595
-0.00513 0.46950
-0.00680 0.62301
0.06839 0.00114
0.00000 0.00000
0.00000 0.00000
-0.00068 0.06253
0.02637 -0.11750
0.06077 -0.71396
0.00494 0.21736
-0.37553 0.17685
0.06534 0.02994
0.01528 0.67230
-0.06689 0.03150
0.00000 0.00000
-0.00334 -0.09065
0.00793 0.34898
0.37673 0.26736
-0.74630 0.01964
-0.00283 -0.07697
-0.59542 0.01567
0.02118 -0.16940
0.19195 -0.06878
-0.00636 0.58293
-0.08488 -0.04927
0.01015 -0.04522
-0.00017 0.01162
0.00446 0.19612
0.01458 -0.11663
-0.00198 0.18105
-0.51999 0.01369
-0.67750 0.01783
0.12137 -0.54076
0.00000 0.00000
0.05048 -0.22490
0.01169 -0.13728
0.00000 0.00000
0.00000 0.00000
0.08839 -0.39383
0.04850 -0.21608
0.15577 -0.05582
-0.15832 0.07456
0.06622 -0.52971
0.05822 0.04131
0.57701 0.00962
-0.46462 0.01223
0.00982 0.43186
0.01617 -0.07203
-0.19362 -0.11240
0.05825 -0.68433
0.26224 -0.09397
-0.34201 -0.19854
-0.00277 0.25329
0.00749 0.32954
0.39763 -0.14248
0.01407 0.61890
-0.00133 -0.00077
0.00546 0.24026
-0.16966 -0.09849
0.05441 -0.24240
0.02960 -0.13187
0.06167 -0.49333
0.00470 -0.05520
0.03837 -0.17095
0.17142 -0.02351
0.00628 0.27637
0.03575 -0.15929
-0.01190 -0.32330
-0.00451 0.41299
0.00000 0.00000
0.56105 -0.20104
0.06130 0.02809
0.00000 0.00000
-0.00293 0.26865
0.00981 0.43169
0.44184 -0.06059
-0.54556 0.01436
0.07808 -0.62460
-0.00270 0.24755
-0.00016 0.01475
-0.01499 -0.40712
0.00000 0.00000
-0.05881 0.00155
0.00000 0.00000
0.02804 0.01285
0.24647 0.17491
0.01378 0.60622
-0.33956 -0.19712
0.03992 0.01829
-0.16525 -0.04132
-0.00075 0.06873
0.00000 0.00000
-0.00869 0.79557
0.00000 0.00000
0.04531 -0.53229
0.01109 0.00437
0.00088 0.03866
-0.00252 -0.06836
-0.32562 0.00857
-0.41388 0.19491
0.17189 -0.02357
0.00491 0.21613
0.01416 0.62286
-0.01221 -0.33161
-0.42665 0.20093
-0.32931 0.00867
0.00451 0.19858
-0.10423 0.00274
0.06301 -0.28075
0.00000 0.00000
0.53402 0.00890
0.14645 -0.65249
0.01359 0.59805
-0.60589 0.01595
0.01806 0.79452
0.21707 0.00362
0.18014 0.00300
-0.00453 0.41493
-0.62385 0.01642
-0.00276 0.25235
0.09658 -0.03461
0.00691 -0.05525
0.22983 0.00383
0.18688 0.08564
0.08380 -0.01149
-0.05404 0.02545
0.00140 -0.00625
-0.02154 -0.58494
-0.03221 0.00085
-0.44506 0.01171
-0.00032 0.02962
-0.13190 0.00347
-0.00948 -0.25753
-0.01581 -0.42947
-0.61555 0.01620
0.04297 0.08495
-0.01477 -0.40109
-0.00907 -0.24625
0.00000 0.00000
-0.00609 0.55803
0.54932 0.00916
0.31358 0.00523
-0.00058 0.05274
-0.00125 0.11431
-0.15358 0.00404
-0.01105 -0.30015
0.00000 0.00000
-0.00129 -0.03497
-0.68205 0.01795
0.00000 0.00000
0.00782 0.34392
-0.00676 0.61917
0.04464 -0.52447
-0.09655 0.00254
-0.38548 0.01015
-0.01859 -0.50503
0.04443 -0.52193
0.00000 0.00000
-0.00040 0.03675
-0.13523 -0.07850
0.07876 -0.35090
-0.30850 0.14529
0.00816 0.35902
0.00000 0.00000
-0.00129 0.08804
0.19216 0.00320
0.00664 0.29205
-0.56840 0.01496
-0.00979 -0.26578
0.55710 -0.07639
0.01435 -0.11476
-0.51578 0.01358
0.00000 0.00000
0.00000 0.00000
0.15549 0.00259
0.02363 -0.27761
0.00200 0.08820
-0.01337 -0.36317
-0.00555 0.50823
0.07017 -0.82440
0.01934 0.00886
0.08520 0.00142
-0.00557 -0.15118
0.09774 -0.43548
0.14257 -0.05109
-0.01539 -0.41790
0.02828 -0.33229
-0.00553 0.50683
-0.00329 0.30158
-0.00186 0.17044
-0.33132 0.00872
-0.01029 -0.27962
0.49576 0.00826
-0.00040 0.03679
-0.00906 -0.24622
0.00080 0.03510
0.00691 0.30388
-0.00495 0.45350
0.42812 0.19619
0.00000 0.00000
0.24688 0.11314
-0.00493 0.45124
0.00939 0.41311
-0.00143 -0.03877
0.57679 -0.20668
0.07732 -0.34451
0.04706 -0.01686
0.00000 0.00000
0.07026 0.13890
0.00000 0.00000
0.00757 0.33295
-0.00353 0.32312
0.33438 0.23730
0.00397 0.17478
0.39132 0.17933
0.32270 -0.04425
-0.31564 0.14865
-0.67505 0.01777
-0.40235 0.01059
-0.00746 0.68367
-0.31250 0.14717
-0.05100 0.02402
-0.00154 0.14083
0.00000 0.00000
0.00000 0.00000
-0.00520 0.47582
0.00000 0.00000
0.10327 -0.03700
-0.00377 -0.10247
0.00163 0.07179
-0.31955 0.00841
0.01640 0.72128
0.05902 -0.02303
0.02600 -0.30541
0.05559 0.03945
-0.00172 0.15724
0.13371 -0.01833
0.00422 -0.00151
0.44554 -0.15965
-0.01352 -0.36722
0.00000 0.00000
-0.00149 0.13641
0.00476 0.20935
-0.31777 0.14965
0.23527 0.10781
0.14298 0.10147
0.03861 -0.45359
0.00000 0.00000
0.00000 0.00000
0.07457 -0.33225
-0.00415 0.38011
0.36893 -0.05059
0.00000 0.00000
0.00000 0.00000
0.00594 0.26153
-0.00608 0.55698
0.00000 0.00000
0.08069 0.05727
-0.00070 0.06438
-0.00003 0.00283
-0.28490 0.13417
0.04358 -0.19418
0.31827 -0.11404
0.32183 -0.11532
0.62041 0.01034
0.01191 0.52410
0.36794 0.16862
-0.00286 -0.07765
-0.00419 0.38359
0.00000 0.00000
-0.06384 0.03007
-0.12047 0.05673
0.19047 0.13517
0.00276 -0.01230
0.69313 0.01155
-0.22925 0.00603
-0.00160 0.14617
-0.07605 -0.04415
-0.01200 -0.32588
0.30132 -0.04132
-0.67410 0.01774
0.06285 -0.02252
-0.17172 0.00452
0.31110 -0.11147
0.00000 0.00000
0.00234 0.10302
-0.00042 0.03848
-0.20754 0.09774
-0.34981 0.00921
0.04582 -0.20414
0.00000 0.00000
0.50860 -0.06974
0.00930 0.40918
-0.30214 0.00795
0.08588 -0.03077
-0.00295 0.27023
0.01048 0.46093
0.52079 0.23866
-0.22532 0.00593
0.64107 -0.22971
-0.38834 0.01022
-0.00477 0.43699
0.55975 -0.20057
0.02788 -0.32753
-0.00747 0.68431
0.00000 0.00000
-0.00072 0.06569
0.05475 -0.64325
-0.00220 0.20154
0.02411 -0.10743
0.23532 0.00392
-0.02361 -0.01371
-0.01230 -0.33419
-0.33813 0.00890
0.28959 -0.03971
0.22084 0.15673
0.00223 0.09827
0.02184 -0.09731
0.22909 0.00382
0.00000 0.00000
0.06925 -0.30854
-0.00232 -0.06308
0.33858 -0.12132
-0.01835 -0.49843
0.00000 0.00000
0.11235 -0.50057
0.00000 0.00000
0.54771 -0.07510
0.20188 0.14327
-0.00006 0.00592
-0.48234 0.01270
0.01146 0.50430
-0.00030 0.02710
-0.00014 -0.00377
0.04436 -0.19764
-0.01789 -0.48595
0.05837 0.11538
-0.27231 0.00717
0.00000 0.00000
0.03194 -0.14230
0.41697 0.29591
0.01772 0.77973
0.01040 0.45736
-0.01364 -0.37036
-0.07475 0.00197
0.00000 0.00000
-0.01761 -0.47823
0.06881 -0.80835
0.00748 0.32920
0.00000 0.00000
-0.00825 -0.22413
0.13638 -0.04887
0.00000 0.00000
0.01475 0.64867
0.00000 0.00000
-0.22586 -0.13112
0.01372 0.60357
-0.00196 0.17939
0.15986 -0.05728
-0.00617 0.56545
0.01726 0.75916
0.08288 -0.36928
0.00444 0.19545
-0.00385 -0.10446
-0.00009 0.00862
-0.01109 -0.30133
-0.29902 -0.17359
-0.33479 0.00881
-0.12219 0.00322
0.34934 -0.04790
0.16831 -0.06031
0.31668 0.00528
0.02218 -0.26063
-0.70825 0.01864
0.04145 -0.33154
-0.60881 0.01602
0.20061 -0.07188
0.00671 -0.07879
0.00000 0.00000
0.00501 0.22019
0.26878 0.00448
-0.04384 0.02065
-0.50259 0.01323
0.03688 0.07292
-0.30733 0.00809
0.00000 0.00000
0.00000 0.00000
0.10736 -0.47833
0.00861 0.37891
0.01007 0.44299
-0.02348 -0.63771
0.01272 -0.05667
0.05101 -0.00700
0.16315 -0.72691
-0.00283 0.25913
-0.00079 0.07232
-0.00323 -0.08774
-0.00803 -0.00201
0.01225 -0.14391
-0.02667 -0.72451
0.57308 -0.20535
0.00000 0.00000
0.00320 0.14069
0.00000 0.00000
-0.16053 0.00423
0.01398 -0.16428
-0.22157 0.00583
0.34709 0.00579
-0.00056 0.05132
0.27948 -0.10014
0.01401 0.61649
-0.02993 0.01409
0.10047 -0.03600
0.21724 -0.07784
-0.00339 0.31007
0.00000 0.00000
0.52695 -0.18882
-0.00557 0.51042
-0.22782 0.00600
0.15682 0.11129
-0.00380 -0.10309
-0.66937 0.01762
-0.01058 -0.28750
0.00000 0.00000
0.01865 0.82058
0.10201 -0.45448
0.00000 0.00000
0.03776 0.02679
0.10031 0.04597
0.01883 0.82848
0.00889 -0.03963
-0.03981 0.01875
-0.00182 0.16651
-0.42033 0.01106
0.00000 0.00000
0.02835 -0.33304
0.00000 0.00000
0.00260 0.11432
0.01438 0.63246
-0.43089 0.01134
0.01317 0.02604
0.16140 -0.71912
-0.00407 0.37238
-0.20679 0.09739
-0.07172 0.03378
0.18745 -0.06717
0.00000 0.00000
0.00000 0.00000
0.08646 0.17092
0.05362 -0.23890
-0.01306 -0.35472
-0.23264 0.00612
0.21645 -0.07756
0.03586 -0.15977
-0.27762 0.13074
0.00627 0.27589
0.43815 0.00730
-0.23293 0.10969
0.03597 -0.28775
0.04612 -0.20549
0.00000 0.00000
0.11987 0.05493
0.00000 0.00000
0.01093 0.48081
0.01301 0.57215
0.01103 0.48537
-0.23920 0.00630
-0.00718 -0.19504
0.13823 -0.01895
-0.00118 0.10813
0.00906 -0.04038
0.00000 0.00000
-0.53817 0.01416
0.00720 -0.08464
0.00000 0.00000
0.01873 0.82391
0.49803 -0.17845
-0.31592 0.00832
0.08778 0.04023
-0.00716 0.65572
0.40361 0.00673
-0.00681 0.62379
0.00818 0.35967
0.07571 0.00126
-0.00628 -0.17063
-0.42648 0.01122
0.01137 0.50001
0.00105 0.04606
0.07047 -0.82791
0.00000 0.00000
0.00000 0.00000
-0.28571 0.13455
0.48191 -0.17268
0.13695 0.00228
-0.00654 0.59856
-0.43786 0.01152
0.06229 -0.73175
-0.01178 -0.31998
-0.36303 0.00955
-0.00335 0.30650
0.00362 0.15928
0.18667 0.00311
-0.10212 0.00269
-0.00411 0.37596
0.05959 -0.70013
-0.12726 0.05993
-0.59874 0.01576
0.62183 0.01037
0.29540 -0.10585
-0.00120 0.11020
0.01439 0.63318
0.50086 -0.06868
0.63656 0.01061
-0.57112 0.01503
-0.39658 -0.23022
-0.03063 -0.83211
-0.02285 -0.62061
0.14987 0.00250
-0.01581 -0.42933
0.01240 -0.05527
-0.00313 0.28625
-0.01185 0.00031
0.01682 0.73981
0.39687 -0.14221
-0.00241 0.22047
0.00000 0.00000
0.00000 0.00000
-0.13309 -0.07726
0.00138 0.06065
-0.00129 0.11832
0.01379 0.60663
-0.65335 0.01720
0.70072 0.01168
0.16386 -0.73009
-0.01488 -0.40425
-0.68612 0.01806
0.03183 0.01459
0.21173 0.15026
0.35388 0.00590
0.17105 -0.02346
-0.00021 0.01921
0.03090 -0.13770
0.05396 -0.63398
0.29330 -0.04022
-0.01782 -0.48403
0.00000 0.00000
0.00037 0.01622
-0.01156 -0.31400
-0.00456 -0.12380
-0.00312 -0.08465
0.04109 -0.32866
0.05746 -0.25600
0.00000 0.00000
0.00000 0.00000
-0.00047 0.04338
-0.35767 0.00941
-0.00390 0.35751
-0.27418 0.00722
-0.01096 -0.29773
0.00572 0.25144
0.00000 0.00000
-0.00524 0.00014
0.00000 0.00000
0.19069 -0.06833
0.18419 0.08441
0.00000 0.00000
0.01066 0.46885
0.03301 -0.14708
-0.00600 0.54907
-0.20765 -0.12055
0.08129 -0.36219
-0.30695 0.00808
-0.14254 0.00375
0.00000 0.00000
0.27243 -0.09762
0.18864 0.13387
0.14905 0.10578
0.15425 -0.68725
-0.35033 0.00922
0.00000 0.00000
-0.45975 0.01210
0.00347 0.15271
0.07974 -0.01093
-0.00267 0.24461
0.34427 -0.12336
0.34244 0.00571
0.25599 0.18167
0.00774 -0.09096
-0.00040 0.03695
-0.00674 0.61715
0.00515 0.22638
-0.00329 -0.08940
-0.24264 0.11427
0.05517 -0.24581
0.27186 -0.09742
0.27760 0.00463
-0.45977 0.01210
0.00000 0.00000
0.07771 -0.34625
0.45300 0.00755
-0.25089 0.11815
0.16577 -0.73859
-0.30337 0.00798
0.04634 -0.20644
-0.18637 0.00491
-0.49655 0.01307
0.01615 -0.18968
-0.15951 0.00420
0.06450 0.02956
-0.00702 0.64308
0.06561 -0.77076
-0.65488 0.01724
0.00000 0.00000
-0.00388 -0.10539
0.03175 -0.14146
0.23379 0.00390
0.06999 -0.31185
-0.00344 -0.09339
-0.03602 0.00095
0.02872 -0.33736
-0.70159 0.01847
-0.00735 0.67292
-0.01005 -0.27297
0.06979 -0.31096
0.00000 0.00000
0.31118 0.00519
-0.00104 0.09494
-0.00351 0.32126
0.11431 -0.50929
0.00000 0.00000
0.00014 0.00606
-0.58325 0.01535
0.00482 0.21207
-0.00452 0.41369
-0.01910 -0.51870
-0.00085 -0.02304
0.36011 0.16502
-0.09826 0.04627
0.01596 -0.18754
-0.61804 0.01627
-0.03358 0.00088
0.04519 0.03207
-0.40455 0.01065
0.70970 0.01183
-0.39098 0.01029
0.00170 0.07458
0.00000 0.00000
0.29498 -0.10570
0.41621 0.00694
-0.70002 0.01842
0.03594 -0.16012
0.00000 0.00000
0.25036 -0.08971
0.29890 -0.04099
-0.00798 0.73075
-0.14660 0.06904
-0.04656 0.00123
0.00000 0.00000
0.27328 0.00456
-0.00435 0.39858
-0.36465 0.00960
-0.00403 0.36880
0.00000 0.00000
-0.38037 0.01001
-0.25244 -0.06313
-0.60667 0.01597
-0.00303 0.27722
0.03587 0.00060
-0.00425 0.38913
0.14078 0.00235
0.08953 -0.39887
0.00966 0.42479
-0.00084 0.07690
0.35088 0.00585
-0.27353 0.00720
-0.00692 0.63382
0.00397 -0.01770
-0.00207 0.18937
0.05729 -0.25523
0.00801 0.00013
0.00000 0.00000
-0.03480 0.00092
-0.00763 0.69919
-0.02066 -0.56122
0.00176 0.07755
-0.01206 -0.32757
-0.00541 -0.00314
-0.00444 0.40645
0.62720 -0.08600
-0.00063 0.04250
0.00424 0.18663
0.00376 0.16526
-0.10141 0.00267
-0.00604 0.55323
-0.35090 0.00924
0.01186 0.52187
-0.00760 0.69644
-0.41343 0.01088
-0.19865 0.00523
-0.01284 -0.34868
0.00000 0.00000
-0.00016 0.01503
-0.02579 -0.70063
0.00467 -0.00064
0.04981 -0.58521
-0.02252 -0.61164
0.00000 0.00000
0.21330 0.00356
0.04686 -0.55051
0.01329 0.58461
0.34043 0.00567
0.00000 0.00000
-0.00290 0.26514
0.08155 -0.36335
-0.00344 0.31534
-0.00148 0.13588
0.02846 -0.12679
0.72357 -0.25927
-0.00906 0.82990
-0.45653 0.01202
-0.63873 0.01681
0.31021 0.22014
-0.12552 -0.07287
-0.13073 0.00344
0.18438 -0.06607
0.07518 -0.02694
0.03422 -0.15248
0.75608 -0.10367
-0.00327 -0.08872
0.00343 -0.04029
-0.05629 0.00148
0.51547 -0.18471
-0.70874 0.01865
-0.13029 0.06136
-0.00848 0.77698
0.00339 0.14920
-0.07340 -0.04261
-0.00400 0.36654
-0.00184 -0.05000
0.00322 -0.03787
0.00347 -0.01546
0.38139 0.00636
0.05114 -0.22783
-0.00582 0.53272
0.03498 -0.41093
0.01062 0.46725
-0.22396 0.10547
0.37505 -0.13439
-0.00018 -0.00495
0.25245 0.00421
-0.02363 -0.64178
0.04837 -0.21550
0.36457 -0.13063
0.03782 -0.16851
0.18164 0.08324
0.11711 -0.52176
-0.00333 0.30484
0.01042 -0.04641
-0.11957 0.00315
0.14679 -0.02013
0.00000 0.00000
0.00400 -0.01782
0.37789 -0.13541
0.33114 0.15175
0.00000 0.00000
0.02994 0.00050
-0.00801 0.73378
0.04909 -0.21870
-0.00534 0.48950
-0.02209 -0.60007
0.49539 -0.17751
0.00000 0.00000
0.04354 0.00073
0.00000 0.00000
0.17354 -0.77321
-0.01725 0.00812
0.00000 0.00000
0.11375 -0.50680
0.00000 0.00000
-0.43204 0.20346
-0.03501 0.00092
0.01173 0.51607
0.00624 0.27466
0.00000 0.00000
0.00584 0.25697
0.03798 -0.44615
0.05225 -0.61388
-0.02838 -0.77091
-0.00742 0.67976
-0.00430 -0.11692
0.12394 -0.55219
-0.12426 -0.03107
0.58830 -0.08067
-0.00258 0.23668
0.00000 0.00000
0.01793 0.78868
-0.16076 -0.09332
0.15260 -0.67990
0.21647 0.15363
-0.33452 0.00880
-0.50551 0.01331
-0.01334 -0.36225
-0.00099 0.09022
-0.75100 0.01977
0.01641 -0.19280
0.02355 0.00039
0.05912 -0.02119
-0.64711 0.01703
-0.11522 -0.06689
0.00000 0.00000
-0.00367 0.33611
-0.00772 0.70719
-0.48605 0.01279
0.00000 0.00000
0.22986 0.16312
0.00000 0.00000
-0.15633 0.00411
-0.00734 0.67196
0.18585 -0.06660
-0.26015 -0.15102
0.05307 -0.23646
0.46617 0.33083
0.23256 0.16504
0.08382 0.05948
-0.00779 0.71338
0.04408 -0.19639
-0.07525 0.00198
-0.24250 0.11420
0.63439 0.01057
-0.01100 0.00029
-0.02108 0.00055
0.07145 -0.83944
0.09045 0.06419
0.00000 0.00000
0.04913 0.03487
-0.00108 0.09935
0.00752 0.33092
-0.34666 -0.20124
-0.00341 0.31195
0.10973 -0.48889
-0.17732 -0.10294
-0.00047 -0.01281
0.09223 -0.03305
0.00000 0.00000
0.08418 -0.37504
0.03656 0.02595
0.04876 -0.21724
0.09934 -0.44262
0.00352 0.15465
0.03002 -0.35271
0.03741 0.02655
0.00000 0.00000
-0.04268 -0.02478
0.00000 0.00000
0.01078 -0.04804
-0.01012 -0.27480
0.04139 -0.01483
-0.25112 -0.14578
0.05081 -0.22636
-0.00467 -0.12680
-0.00156 0.10576
0.00774 0.34049
-0.12923 0.00340
-0.02620 -0.71169
-0.02349 -0.63798
0.00000 0.00000
-0.40187 0.18925
0.00718 0.31585
0.02491 -0.29259
-0.56665 0.01491
-0.00323 0.29539
0.11216 -0.49973
-0.01630 -0.44282
0.63396 -0.22716
0.00109 0.04813
-0.56623 0.01490
-0.00545 -0.14792
-0.33008 0.00869
-0.07948 0.00209
-0.62267 0.01639
0.00475 0.20890
-0.00312 0.28609
-0.02551 0.00067
-0.44161 0.01162
0.09889 -0.79104
0.00654 -0.02913
0.01368 -0.16077
0.04617 0.01819
-0.00116 -0.03155
-0.18987 0.00500
0.00389 0.17108
0.00000 0.00000
-0.01504 0.00040
0.08894 -0.39628
-0.00058 0.05274
-0.10393 -0.06033
-0.21773 0.10254
-0.32209 0.00848
-0.22056 -0.12804
-0.06195 -0.03596
0.00000 0.00000
0.00585 -0.02607
-0.01121 -0.00651
0.00000 0.00000
-0.00608 -0.16510
-0.52575 0.01384
-0.00177 0.16234
0.01733 -0.20359
-0.08882 -0.05156
0.01068 0.46996
0.09086 0.00151
-0.00023 0.02148
-0.00636 0.58267
-0.00370 0.33886
0.27250 -0.03737
-0.02444 -0.66392
-0.00442 0.00012
0.03652 -0.42906
0.00202 0.08883
0.00000 0.00000
-0.61092 0.01608
0.00134 0.05884
-0.26789 -0.15552
-0.19532 -0.11339
0.02320 -0.18557
-0.00088 -0.02380
-0.00406 0.37154
0.00000 0.00000
0.00870 -0.10221
0.36828 -0.13196
0.00329 0.14466
-0.00739 0.67636
-0.00758 0.69381
0.00000 0.00000
0.00000 0.00000
0.01325 0.58283
0.00000 0.00000
0.00608 0.26763
0.00000 0.00000
-0.00938 -0.25490
-0.28827 0.00759
-0.00212 0.19377
0.00000 0.00000
0.59632 0.00994
-0.00780 -0.21188
-0.02045 0.00054
0.00000 0.00000
0.16466 -0.73363
0.11690 -0.52083
0.46178 0.21162
0.01252 0.00574
0.57227 -0.20506
0.08930 0.00149
0.38060 -0.13638
-0.00150 0.13736
0.04191 -0.33525
-0.00085 0.07739
-0.02281 -0.61970
-0.00014 0.01248
0.00000 0.00000
0.00949 -0.04227
-0.02534 0.00067
0.01541 0.67771
0.01422 0.62552
0.00000 0.00000
-0.03783 0.00100
0.00000 0.00000
0.00339 0.14923
0.01573 0.69184
0.34636 -0.04749
0.70942 0.01183
-0.32135 0.00846
-0.33262 0.15664
0.37596 0.00627
-0.02293 -0.62295
0.00919 0.40430
-0.67784 0.01784
0.25658 0.18209
0.40937 0.00682
0.02433 0.01726
0.01704 -0.20023
0.00432 0.18986
-0.00443 0.40555
-0.20398 -0.11842
-0.33657 -0.19539
-0.43766 0.01152
0.00000 0.00000
0.00000 0.00000
-0.00040 -0.00023
0.02455 -0.28837
0.04758 0.01875
0.26981 -0.03700
0.41253 -0.14782
0.08722 -0.03125
0.00011 0.00495
0.00161 0.07084
-0.07168 -0.04161
-0.01529 -0.41531
-0.61106 0.01608
0.00072 0.03181
0.00000 0.00000
-0.00278 -0.07561
0.03083 -0.13734
-0.08870 0.00233
-0.02884 -0.78342
-0.13658 0.00359
0.03347 -0.00459
-0.08527 -0.04950
0.00138 0.06073
0.52226 -0.18714
0.25006 -0.08960
-0.00213 0.19531
0.26179 -0.09381
0.45246 -0.16213
-0.00596 0.54546
0.00000 0.00000
0.00000 0.00000
-0.00592 0.54259
0.00317 0.13963
0.17773 0.12613
-0.19287 0.00508
-0.50752 0.01336
-0.34003 0.00895
0.00729 -0.08568
-0.06249 0.02943
0.00000 0.00000
-0.00169 0.15445
0.08405 -0.67231
0.00398 0.17499
0.01577 -0.18525
-0.55721 0.01467
-0.47948 0.01262
0.02561 -0.20486
-0.34688 0.00913
-0.00196 0.17914
-0.00907 0.83035
0.02013 -0.16105
-0.00569 -0.15461
-0.11956 0.05630
-0.09925 0.04674
-0.16455 0.00433
0.02891 -0.01036
-0.52586 0.01384
0.00000 0.00000
0.01022 -0.04555
0.01120 0.49275
-0.01276 -0.34650
-0.00270 0.24716
0.16731 -0.05995
-0.25195 -0.14626
-0.00858 -0.23293
-0.00893 0.81791
0.07493 -0.33386
0.29856 0.00498
0.00282 0.12390
0.60134 -0.21547
-0.02410 -0.01399
-0.00284 -0.07724
0.15563 -0.69339
-0.17721 -0.10288
-0.00489 0.44805
0.00000 0.00000
0.15806 0.07244
-0.00192 0.17577
0.00000 0.00000
0.00611 0.26876
-0.00500 0.45758
0.00000 0.00000
0.01341 0.58973
-0.11777 0.00310
0.67536 -0.09261
-0.37335 0.00983
-0.35650 0.00938
0.14029 0.09956
0.64135 0.01069
-0.00920 0.84272
0.29767 -0.10666
0.35421 0.00590
0.01490 0.65547
-0.00312 0.28533
0.00029 0.01294
-0.00499 0.45707
0.00905 0.39793
0.18880 -0.06765
0.02667 0.00044
-0.00329 0.30155
0.00949 0.41738
0.02621 -0.00939
0.07207 -0.32110
-0.37818 0.17810
0.00000 0.00000
0.00000 0.00000
0.10986 -0.48947
-0.01718 -0.46671
0.01366 0.60115
0.49573 0.00826
0.00919 0.40436
0.02195 -0.25790
-0.00057 0.05255
-0.00652 0.59748
0.28747 -0.10301
0.49185 0.00820
-0.00665 0.60918
-0.00277 0.25401
0.00000 0.00000
-0.01277 -0.34694
-0.00236 0.21644
-0.10159 -0.05898
-0.00549 0.50299
-0.00270 -0.07345
0.00050 0.00036
0.00000 0.00000
-0.42702 0.20110
-0.00602 -0.16348
-0.21248 0.00559
-0.18924 0.08912
0.01731 0.76159
0.04040 -0.18001
0.00832 0.36623
-0.00118 -0.03202
-0.36082 0.00950
0.03930 -0.31437
0.00000 0.00000
0.20013 -0.07171
0.15149 -0.05428
-0.41846 0.01101
-0.06977 0.03286
0.00000 0.00000
-0.52763 0.01389
-0.00540 0.49455
-0.00278 -0.07544
0.00000 0.00000
0.15751 0.07218
0.21432 0.15210
0.00333 0.14645
0.14730 -0.65629
-0.00501 0.45924
0.00000 0.00000
-0.23265 0.00612
-0.13601 0.00358
-0.19065 -0.11068
-0.26443 0.00696
-0.00712 0.00019
-0.00714 0.65379
0.00000 0.00000
0.00000 0.00000
-0.01519 -0.41246
0.15737 0.11168
-0.45698 0.01203
0.00083 -0.00975
-0.00048 0.04396
-0.01027 -0.27894
0.07657 -0.61247
-0.02194 -0.59591
0.03171 -0.25366
0.08905 0.06320
0.00000 0.00000
0.00000 0.00000
-0.25527 0.00672
0.00072 0.03158
0.00000 0.00000
0.00852 0.37487
-0.00354 0.32424
0.01115 0.49059
-0.00498 0.45593
0.13878 -0.04973
0.00918 0.40370
-0.29820 0.00785
0.00281 -0.03302
-0.01266 -0.34394
-0.00678 0.62084
-0.31714 -0.18411
0.01376 -0.06131
0.18871 -0.06762
-0.00134 0.09085
-0.00247 0.22619
0.00549 -0.02447
0.05784 -0.46269
-0.00118 -0.03199
-0.02447 -0.66473
0.00891 0.39213
0.18016 -0.02470
0.15786 -0.70332
0.06046 -0.26936
0.04908 -0.00673
-0.01462 -0.39713
-0.07366 -0.04276
-0.00431 -0.11715
0.00718 0.31578
-0.10649 0.05015
0.00500 0.21995
0.33235 0.00554
0.13107 0.06006
-0.00593 -0.16102
0.30645 -0.10981
-0.71476 0.01881
0.06409 -0.75299
0.00000 0.00000
0.03341 0.02371
0.10800 -0.01481
-0.23350 0.10996
-0.41156 0.01083
0.03141 -0.25127
-0.23454 0.00617
-0.05409 0.00142
-0.00616 0.56394
-0.00085 0.07757
0.01491 0.65600
0.01854 0.81569
-0.00848 -0.23027
0.29681 0.00495
-0.13204 0.06218
0.18803 -0.02578
0.00000 0.00000
0.01541 0.67809
0.06814 0.13471
-0.61553 0.01620
-0.00465 0.42567
0.53239 0.00887
0.00000 0.00000
-0.00111 0.10165
0.05204 -0.01865
-0.07564 0.00199
-0.00061 -0.01658
0.54705 0.00912
-0.00659 0.60395
0.17970 -0.80065
-0.40867 0.01076
0.00000 0.00000
-0.20934 0.09858
0.04115 0.02920
0.00226 0.09942
-0.14594 -0.08472
0.07041 -0.02523
0.10524 -0.46888
0.03053 0.00051
0.00875 0.38490
-0.09275 0.04368
0.07500 -0.33416
0.00000 0.00000
0.08385 -0.03004
0.00136 0.05997
0.01123 0.49382
-0.00191 0.17509
0.13609 -0.60632
-0.00038 -0.01033
0.00329 0.14489
0.14764 -0.65780
0.01240 0.54566
0.00694 0.30536
0.02430 -0.10829
0.00000 0.00000
0.11739 -0.04206
0.00818 0.36007
0.00000 0.00000
0.01333 0.02635
0.00000 0.00000
0.00000 0.00000
-0.30685 0.00808
-0.02002 -0.54388
-0.00108 0.09919
0.10338 -0.46060
0.00437 -0.05133
-0.19206 -0.11150
0.00769 0.33844
-0.00350 -0.09504
0.12234 -0.04384
0.00470 -0.02093
0.00721 0.31736
-0.02171 -0.58974
-0.25672 0.12090
0.11201 -0.04013
0.00065 0.02841
0.00168 -0.00747
0.00466 0.20519
0.00000 0.00000
0.01836 -0.21568
-0.00383 0.35037
0.03786 0.02687
-0.54990 0.01447
0.00129 0.05687
0.04005 -0.47046
-0.01939 -0.52672
0.00000 0.00000
0.04512 -0.20104
-0.00201 0.18451
0.01188 0.52281
0.01575 0.69309
-0.02241 0.01055
-0.01260 -0.34211
0.00856 -0.00307
0.12565 -0.55982
-0.00101 -0.02737
-0.48936 0.01288
0.15533 -0.69204
0.05679 -0.00779
-0.36120 0.00951
0.00000 0.00000
-0.21547 0.00567
0.03301 -0.14709
0.03838 -0.17098
-0.01091 -0.00634
0.07213 -0.32139
-0.07876 -0.04572
0.00225 0.09903
0.00000 0.00000
-0.23576 0.00621
-0.00943 -0.25601
-0.00295 0.26978
0.34077 0.00568
-0.00423 0.38699
0.16435 -0.05889
0.04711 0.02159
-0.26838 0.00706
0.05090 -0.22677
-0.09967 0.04694
0.44481 -0.15939
0.11032 -0.03953
-0.00283 0.25933
0.00000 0.00000
-0.25375 -0.14731
0.09750 -0.43440
-0.27725 0.13056
0.03521 -0.28163
0.00000 0.00000
-0.00114 0.10404
-0.11450 -0.02863
0.58073 -0.20809
0.01336 0.58778
0.00958 0.42157
-0.00083 -0.02254
0.03428 -0.40268
0.04018 -0.01440
-0.21911 0.00577
0.02867 0.02034
-0.27153 0.00715
0.05506 -0.64684
-0.01999 -0.54298
0.00014 0.00613
0.00338 0.14875
-0.12795 0.00337
0.04997 -0.58711
0.00000 0.00000
0.12446 -0.55452
0.05235 -0.61503
0.72540 0.01209
-0.00745 0.68274
-0.20232 0.09528
0.00681 0.29965
0.03878 -0.01513
0.19750 -0.07077
-0.00786 0.72007
-0.01334 0.00035
-0.16769 -0.09735
-0.29595 0.13938
-0.61632 0.01622
0.00000 0.00000
0.01136 -0.09087
-0.00060 0.05533
0.24092 0.00402
-0.02564 -0.69657
0.00000 0.00000
0.15472 -0.68935
-0.19325 -0.11219
-0.59460 0.01565
0.00000 0.00000
0.00000 0.00000
-0.00197 0.18075
0.08710 -0.38807
-0.00792 -0.21510
0.00393 0.17309
0.47684 -0.17086
-0.00449 0.41109
-0.41684 0.01097
0.00000 0.00000
-0.20907 0.00550
0.00000 0.00000
0.35527 0.16281
-0.37929 0.00998
0.00247 0.10848
0.00847 0.37247
0.00000 0.00000
0.06842 -0.80377
-0.00684 -0.18587
-0.00201 0.18454
0.29658 0.00494
0.03329 -0.39111
0.02741 -0.21925
-0.07334 0.00193
-0.00190 0.17389
0.17563 0.12464
0.01867 0.01325
-0.19059 0.00502
0.05861 -0.68854
-0.00879 -0.23875
0.30443 -0.10908
0.14836 -0.66099
0.00301 -0.01341
0.05095 -0.22700
0.02300 -0.27024
0.04233 -0.18860
-0.00282 0.25828
0.03339 0.00056
0.02223 -0.17784
0.11303 -0.04050
-0.01629 -0.44246
-0.01579 -0.42896
0.03439 -0.01232
-0.04797 0.00126
-0.07458 0.00196
0.04416 -0.51879
-0.12250 0.00322
0.00000 0.00000
-0.20820 -0.12087
0.09279 0.06585
0.11640 -0.51860
0.54409 -0.19496
0.02486 -0.11075
-0.23873 0.00628
0.02359 0.01081
0.03228 -0.25825
0.00000 0.00000
0.00448 0.19717
0.00000 0.00000
-0.00279 0.25513
-0.13769 0.06484
0.01316 -0.00472
0.00000 0.00000
-0.34511 -0.20034
-0.00556 0.50935
0.32081 0.14702
0.22258 0.10200
0.04540 0.03222
0.00642 -0.07539
0.00504 0.22192
0.05527 -0.44214
-0.00346 0.31650
-0.35601 0.00937
0.16049 -0.02201
-0.00210 0.19238
-0.27715 0.00729
0.00019 0.00814
0.00000 0.00000
-0.54944 0.01446
-0.00737 -0.20017
-0.55470 0.01460
-0.00587 0.53737
0.00000 0.00000
-0.00191 0.17490
0.00000 0.00000
0.23230 0.00387
-0.00470 0.43084
-0.07555 0.00199
0.00743 -0.03309
-0.00182 0.16680
0.00000 0.00000
0.16980 0.00283
0.01798 0.79117
-0.00234 0.21405
-0.21402 0.00563
0.02742 -0.12219
-0.00051 0.04696
0.03353 -0.26820
0.03758 -0.16742
0.02994 -0.13341
0.00000 0.00000
0.26149 0.11983
-0.02788 0.01313
-0.00638 0.58424
0.05873 0.00098
-0.20528 0.00540
-0.31766 0.14960
-0.44178 0.01163
-0.40438 -0.23475
0.00218 0.09604
-0.00809 -0.21979
0.00000 0.00000
0.00000 0.00000
0.00140 0.06170
0.00000 0.00000
0.08601 -0.03082
0.00000 0.00000
-0.00287 -0.07796
-0.11055 -0.02764
-0.43276 0.01139
-0.00582 0.53287
-0.00050 0.03377
-0.00562 -0.15271
0.00348 -0.02784
0.00000 0.00000
0.00000 0.00000
-0.00771 -0.20938
0.00500 0.21995
0.00000 0.00000
-0.00781 -0.21206
-0.13895 -0.08067
0.00000 0.00000
0.05424 -0.24167
0.48883 0.22402
-0.13061 0.00344
0.18523 0.13146
-0.00243 0.22271
0.04312 -0.50663
-0.00485 0.44401
-0.44226 0.01164
0.00728 -0.08556
-0.00088 0.00041
-0.15010 -0.08714
0.06208 0.04406
0.00192 0.08438
-0.00563 0.51568
0.00000 0.00000
-0.00848 0.77644
-0.44319 0.01166
-0.37109 0.00977
-0.00957 -0.25995
0.00308 -0.03617
0.41451 0.00691
-0.61725 0.01625
0.02500 -0.29368
0.00000 0.00000
-0.00519 0.47558
0.18813 0.08621
0.00000 0.00000
0.02506 -0.11164
0.00000 0.00000
-0.03303 0.00087
0.31491 -0.04318
0.00025 0.01117
0.62188 -0.22283
-0.00602 0.55116
0.03669 -0.16347
0.09720 0.06898
-0.66122 0.01740
-0.25667 0.00676
0.01018 0.00401
0.01814 0.79821
-0.51031 0.01343
0.07816 0.00130
-0.22778 0.00600
0.23548 0.00393
0.08967 -0.39950
0.01116 0.49078
0.04615 -0.54222
0.00000 0.00000
0.01939 -0.00695
0.48286 0.00805
-0.29606 0.00779
-0.26714 0.00703
-0.00491 0.44934
0.00095 0.04165
0.08819 0.06259
-0.01617 -0.43925
-0.00541 0.49507
0.00000 0.00000
-0.07149 0.03367
-0.07180 0.00189
0.00000 0.00000
0.00968 0.42567
0.00502 0.22087
-0.42559 0.01120
0.05711 -0.25445
0.00319 0.14036
-0.00262 0.23991
-0.01534 -0.41673
-0.00081 0.07453
0.29348 -0.10516
0.11161 -0.49729
-0.00202 0.18464
-0.00315 0.28813
-0.23474 0.00618
-0.00387 0.35446
-0.00019 0.01716
0.64155 0.01069
0.02741 0.01256
-0.19435 0.09153
0.18185 0.12906
0.00272 0.11948
0.00302 0.13288
-0.00539 -0.14631
-0.00068 0.04602
-0.07819 0.00206
-0.29964 0.00789
0.00916 0.40294
-0.00453 0.41508
0.10128 -0.45125
0.00000 0.00000
0.07007 -0.31220
-0.00554 0.50711
-0.27629 -0.16040
-0.02150 0.00057
-0.11282 0.00297
-0.51260 0.01349
0.00000 0.00000
0.06373 -0.28393
-0.00660 0.60401
0.47100 0.00785
0.08892 -0.39618
-0.02018 -0.54820
0.00780 0.34335
0.32750 0.00546
0.25289 0.00422
-0.38530 0.01014
-0.00261 -0.07081
0.03311 -0.14753
0.07672 0.00128
0.00000 0.00000
0.03682 0.00061
-0.00108 0.09926
-0.11202 0.00295
0.14674 0.10414
0.00000 0.00000
-0.05366 -0.03115
0.48260 0.22116
0.11440 0.05243
-0.08010 0.03772
0.14556 -0.64854
0.13826 -0.61602
0.04612 -0.01652
-0.32019 0.15079
0.06407 -0.28546
0.01315 0.57844
0.02789 -0.22309
0.01856 -0.08271
0.12078 -0.53811
0.05071 -0.59572
0.18103 -0.80656
-0.71604 0.01885
0.07118 -0.31713
-0.43636 0.01148
0.00000 0.00000
0.55229 -0.07573
-0.64540 0.01699
0.36852 -0.13205
-0.00750 0.00353
-0.03273 0.01541
-0.37084 0.00976
0.14127 0.06474
0.00000 0.00000
0.04023 0.07953
0.20324 0.14424
-0.00190 0.17403
-0.10340 0.00272
-0.00737 -0.00184
0.17166 -0.76484
0.00000 0.00000
0.00000 0.00000
0.02467 -0.10990
0.00000 0.00000
0.05689 -0.25346
0.14606 0.00243
0.04877 -0.39013
-0.32024 0.00843
-0.28652 0.00754
0.43374 0.30781
-0.00496 0.45430
0.15136 0.00252
0.40934 0.00682
-0.06007 0.00158
-0.41906 -0.24328
-0.00898 -0.24379
0.08793 -0.39176
0.10897 -0.48551
-0.20526 0.09667
0.00000 0.00000
0.16945 0.07765
0.19212 0.00320
0.03607 -0.16071
0.00000 0.00000
0.00907 0.39887
-0.00828 0.75818
-0.00008 -0.00223
0.00474 0.20835
-0.19503 0.00513
-0.36203 0.17049
0.00254 0.11179
-0.00039 0.03549
0.00637 0.28033
-0.38491 0.01013
0.01245 0.54765
0.15520 0.11014
0.14798 -0.05302
-0.01338 -0.36332
-0.00302 0.27655
-0.19118 -0.11099
0.00000 0.00000
0.05063 -0.59483
0.05895 -0.26265
0.05188 -0.60952
0.07873 -0.02821
-0.23974 0.11290
0.31061 -0.11130
0.23215 -0.08319
0.14203 -0.63281
-0.00798 0.73091
-0.36961 0.00973
0.00000 0.00000
0.01057 -0.04710
-0.22670 0.00597
-0.00043 -0.01178
-0.01285 -0.34916
0.15195 -0.05445
0.37638 -0.13487
-0.00107 0.09832
0.04620 -0.20584
-0.00330 -0.08958
-0.01249 -0.33930
0.00000 0.00000
0.27159 0.19274
0.29674 -0.04069
0.22230 0.10187
0.06865 -0.02460
0.00000 0.00000
0.01061 -0.00380
-0.00148 0.13569
-0.26780 -0.15546
0.03523 -0.01262
0.07037 -0.82674
-0.37814 0.00995
-0.01390 -0.37768
-0.01090 -0.29595
-0.17309 -0.10048
0.00000 0.00000
0.35439 0.00591
-0.32882 0.15485
0.00000 0.00000
0.00629 0.27662
0.01438 0.63269
0.00000 0.00000
0.11895 -0.52996
-0.55241 0.01454
-0.24886 0.00655
0.06755 -0.79359
-0.17556 0.00462
-0.21329 -0.05333
-0.01980 -0.53774
-0.13636 -0.03410
-0.00663 -0.18007
-0.23319 0.00614
0.28340 -0.10155
0.00000 0.00000
0.09634 -0.42922
0.00803 0.35311
-0.70028 0.01843
0.30636 0.00511
-0.38601 0.01016
-0.29590 -0.17178
0.06339 -0.02271
-0.00187 0.17125
0.00000 0.00000
-0.41989 -0.24375
-0.32539 0.00856
0.00313 0.13778
0.02384 -0.28008
-0.00048 0.04357
0.03828 -0.17053
0.35261 0.16159
-0.00599 0.54873
-0.01800 -0.48895
0.00000 0.00000
0.01551 0.68244
0.07902 -0.63206
-0.37405 0.00984
-0.01959 -0.53216
-0.59415 0.01564
0.47220 0.21639
0.00000 0.00000
0.20188 0.00337
-0.22365 0.00589
-0.01337 -0.36311
0.00000 0.00000
-0.00777 -0.21094
0.00000 0.00000
0.00000 0.00000
0.00417 -0.01860
-0.00493 0.45152
0.10566 -0.03786
0.00000 0.00000
0.00979 0.43079
-0.01110 -0.30141
0.00677 0.29797
0.36709 -0.13154
0.10038 -0.44723
0.00094 -0.00419
-0.00744 0.68174
-0.00516 0.47227
-0.00271 0.24862
-0.68481 0.01802
0.01151 0.50648
0.10813 0.00180
0.47508 0.00792
0.00000 0.00000
-0.01107 -0.30073
0.51441 -0.18433
0.17790 -0.02439
-0.00223 0.20446
-0.00086 0.07853
-0.19897 0.09370
-0.78287 0.02061
0.02601 -0.20809
0.32295 0.00538
0.00000 0.00000
-0.73319 0.01930
0.00147 0.06452
0.00827 0.36372
-0.00893 0.81806
0.23285 -0.08343
-0.59067 0.01555
-0.00601 0.55044
0.20199 -0.07238
-0.00293 0.26795
-0.01678 -0.00974
0.00158 -0.00056
-0.00311 -0.08439
0.00622 0.27344
-0.00824 -0.22388
0.10318 0.00172
-0.22981 0.00605
-0.01674 -0.45477
-0.00337 0.30839
0.00443 0.19510
0.01055 0.46410
0.00000 0.00000
0.12321 -0.54895
-0.01206 -0.32770
0.00000 0.00000
-0.02678 -0.72750
-0.00495 0.45322
0.05378 -0.63186
-0.20745 0.00546
-0.01049 0.00494
0.08754 -0.39004
-0.42759 -0.24823
0.34537 0.00576
-0.22577 -0.13107
-0.10642 0.05012
0.49238 -0.17643
-0.25341 0.00667
-0.04021 0.00106
0.00000 0.00000
0.33323 0.00555
-0.01381 -0.37502
-0.11433 0.00301
-0.01737 -0.47174
-0.02410 -0.65469
0.42049 0.19270
0.20050 -0.07184
-0.02371 0.01116
0.00000 0.00000
0.06397 -0.02292
-0.00042 -0.01151
-0.34569 0.16280
0.05657 -0.02027
0.05054 -0.22517
-0.01912 -0.51942
-0.28320 0.00745
0.01019 0.44839
-0.29375 -0.17053
0.00000 0.00000
0.28577 -0.10240
0.38238 -0.13701
-0.08099 0.03814
0.08641 -0.38498
0.49577 -0.06798
-0.00418 0.38269
0.15551 -0.69288
0.01235 0.54327
-0.12105 -0.07027
-0.31665 -0.18382
-0.30269 0.14255
0.00000 0.00000
0.16633 -0.05960
0.03008 -0.13404
0.02426 -0.28506
-0.00463 0.42366
-0.07420 0.03494
-0.00308 -0.08379
0.39568 -0.05426
-0.38485 0.01013
-0.61503 0.01619
-0.00053 0.04838
-0.00416 0.38094
0.00346 0.15223
-0.04851 0.02285
0.00000 0.00000
0.00012 0.00511
-0.00549 0.50299
-0.00306 -0.08308
-0.01584 -0.43019
-0.01197 -0.00695
-0.20585 0.09694
-0.00125 -0.03386
0.26015 -0.03567
0.00557 0.24496
-0.41650 -0.24179
0.00000 0.00000
0.14070 -0.62686
0.35105 0.24913
0.04867 -0.57176
-0.23093 -0.05775
0.02947 -0.01056
0.48681 -0.17443
0.00000 0.00000
-0.06096 0.02871
-0.20684 0.00544
0.14220 -0.05095
-0.00032 0.02951
0.00000 0.00000
0.73988 -0.26512
-0.00465 0.42606
0.09997 -0.03582
0.14646 -0.65256
0.07852 0.05573
0.00000 0.00000
0.09081 -0.01245
-0.01636 -0.44447
0.15859 0.11255
-0.02162 -0.58737
-0.62384 0.01642
-0.00266 0.24357
0.50765 -0.18190
0.00000 0.00000
-0.04106 -0.01027
-0.00818 -0.22216
0.00000 0.00000
0.19228 -0.06890
0.00466 0.20483
0.11157 -0.49709
-0.00522 -0.14170
-0.04852 0.00128
0.12417 -0.55325
0.51879 0.00865
0.05263 -0.23449
-0.38272 0.01007
0.02571 -0.11456
0.00000 0.00000
-0.00242 -0.06573
-0.09586 -0.05565
-0.55162 0.01452
-0.19091 -0.11083
-0.00429 0.39321
-0.00541 0.49508
-0.00968 0.00025
-0.00096 0.08778
-0.00079 -0.02145
0.52374 -0.07182
-0.00709 -0.19262
0.00000 0.00000
0.08271 -0.36852
0.00000 0.00000
0.00966 0.42482
0.49047 -0.17575
0.00000 0.00000
0.00000 0.00000
0.00721 -0.08472
0.20979 0.14888
-0.64431 0.01696
-0.00707 0.64746
0.14157 0.06488
0.00582 0.25608
0.05751 -0.67559
0.36015 0.16504
-0.02785 -0.75642
-0.19857 -0.11528
0.01529 0.00025
0.14128 -0.05062
0.00870 0.38258
0.17356 -0.06219
-0.00169 -0.04581
0.00000 0.00000
-0.01831 -0.49727
-0.12646 0.05956
0.02870 -0.33722
0.16945 0.00282
0.04228 -0.01515
-0.01791 -0.48640
0.69194 -0.24794
-0.09260 0.00244
0.01227 -0.05469
-0.49435 0.01301
-0.32662 0.15382
0.05903 -0.26300
-0.00541 0.49563
0.00000 0.00000
0.00163 0.07157
-0.25191 -0.14624
-0.01320 -0.35854
-0.64941 0.01709
0.01520 0.66850
0.51510 -0.07063
-0.46132 0.01214
0.24209 -0.08675
0.11919 -0.53106
0.02556 -0.11390
0.67480 -0.24180
-0.29642 0.13959
-0.00628 0.57477
-0.00135 0.12402
-0.00953 -0.25881
0.04052 -0.47601
0.00891 -0.10466
-0.02429 -0.65988
0.44419 -0.15916
-0.18823 -0.10927
0.07160 -0.31902
0.00710 -0.08341
-0.15798 0.00416
-0.00337 0.30864
0.00000 0.00000
0.39554 -0.05424
0.05350 -0.62858
-0.20323 -0.11798
-0.00675 0.61786
0.01538 0.01091
-0.01154 0.00543
-0.01283 -0.34841
-0.59835 0.01575
0.27875 -0.09988
0.03136 -0.36842
-0.51832 0.24410
-0.10264 0.00270
-0.00767 0.70290
0.32062 -0.11488
0.00394 0.17328
0.00417 0.18365
0.01218 0.53586
-0.00893 0.00024
-0.34325 -0.19927
-0.31172 0.14680
0.00000 0.00000
-0.00900 0.82460
0.05816 -0.25912
0.00000 0.00000
0.09218 0.06542
-0.00795 0.72782
-0.07697 0.00203
0.05040 0.00084
-0.23922 0.11266
0.06112 -0.71808
0.03516 -0.01260
0.08684 -0.69466
-0.03981 -0.02311
0.00000 0.00000
0.07549 -0.33634
0.01139 0.50102
-0.41082 0.19347
0.00470 0.20690
0.48237 0.00804
-0.66826 0.01759
-0.00059 0.05375
-0.01307 -0.35511
-0.00320 0.29273
0.06480 -0.28870
-0.00685 0.62773
-0.23863 0.11238
0.19029 0.08720
0.10031 -0.44694
-0.00124 0.11329
0.55241 0.00921
0.00000 0.00000
-0.42352 0.01115
-0.02540 0.01196
-0.07056 0.00186
0.16174 -0.72061
0.00754 0.33154
-0.00150 0.10213
0.09633 0.19043
0.01469 0.64638
0.00797 0.35073
-0.01765 -0.47940
0.27379 -0.09811
-0.10370 0.00273
0.00639 0.28130
-0.12099 0.00318
-0.00265 0.24294
0.02164 -0.25426
-0.01537 -0.41738
-0.00321 0.29425
0.06492 -0.28924
0.01377 -0.00494
0.43111 0.30594
0.00637 -0.02836
0.01455 -0.06483
-0.00381 0.34922
0.10768 -0.47978
0.00000 0.00000
0.10282 -0.45810
-0.07142 0.00188
0.20070 -0.07192
0.06373 -0.74866
-0.01461 -0.00365
-0.03782 0.01781
0.11719 -0.04199
0.34360 -0.12312
-0.11182 0.00294
0.00477 -0.00186
0.11503 0.00192
0.25211 -0.09034
-0.00253 0.23204
0.00000 0.00000
0.01250 0.55007
0.10375 -0.46227
-0.12337 0.00325
0.07010 -0.31234
-0.19995 -0.11607
-0.18831 0.00496
0.37942 -0.13595
0.00363 0.15963
0.01116 0.02207
0.00000 0.00000
0.00000 0.00000
-0.11815 0.00311
-0.42151 0.19851
-0.01519 -0.41249
0.01282 0.56408
0.35982 -0.12893
0.09150 -0.73195
0.01227 0.53985
-0.02680 -0.01556
0.00807 0.35494
-0.00686 0.62872
0.31561 -0.04328
-0.21134 0.09953
0.43472 0.30851
0.00595 0.26161
0.38536 0.17660
0.08067 -0.35944
0.02402 -0.00861
-0.01750 -0.47527
-0.76493 0.02013
0.00000 0.00000
0.00000 0.00000
0.04296 -0.50468
-0.01754 -0.47630
-0.00206 0.18906
-0.22258 0.00586
0.00000 0.00000
-0.00827 0.75753
-0.62034 0.01633
-0.08750 0.04121
-0.62441 0.01643
0.00699 0.30760
0.00000 0.00000
0.57068 -0.20449
0.00000 0.00000
-0.53981 0.01421
0.00354 0.15555
-0.00690 0.63150
0.00000 0.00000
-0.00755 0.69121
-0.12841 0.06047
-0.40527 0.19086
-0.06417 0.00169
-0.00583 0.53405
-0.00087 -0.02361
-0.21916 0.00577
0.02025 -0.09024
-0.00411 -0.11165
-0.00550 -0.14932
-0.00210 0.19229
-0.29252 0.00770
0.01627 0.71558
0.32207 0.14759
-0.00165 0.15149
0.21563 0.09882
0.00474 0.20843
0.00000 0.00000
0.07060 -0.00968
0.29071 0.20631
0.02821 -0.22564
0.06752 -0.79319
-0.00021 0.01929
-0.00210 0.14255
0.07773 -0.34631
0.00314 0.00005
0.00000 0.00000
0.00421 0.18523
0.13817 -0.01895
0.04301 -0.34407
0.03606 -0.42362
-0.15289 -0.08876
-0.00186 0.17080
0.01279 -0.15024
-0.70077 0.01844
-0.00097 -0.02644
-0.00353 0.32344
0.02948 -0.34637
0.01626 -0.07243
0.00340 -0.01516
0.02090 -0.00287
-0.02548 -0.69204
0.00000 0.00000
-0.04603 0.00121
0.10670 0.07572
0.00000 0.00000
-0.00824 0.75505
-0.15573 0.07334
-0.01515 -0.41162
-0.26670 0.00702
0.03215 -0.37770
0.46383 0.00773
0.00976 0.42918
0.01023 -0.12021
0.09134 -0.73065
-0.00571 -0.15513
-0.02389 -0.64896
0.00000 0.00000
0.00479 0.21085
0.03497 -0.41081
-0.00217 0.19853
0.00000 0.00000
0.33010 -0.04526
0.15372 -0.05508
0.00948 0.41686
-0.00266 -0.07215
-0.28664 0.13499
0.09443 -0.75532
0.01625 -0.19095
-0.39696 0.01045
-0.01401 -0.38063
0.01756 -0.07825
0.01935 -0.22734
0.01741 0.76591
0.33291 0.23626
-0.00051 0.04713
-0.32177 -0.18679
-0.00007 0.00613
0.00000 0.00000
0.02432 -0.10835
0.28359 0.20125
0.00076 0.03350
0.00000 0.00000
0.00197 0.08652
-0.00791 -0.21487
-0.00202 0.18519
-0.48338 0.01272
-0.47458 0.01249
0.00794 0.34921
0.00000 0.00000
-0.09008 0.04242
-0.37362 0.17595
-0.09405 0.00248
-0.00082 0.07477
-0.00146 0.13389
0.07813 0.05545
-0.18525 -0.10754
0.00000 0.00000
-0.00263 0.24098
0.00362 -0.02894
-0.01314 -0.35695
-0.00436 0.39976
0.01492 0.65621
-0.00315 0.28804
-0.00041 0.03800
0.00000 0.00000
-0.01050 -0.28530
-0.01313 -0.35659
0.00000 0.00000
-0.17769 -0.10315
0.00000 0.00000
0.01651 -0.13205
0.00210 0.09218
0.41892 -0.15011
-0.61865 0.01628
-0.38775 0.01021
0.00679 -0.03027
-0.02249 -0.61076
0.01450 -0.06460
-0.00222 0.20361
0.00000 0.00000
-0.33763 -0.19601
-0.08279 0.00218
-0.00044 -0.01209
-0.35092 -0.20372
0.01221 0.53711
-0.06018 0.02834
0.57700 0.00962
0.05079 -0.01820
-0.00109 0.10020
0.00000 0.00000
0.00000 0.00000
0.07862 -0.35028
-0.00061 0.05559
-0.00169 0.15489
0.00983 0.43246
0.00000 0.00000
-0.38550 -0.22379
-0.02787 -0.75689
-0.01815 -0.49309
-0.00832 0.76225
0.19396 -0.06950
0.21067 -0.07549
-0.18467 -0.04618
0.06173 -0.72519
-0.46000 0.01211
-0.00216 0.19796
-0.00903 0.82717
-0.43445 0.01143
0.15741 -0.05640
0.62754 -0.22486
0.58114 -0.20823
-0.32255 -0.18725
0.49338 -0.06765
0.01227 0.53996
0.00507 -0.02259
-0.00664 0.60802
-0.09825 0.00259
0.00906 0.39866
0.00000 0.00000
-0.73621 0.01938
-0.00642 -0.17438
-0.00304 0.27808
0.01131 0.49763
-0.00641 -0.17409
0.03373 -0.01208
0.00782 0.34418
-0.00428 0.39211
-0.00066 -0.01784
0.48997 -0.06719
0.05866 -0.02102
-0.03014 -0.81866
-0.00069 0.06288
-0.36811 0.00969
0.27506 0.00459
-0.00333 -0.09057
0.01181 -0.13870
0.00000 0.00000
0.00000 0.00000
-0.57929 0.01525
-0.16175 -0.04045
0.00794 0.34926
0.68037 0.01134
0.00602 0.26471
0.01886 0.82948
0.00968 0.42579
0.00315 0.13845
0.02080 -0.00811
0.00994 0.43736
0.00000 0.00000
0.10030 -0.03594
-0.00519 0.47532
0.42822 0.00714
0.01008 0.00716
-0.00250 0.22890
0.04104 -0.18285
-0.19975 0.00526
0.09790 -0.03508
-0.11166 0.05259
-0.35906 0.00945
0.00000 0.00000
0.01356 0.59647
0.20201 -0.07238
0.06311 -0.74144
-0.66565 0.01752
-0.06397 0.00168
-0.03786 0.00100
0.00286 0.12587
-0.00829 -0.22523
0.02717 -0.12106
-0.56800 0.01495
-0.02166 -0.58820
-0.19588 -0.11371
0.36609 -0.13118
0.29265 -0.10486
-0.01862 -0.50586
-0.25861 -0.15013
0.00131 0.05765
-0.26733 0.12589
0.36203 0.00603
-0.37401 0.17613
-0.26682 0.00702
-0.61028 0.01606
0.00530 0.23305
-0.01722 -0.46777
-0.35166 -0.20415
-0.01754 -0.47639
0.17887 -0.79694
0.01248 0.54898
-0.00718 0.65799
0.31388 -0.11247
0.03585 -0.28675
-0.23497 -0.05876
0.00000 0.00000
-0.00325 -0.08834
0.00000 0.00000
0.00500 0.22017
0.05750 -0.67558
0.00000 0.00000
0.22416 0.10272
-0.02194 -0.59599
0.49057 -0.17578
0.01391 0.61203
0.00000 0.00000
0.00000 0.00000
0.00454 0.19985
-0.36714 0.00966
-0.00310 -0.08416
0.19489 -0.06983
0.01346 0.59213
0.02705 0.01920
0.05297 -0.62227
-0.46617 -0.27062
-0.02179 -0.59177
-0.01707 0.00045
-0.03630 0.00096
-0.00338 0.30944
-0.01292 -0.35081
0.11606 -0.04159
-0.05745 0.02706
-0.50870 0.01339
0.00986 0.43357
0.66334 -0.23769
-0.00657 0.60203
-0.01199 -0.32573
0.00000 0.00000
-0.00414 0.37947
0.00000 0.00000
-0.27156 0.12789
-0.21823 0.00574
0.00856 0.37649
-0.00877 0.80316
0.00000 0.00000
-0.51705 0.24350
-0.00108 0.09935
0.00755 0.33200
0.27080 -0.09704
-0.02428 -0.65960
-0.16779 0.07902
0.05549 -0.01988
0.32606 0.23140
-0.00185 0.16983
-0.36028 -0.20915
0.23580 0.10806
-0.10262 0.04833
0.10186 -0.45381
-0.09498 0.04473
0.34380 -0.12319
0.60290 -0.08267
0.00000 0.00000
-0.64640 0.01701
-0.01294 -0.35147
0.00000 0.00000
0.00000 0.00000
-0.29825 -0.17314
0.18028 -0.06460
0.29403 0.00490
-0.09591 0.04517
-0.03837 0.00101
0.10685 0.00178
0.00172 0.07553
-0.01572 -0.42695
-0.00129 -0.03513
0.00000 0.00000
-0.62402 0.01642
0.00000 0.00000
0.01250 -0.00448
-0.01957 -0.53163
0.00000 0.00000
0.00000 0.00000
-0.36115 0.00951
0.26963 -0.09661
0.27973 0.12819
0.01985 -0.08846
-0.01654 -0.00960
0.05501 -0.64623
0.00886 0.38982
-0.00329 0.30115
0.06925 -0.30855
0.06004 -0.26750
0.14926 -0.05348
0.00315 0.13860
0.26938 0.00449
0.00757 -0.00271
-0.63374 0.01668
0.15673 -0.05616
0.00000 0.00000
-0.01176 0.00554
0.00394 0.17341
0.06156 -0.27428
-0.38825 0.01022
0.10323 -0.82576
-0.36562 0.00962
-0.06044 0.00159
-0.02577 -0.70000
-0.01012 -0.27482
-0.46368 0.01220
0.00173 0.07628
0.02600 -0.11582
-0.42735 -0.24808
-0.06428 0.00169
0.37639 -0.13487
-0.22886 -0.13286
0.00420 0.18475
-0.23260 0.10954
-0.03709 -0.02153
0.31442 -0.11267
0.55912 -0.20035
0.67991 -0.24363
0.08246 -0.65959
0.16434 0.11663
0.03058 -0.13624
0.00115 0.05057
-0.02823 -0.76674
0.69146 0.01153
-0.00518 0.47473
-0.00319 0.29232
0.00206 0.09081
0.07186 -0.02575
-0.00146 0.13389
-0.12143 -0.07049
0.01951 -0.22917
0.10881 -0.48482
-0.42752 0.20133
0.10036 -0.03596
0.00000 0.00000
0.19300 0.13697
-0.00332 0.30387
0.27943 0.19830
0.52467 -0.18800
0.16622 -0.74060
0.37281 0.00621
-0.00639 -0.17350
0.00000 0.00000
0.24164 0.11073
0.00509 0.22399
-0.00177 -0.04796
-0.01786 -0.48522
0.09500 -0.42327
0.00877 0.38602
0.13546 -0.60354
-0.28551 -0.16575
0.18652 -0.06683
-0.01636 -0.44432
0.00603 0.26513
-0.27696 -0.16078
0.08968 -0.39956
-0.00734 0.67250
-0.00491 -0.13328
0.00000 0.00000
-0.35395 0.00932
-0.32698 0.00861
0.00635 0.27950
0.26514 -0.03636
-0.59257 0.01560
0.05137 -0.01841
0.01160 0.00019
0.05788 -0.25789
-0.38433 0.01012
0.00000 0.00000
0.00000 0.00000
0.00712 0.31344
0.00000 0.00000
0.00719 0.31623
0.00000 0.00000
0.00000 0.00000
-0.00677 0.61960
-0.00474 0.43379
0.00000 0.00000
0.00136 0.05973
-0.00171 0.15692
0.31595 0.22422
-0.29843 -0.17324
0.00766 0.33688
-0.00607 0.55603
0.07933 -0.35344
-0.16261 -0.09440
-0.35449 0.00933
0.06757 -0.30105
-0.00147 0.13448
0.25320 0.00422
-0.58001 0.01527
-0.03313 0.00087
-0.12913 0.06081
0.00000 0.00000
-0.01546 -0.41999
-0.00692 -0.18794
-0.79088 0.02082
0.55619 0.00927
-0.03310 -0.01922
0.00870 0.38264
0.00000 0.00000
0.01688 0.74240
-0.00568 0.52033
-0.03909 0.01841
-0.27580 0.00726
-0.00448 0.41073
-0.02939 -0.79837
0.06891 -0.80951
-0.27170 0.12795
0.00000 0.00000
-0.00549 -0.14915
0.00685 0.30155
-0.32372 0.00852
0.00518 0.22768
0.25337 0.11611
0.00665 0.29251
0.00814 0.35790
-0.31110 -0.18060
-0.00551 0.50459
-0.00083 0.07587
0.51043 0.00851
0.43448 0.00724
0.07158 -0.31892
-0.00601 0.55019
-0.00171 0.15686
-0.00718 0.65789
0.06972 -0.55768
-0.03646 -0.02117
-0.00168 0.15400
0.15166 0.06950
0.00000 0.00000
0.00000 0.00000
0.37809 -0.13548
0.00382 0.16785
0.01898 0.00870
-0.01048 -0.28465
-0.59341 0.01562
-0.02819 -0.76564
0.48818 -0.06694
0.01170 0.51485
-0.70344 0.01851
0.00685 0.30147
0.52562 -0.18834
0.08344 -0.37176
-0.11524 0.05427
-0.00260 0.23840
-0.74691 0.01966
-0.00610 0.55837
-0.62951 0.01657
-0.25411 0.00669
-0.00480 -0.13038
0.00000 0.00000
0.04219 -0.49565
-0.01673 -0.45449
0.01016 0.44680
-0.03274 -0.00819
-0.00145 0.13245
-0.11859 0.05585
0.05539 -0.65068
-0.00678 0.62056
0.00000 0.00000
0.44517 -0.06104
-0.00593 0.54344
0.25282 -0.03467
0.00261 -0.02089
0.00168 0.07371
0.01292 0.56857
0.05571 -0.00764
-0.00404 0.37029
0.07754 -0.34547
-0.00522 -0.14175
-0.00111 0.10171
-0.00341 0.31227
-0.02765 -0.75098
0.00000 0.00000
-0.16835 0.00443
0.06018 -0.26815
0.07297 -0.02615
0.09846 -0.78761
0.19098 0.13553
-0.00476 -0.12928
0.02579 0.00043
-0.16461 0.00433
0.00762 -0.03393
0.09611 -0.42819
-0.34737 0.00914
-0.75746 0.01994
0.03574 -0.01281
0.01635 -0.13081
-0.00527 0.48258
-0.20992 0.00552
0.00000 0.00000
-0.18943 0.08921
-0.02934 0.00077
0.00005 0.00198
-0.02767 -0.75163
-0.00062 0.04208
0.34499 0.15810
0.35491 0.00592
-0.13335 0.06280
0.49444 -0.17717
0.18150 -0.06504
-0.34054 0.00896
-0.00344 0.31516
-0.00823 -0.22354
-0.15193 0.00400
0.24138 0.00402
-0.21444 -0.12449
-0.00032 0.02900
0.00103 0.04524
-0.43315 0.01140
0.00143 0.06303
0.01098 0.48315
-0.10235 -0.05942
-0.50199 0.23640
0.00000 0.00000
-0.00458 -0.12445
0.00000 0.00000
0.00000 0.00000
0.43930 -0.15741
0.10747 -0.47881
0.17599 -0.78412
-0.31270 -0.18153
0.00000 0.00000
0.04233 -0.49728
0.01149 0.50542
0.01667 -0.07428
-0.00184 -0.05003
0.24287 -0.08702
-0.00186 0.17002
0.00187 0.08214
0.00960 0.42226
-0.24276 -0.14093
0.00000 0.00000
0.05185 -0.60918
0.00585 0.25721
0.05046 0.00084
0.24358 -0.08728
0.00000 0.00000
-0.35604 0.00937
0.00000 0.00000
0.06851 -0.30522
-0.00442 0.40518
-0.00464 0.42476
0.00308 0.13560
-0.32388 -0.18802
-0.00500 0.45794
-0.30121 0.00793
-0.58556 0.01541
-0.15035 0.00396
0.37799 -0.13544
-0.00285 0.26089
0.00000 0.00000
0.00000 0.00000
0.55636 -0.19936
-0.00735 -0.19960
-0.09809 0.00258
-0.32277 0.15201
-0.08835 0.04161
-0.11163 0.05257
-0.30687 0.00808
0.00727 -0.03240
0.41202 -0.14763
-0.01189 -0.32296
-0.15610 0.00411
-0.13255 0.06242
-0.10747 0.05061
-0.18834 0.00496
-0.00794 0.72674
-0.47205 0.01242
0.01097 0.48250
-0.03159 -0.01834
0.00000 0.00000
-0.66286 0.01745
0.00000 0.00000
-0.00203 0.18565
-0.01502 -0.40793
0.07307 -0.32556
0.14057 -0.62630
0.02872 -0.33746
0.00309 -0.01377
-0.60413 0.01590
-0.37351 -0.21683
-0.15720 -0.09126
-0.75426 0.01985
-0.00484 0.44354
0.00000 0.00000
-0.00624 0.57157
0.06295 -0.73951
0.05387 -0.43095
-0.24273 0.11431
0.04677 -0.01676
-0.01234 -0.33505
-0.00025 0.01693
0.00818 0.35973
0.01169 0.51417
-0.10394 0.00274
-0.08746 0.04119
0.00349 0.15354
-0.01052 -0.28566
0.05314 -0.23675
0.00000 0.00000
-0.25027 0.00659
-0.00921 -0.25010
-0.00098 0.08934
0.36193 -0.12969
-0.06013 0.02832
0.00000 0.00000
0.05597 -0.02006
0.00451 -0.02008
-0.00489 0.44767
-0.00440 -0.11949
0.00556 -0.02477
0.00000 0.00000
-0.00514 0.47045
-0.00568 0.52026
-0.00869 0.79596
-0.18835 0.08870
-0.15471 -0.08981
-0.57884 0.01523
0.10840 -0.03884
-0.00268 -0.07266
-0.05027 -0.02918
-0.23782 0.11200
0.05728 -0.67287
0.11347 0.08053
0.43842 0.31113
-0.66469 0.01749
0.00000 0.00000
-0.40666 0.01070
-0.42586 0.01121
0.04416 -0.51879
0.13360 -0.59524
0.00000 0.00000
-0.48222 0.01269
0.31844 -0.04366
-0.21139 -0.12272
0.00090 0.03958
-0.00629 -0.17090
-0.00411 0.37658
0.32471 0.00541
0.29249 0.00488
-0.00098 0.08995
0.04383 -0.19527
0.17353 -0.06218
-0.00500 0.45789
-0.00748 -0.20327
0.00791 0.34796
0.00008 0.00343
0.50603 0.23190
-0.06708 0.00177
-0.08388 0.00221
-0.00235 0.21540
0.00000 0.00000
-0.15401 0.00405
0.10174 0.20114
0.00000 0.00000
0.00000 0.00000
-0.64669 0.01702
-0.00406 0.37168
0.00000 0.00000
-0.15446 -0.03862
0.03946 -0.31566
0.00000 0.00000
0.01333 -0.15661
0.07852 -0.34984
0.08920 -0.39744
0.05674 -0.25278
-0.33250 0.00875
0.13561 0.00226
0.00206 0.09075
-0.23443 -0.13609
-0.12787 0.06022
0.10891 -0.03903
0.00000 0.00000
0.06543 -0.52339
-0.26050 0.12268
0.20156 -0.07222
-0.24487 0.11532
0.33606 -0.12042
-0.00187 0.17104
-0.00118 -0.03214
0.00145 0.06394
0.36476 0.00608
0.19686 0.13971
-0.00043 0.03984
0.01398 0.61497
-0.14583 0.00384
-0.15301 0.00403
0.00000 0.00000
-0.00500 0.45766
0.06912 0.00115
0.01633 -0.07276
-0.33591 0.00884
-0.00618 0.56601
0.01670 0.73468
0.00737 0.32421
-0.02532 -0.00633
0.01836 0.80780
-0.00086 0.07882
-0.30691 0.00808
-0.00764 -0.20750
0.00000 0.00000
-0.43366 0.01141
-0.00857 0.78446
0.00000 0.00000
0.00905 0.39795
0.09921 -0.44203
0.01175 -0.05236
0.33902 0.00565
0.65347 -0.23415
-0.00810 0.74157
0.14676 -0.65389
0.01340 0.58964
-0.16834 0.07928
0.01631 0.71733
0.00000 0.00000
-0.00507 0.46432
-0.19132 0.09010
0.00873 0.38386
0.00664 0.29199
-0.02687 -0.72989
0.00579 0.01145
-0.04002 -0.02323
-0.23593 0.00621
0.02015 -0.08976
-0.00440 0.40271
0.11964 0.08490
0.00987 0.43430
-0.19258 0.00507
0.21839 -0.07825
-0.00476 0.43624
-0.52413 0.01380
0.12587 -0.56078
-0.15670 -0.09097
0.00000 0.00000
0.07349 0.03368
-0.65718 0.01730
-0.59375 0.01563
0.04851 -0.56992
0.12011 -0.53514
-0.24901 0.00655
-0.69175 0.01821
-0.36987 0.00973
0.24586 -0.08810
-0.09533 0.00251
0.02685 -0.11964
0.02246 -0.17969
-0.00405 0.37121
-0.12219 0.05754
-0.01001 -0.27198
-0.24495 0.11536
-0.19133 -0.11107
0.35881 -0.04920
0.35742 -0.12807
0.02507 -0.20054
0.06250 -0.27846
0.52556 0.00876
0.23737 0.16846
-0.00119 0.10916
-0.34108 0.00898
-0.00466 0.42669
0.02498 0.01773
0.09159 0.04197
0.25598 -0.09172
-0.02269 -0.61643
0.04448 -0.19817
0.34808 0.00580
0.00108 0.04733
-0.76384 0.02010
-0.00003 0.00275
-0.00078 0.05277
-0.49055 0.01291
0.32420 -0.11617
-0.00680 0.62301
0.36676 -0.05029
0.45748 -0.06273
-0.00672 0.61522
-0.20504 -0.11903
0.29441 -0.10549
0.39937 -0.05476
-0.17370 0.00457
-0.40317 0.01061
0.00640 -0.07518
-0.17949 0.08453
0.00000 0.00000
0.44718 0.20493
-0.07536 0.00198
-0.18445 0.00485
-0.37054 0.17450
0.00520 0.22890
0.00000 0.00000
-0.39059 0.01028
-0.71926 0.01893
0.30075 0.21343
-0.38105 0.01003
-0.00791 0.72466
-0.01497 -0.00869
-0.02273 -0.61751
-0.00315 0.28880
0.10365 -0.46180
-0.01712 -0.46491
-0.00126 0.11515
0.00000 0.00000
0.00000 0.00000
-0.46287 0.01218
-0.33199 0.00874
-0.00412 0.37738
-0.01018 -0.27639
0.05468 -0.01959
0.09238 -0.41159
-0.00232 0.21227
-0.00249 0.22798
-0.59274 0.01560
-0.36654 0.00965
0.38751 -0.13885
-0.32702 -0.18984
-0.33700 0.00887
-0.00753 0.68990
0.00000 0.00000
-0.01363 -0.37029
-0.51895 0.01366
0.01058 0.46562
-0.52322 0.01377
0.08019 -0.35728
0.01603 0.70513
0.00000 0.00000
0.00833 0.36653
0.00269 0.11849
-0.01655 -0.44965
-0.00576 0.52721
-0.00021 0.01950
0.00198 0.08712
-0.00231 0.21130
-0.00203 0.18616
0.00000 0.00000
-0.18156 0.08550
-0.00735 -0.19972
-0.00879 -0.23865
0.50367 -0.18048
-0.00338 0.30967
-0.00686 0.62824
-0.15649 0.00412
-0.03527 0.01661
-0.00653 0.59796
-0.46037 0.21681
0.00991 0.43617
0.00000 0.00000
-0.00027 0.02506
0.00000 0.00000
-0.08134 0.03831
0.25382 -0.09095
0.25561 0.00426
0.10782 -0.48038
0.00247 0.10869
-0.03534 0.01664
0.04182 0.08268
-0.05284 0.00139
0.01685 0.74122
-0.08814 0.04151
0.00000 0.00000
0.00000 0.00000
0.24230 0.17195
0.77377 -0.10610
-0.48789 0.01284
-0.37685 0.00992
-0.00411 0.37636
0.38690 -0.13864
-0.01249 0.00588
0.12330 -0.04418
-0.00489 -0.13273
0.06664 -0.29690
0.07803 -0.34766
-0.00227 0.20817
0.00000 0.00000
-0.36265 -0.21052
0.37048 0.16978
0.00000 0.00000
0.00275 0.12090
-0.04165 0.00110
0.17695 0.00295
0.04169 0.02959
0.11104 -0.49472
0.00000 0.00000
0.00548 0.24128
0.01180 0.51912
0.57544 0.00959
0.00412 0.18118
-0.60149 0.01583
-0.00296 -0.08049
0.00000 0.00000
-0.02424 -0.65852
-0.64170 0.01689
-0.05335 0.00140
-0.26889 -0.15610
-0.00452 0.41365
0.10935 -0.03918
-0.34521 0.00909
-0.00181 -0.04904
0.26049 -0.09334
0.00821 -0.09648
-0.00831 0.76145
0.00000 0.00000
-0.00706 -0.19189
-0.00696 0.63783
-0.01884 0.00050
-0.57683 0.01518
0.00878 0.38646
0.21783 0.00363
0.45460 0.00758
0.04189 -0.49208
-0.01516 -0.41165
-0.45162 0.01189
-0.08605 0.00226
-0.00767 -0.20825
0.11343 -0.50539
0.38382 -0.05263
-0.02802 -0.76096
-0.00267 0.24464
0.14676 -0.05259
-0.00634 0.58025
-0.16492 0.07767
-0.10354 0.04876
0.18802 -0.06737
0.62962 -0.22561
0.01765 0.77628
-0.20359 0.00536
0.00000 0.00000
-0.01997 -0.54238
0.10479 -0.03755
0.02519 -0.29591
-0.04541 0.00120
0.00073 0.03210
0.00000 0.00000
-0.00284 0.25994
0.17063 -0.76022
0.06133 -0.72047
0.34333 -0.04708
0.00265 0.11646
-0.00541 0.49591
-0.00163 -0.04436
-0.00083 -0.02252
-0.00238 0.21784
-0.20085 0.00529
-0.11443 0.05389
0.00515 0.22667
0.00310 0.13625
-0.00213 0.19545
-0.01142 -0.31031
-0.00045 0.04136
-0.44131 0.01162
0.00000 0.00000
-0.05107 0.00134
-0.34862 0.00918
0.06648 -0.29621
-0.01995 -0.54187
-0.19496 0.00513
-0.00088 0.08022
0.24565 0.00409
-0.40475 0.19061
-0.48400 0.01274
0.00000 0.00000
0.06667 -0.29705
-0.01377 -0.37403
0.13747 -0.61249
0.00353 0.15516
0.00583 0.25627
0.01406 0.61864
-0.00569 0.52095
0.26676 -0.09559
-0.08882 0.00234
-0.00050 0.04583
-0.01767 -0.48000
0.00000 0.00000
0.56205 -0.20140
0.05489 -0.24455
-0.62190 0.01637
-0.01853 -0.50320
-0.04559 0.00120
0.10380 0.07367
-0.40458 0.19053
0.29035 -0.10404
-0.08195 0.00216
-0.00015 0.01386
0.00721 0.31712
-0.00461 -0.12517
-0.00579 -0.15718
0.64173 -0.22995
-0.00153 0.14043
-0.00369 0.33828
0.02480 -0.11048
0.43895 0.00732
0.08948 -0.03206
0.27944 0.12806
0.01729 -0.07702
0.05381 -0.63218
-0.19910 0.09376
0.03751 -0.30007
-0.22326 -0.12961
-0.41288 0.19444
-0.00039 0.03527
-0.00823 0.75360
0.10277 0.04709
0.11204 -0.04015
-0.00445 0.40726
-0.00751 -0.20405
0.00000 0.00000
-0.00431 0.39503
0.15851 -0.70622
-0.46094 0.01213
0.07002 -0.56009
0.00000 0.00000
0.06463 -0.02316
0.02184 -0.17474
0.51309 -0.07036
-0.08691 0.00229
0.04028 -0.47316
0.01275 -0.05680
0.43248 -0.15497
-0.01141 0.00030
0.00000 0.00000
0.00827 0.36393
-0.00146 0.13327
-0.00296 0.27123
0.00062 0.02749
0.04070 -0.32555
-0.42337 0.01114
0.27577 0.19571
-0.00350 -0.09517
-0.00797 0.72956
0.02171 -0.09674
0.67416 -0.09244
0.01531 0.67366
0.00638 0.28084
0.06894 -0.80991
-0.40328 0.01061
0.07203 -0.02581
-0.74962 0.01973
-0.13339 0.00351
0.04641 0.02127
-0.00537 0.49174
-0.28545 0.00751
-0.23872 -0.13858
0.35445 -0.04860
-0.78834 0.02075
-0.01514 -0.41135
0.03983 -0.01427
-0.00058 0.03934
0.06023 -0.26835
-0.00152 -0.04132
-0.81632 0.02149
-0.00523 -0.14206
-0.20429 0.00538
-0.53878 0.01418
-0.04215 -0.02447
0.01356 -0.00186
-0.00005 0.00481
0.08259 -0.02959
-0.00486 0.44529
0.00000 0.00000
0.03651 -0.29203
0.00000 0.00000
0.42054 0.19272
-0.01635 -0.44420
-0.02244 0.00059
0.10271 -0.45760
0.01627 -0.00583
0.00740 0.32537
-0.65812 0.01732
0.01569 0.69018
0.04256 -0.18964
-0.01834 -0.49827
0.47843 0.00798
-0.00018 -0.00498
-0.02311 -0.62770
0.04104 -0.48214
-0.01293 -0.35112
0.31450 0.22319
-0.25893 0.00681
0.07607 -0.33893
0.08557 0.16917
0.01634 0.71894
0.08582 -0.38237
0.05565 0.03949
0.18664 -0.06688
0.15667 -0.05614
-0.09284 0.04372
0.20542 0.14578
-0.07489 -0.04347
-0.00950 -0.25808
-0.10112 0.04762
-0.65118 0.01714
0.02426 -0.00869
-0.15317 0.00403
-0.02579 -0.70062
-0.00408 -0.11079
-0.15352 -0.08912
-0.01957 -0.53164
0.00000 0.00000
-0.05750 0.02708
0.00000 0.00000
-0.00024 -0.00640
-0.81194 0.02137
0.66105 -0.23687
-0.13799 -0.08011
0.00000 0.00000
0.00000 0.00000
-0.00248 0.22725
0.00000 0.00000
-0.02005 -0.54461
0.02631 -0.11723
0.00000 0.00000
-0.47469 0.22355
-0.31327 -0.18186
-0.00081 0.07425
-0.42396 -0.24612
-0.45326 0.01193
-0.00590 0.54039
-0.00681 0.62357
0.00456 -0.05358
0.09102 0.06459
0.12692 -0.56549
0.18844 0.08636
0.02455 -0.19642
-0.00559 0.51201
0.00252 0.11073
-0.12850 0.00338
0.05128 0.03639
-0.00059 0.05366
-0.33373 -0.19374
-0.00311 0.21145
-0.06211 0.02925
-0.00258 0.23655
-0.19425 0.09148
-0.00880 0.80625
0.10100 0.07167
0.00000 0.00000
-0.01056 -0.28685
0.08295 -0.36957
-0.00084 -0.02289
0.23457 -0.08405
-0.39701 0.18697
-0.01938 -0.52637
-0.00703 -0.19103
0.00000 0.00000
-0.00592 0.54218
0.02098 0.00961
0.00000 0.00000
-0.18219 0.00480
-0.02537 -0.68910
-0.01363 -0.37022
0.17190 -0.76589
-0.00664 -0.18037
0.37513 -0.13442
-0.00176 0.16087
0.15005 -0.02058
-0.11796 -0.06848
-0.02484 -0.67474
0.01033 0.45458
0.68547 -0.09399
0.16398 0.07515
-0.13708 0.06456
0.00774 -0.03446
0.31052 -0.04258
0.23340 0.00389
0.08306 -0.37005
-0.04860 -0.02821
0.00000 0.00000
0.00000 0.00000
0.01125 0.49480
-0.33156 -0.19248
0.06377 -0.28413
0.28791 0.20432
-0.00559 -0.15197
0.04754 0.03374
-0.03967 0.01868
-0.23736 0.11178
-0.00644 0.58982
-0.02227 0.00059
-0.00550 -0.14944
-0.30904 0.00813
0.21584 -0.07734
-0.02199 0.00058
0.05390 -0.63323
-0.00025 0.02332
0.00000 0.00000
0.00438 -0.01953
-0.00797 0.73002
0.04539 0.08973
-0.00245 0.22440
-0.49951 -0.28998
0.08149 -0.01117
-0.02598 -0.70574
0.10802 -0.48126
-0.02903 0.00076
0.12507 0.00208
-0.34416 0.00906
-0.00488 0.00013
0.01523 0.67004
0.41284 -0.14793
0.01619 -0.00632
-0.23532 0.11082
0.01777 0.78170
0.07019 0.00117
-0.36683 0.00965
-0.00471 -0.12801
-0.17653 0.00465
0.07253 -0.32315
0.13850 -0.61710
-0.17532 0.00461
-0.01402 -0.38091
-0.07389 -0.04289
-0.00291 0.19754
-0.00256 0.23439
0.00665 0.29235
0.12102 0.00202
0.36228 -0.04968
-0.00241 0.22031
0.04987 -0.22219
0.00000 0.00000
0.68279 -0.24466
0.74760 -0.10251
-0.00719 -0.19533
0.00000 0.00000
-0.00642 0.58768
0.00000 0.00000
0.13114 -0.04699
-0.28839 0.00759
0.00000 0.00000
0.00000 0.00000
0.18812 -0.06741
-0.18725 0.00493
0.21443 0.00357
-0.04974 0.00131
-0.00451 0.41333
0.34279 0.00571
-0.00551 0.50467
-0.00508 0.46547
0.01297 -0.00178
-0.00305 -0.08279
-0.37600 0.00990
0.08652 -0.38549
-0.20539 0.00541
-0.00266 0.18082
0.01398 0.61519
-0.35433 0.00933
0.44013 0.31235
-0.17926 0.00472
0.01461 -0.17163
-0.24142 0.00635
-0.02929 0.00077
0.00000 0.00000
0.27204 0.19306
0.00000 0.00000
-0.24020 0.00632
0.16755 -0.06004
-0.00908 -0.24657
0.00272 0.11972
0.00213 -0.00951
-0.00132 0.12079
0.22588 0.00377
0.00000 0.00000
0.00000 0.00000
0.00000 0.00000
-0.00856 0.78358
-0.00049 0.04448
-0.27970 0.00736
-0.00398 -0.10818
0.00000 0.00000
0.00330 0.14502
-0.24671 0.00649
0.01145 0.50377
0.04875 -0.57273
-0.00735 0.67324
0.61177 -0.21921
-0.15295 0.07203
-0.00743 0.68062
0.00563 0.24784
-0.02684 -0.72894
0.45029 -0.06174
0.00505 0.22229
-0.01374 -0.37308
0.00080 -0.00935
-0.16657 -0.09670
0.00045 0.01987
-0.00217 0.19829
-0.09255 0.04359
-0.01036 -0.28145
-0.00172 0.15769
-0.00430 -0.11672
-0.07396 -0.04294
-0.00039 0.03532
0.00504 0.22172
0.09200 -0.40990
-0.00351 0.32106
-0.02357 -0.64019
-0.00618 0.56637
-0.38662 0.01018
0.59941 0.00999
-0.00286 0.26236
0.00000 0.00000
-0.00493 0.45181
0.46174 0.32768
-0.32212 0.00848
-0.00532 0.48754
0.13163 0.06032
-0.01559 -0.42341
0.25353 -0.09084
0.00000 0.00000
-0.00016 0.01475
-0.53504 0.01408
0.00329 0.14457
0.18396 0.13055
-0.16483 0.07763
-0.35908 0.00945
0.02051 -0.09139
0.01685 0.00772
0.17519 -0.06277
0.00000 0.00000
-0.65916 0.01735
0.02199 -0.09796
0.00638 0.00453
-0.02655 -0.72117
0.00000 0.00000
0.00421 0.18522
0.00569 0.25048
-0.00268 0.24586
-0.35244 0.00928
-0.00391 -0.10613
-0.00938 -0.25477
-0.19046 0.00501
-0.37688 0.00992
0.06246 -0.27829
-0.55617 0.01464
0.19992 0.14188
-0.01265 -0.34349
0.26634 0.00444
-0.00459 0.42075
0.00000 0.00000
0.07510 -0.33459
0.00213 0.09382
-0.23618 0.00622
-0.00204 0.18725
0.34925 -0.12514
0.00000 0.00000
-0.23814 0.00627
-0.00298 0.27293
0.30881 0.14152
-0.01694 -0.46023
-0.00343 -0.09322
0.00000 0.00000
0.00082 0.03601
0.06315 -0.74191
-0.00037 0.03421
-0.01144 -0.31082
0.21950 0.00366
0.00905 -0.00353
-0.01199 -0.32566
0.08924 0.00149
0.24040 -0.03296
-0.19896 -0.11550
0.06191 -0.72727
-0.00067 -0.00039
-0.00317 0.29003
-0.01311 -0.35617
0.00327 0.14399
-0.00134 -0.03653
0.00000 0.00000
0.01022 0.44974
-0.00242 0.22141
0.32113 0.14716
0.49620 -0.06804
-0.07779 -0.04516
0.17180 0.00286
-0.10531 0.00277
0.12819 -0.57116
-0.00213 -0.05798
0.01525 0.67092
-0.19850 -0.11523
0.03374 -0.26988
-0.17120 -0.09938
0.03473 -0.27778
0.00000 0.00000
0.29474 0.13507
0.00848 0.37286
0.00082 -0.00365
-0.00333 0.30505
-0.00882 0.80806
0.08323 -0.02982
-0.00594 0.54401
-0.00432 -0.11739
0.36923 0.00615
-0.16977 0.00447
0.09326 0.06618
0.37813 0.17328
-0.06370 0.03000
0.00074 0.03277
0.60357 0.01006
0.00000 0.00000
-0.00465 0.42593
-0.14376 -0.08346
0.04693 -0.55137
-0.12867 0.06059
0.46178 0.00770
0.00000 0.00000
0.00000 0.00000
0.03594 0.02550
0.36164 0.00603
-0.14186 0.06681
-0.00319 0.29240
-0.54333 0.01430
-0.02582 0.00068
-0.00362 0.00010
-0.36333 0.00956
-0.05244 0.02470
0.26768 -0.09592
0.01818 -0.14546
-0.00789 0.72261
0.09762 -0.43496
-0.01464 -0.39778
0.00989 0.43505
0.00811 0.35665
0.28701 -0.10284
0.00931 0.40963
0.04556 -0.01632
0.50410 0.00840
-0.14722 0.06933
0.04823 -0.21489
0.09632 0.00161
0.50634 -0.18143
0.00000 0.00000
0.00000 0.00000
0.03254 -0.38231
0.13922 0.00232
-0.57166 0.01505
0.39689 0.00662
0.02428 -0.10816
0.46153 -0.16538
0.35945 -0.04929
-0.00157 0.14345
-0.00119 0.10918
0.42081 -0.15078
0.01508 0.66342
-0.31199 -0.18112
0.06300 -0.50398
0.02091 -0.09316
-0.41122 0.19366
-0.00750 -0.20376
0.46826 -0.16779
0.15273 0.00255
-0.00518 0.47473
0.00060 0.02632
-0.00407 -0.11056
-0.11258 0.00296
-0.02324 -0.63126
0.00000 0.00000
-0.43336 -0.25157
0.07716 -0.34379
0.00000 0.00000
0.01027 -0.12064
0.10892 0.00182
0.09735 -0.43375
0.00547 -0.02437
0.46590 0.00777
-0.02618 -0.71123
0.01045 0.45986
-0.00372 0.34056
0.00511 0.00363
-0.45120 0.01188
0.01519 0.66811
0.19134 0.00319
-0.00687 0.62943
-0.02246 -0.60995
-0.01438 -0.39057
0.09757 -0.43472
0.00730 0.32120
0.13393 -0.59673
0.06692 -0.29815
-0.16788 0.00442
0.00507 0.22318
0.07560 -0.01037
0.40857 0.28995
0.23129 0.10599
0.11172 -0.49776
-0.30181 0.00794
-0.35878 -0.20828
-0.12801 0.06028
-0.17567 0.00462
0.00386 0.16974
-0.17018 0.00448
0.21852 -0.02996
-0.20060 -0.11646
0.05944 -0.02130
0.05863 -0.68873
0.04428 -0.19731
0.00000 0.00000
0.50217 0.23013
0.00067 0.02958
-0.30533 0.14379
0.01082 0.47581
-0.00425 0.38885
-0.23696 -0.13756
0.00000 0.00000
0.34506 0.00575
0.00049 0.02138
0.01070 0.47073
-0.01253 -0.34032
0.62331 0.01039
0.01331 -0.05931
0.00000 0.00000
-0.04101 0.01931
-0.10144 -0.05889
-0.31001 -0.17997
0.00925 -0.04121
0.31531 0.14450
0.02521 -0.29617
-0.50994 0.01342
0.00319 -0.00114
0.00000 0.00000
-0.01436 -0.39009
0.05532 -0.01982
0.02765 -0.12319
0.12991 -0.57881
-0.00011 0.01035
-0.15981 0.00421
0.00000 0.00000
0.00000 0.00000
-0.00505 0.46270
-0.00857 0.00023
0.00000 0.00000
-0.00091 0.08327
-0.00786 0.71968
0.56517 -0.20251
-0.24229 -0.06059
0.32499 -0.11645
0.00000 0.00000
0.00000 0.00000
0.39690 0.28167
0.00000 0.00000
-0.00175 -0.04755
-0.02812 0.01324
-0.25380 0.00668
-0.74301 0.01956
-0.00197 0.18083
-0.00811 0.74260
-0.01023 0.00027
0.14272 -0.63589
0.00228 0.10014
0.00000 0.00000
0.01031 0.45341
-0.00133 0.12174
-0.00245 0.22475
0.00000 0.00000
0.00667 -0.02970
0.16761 -0.74676
0.05700 -0.66963
-0.00912 0.83560
-0.07076 0.00186
-0.75288 0.01982
0.40891 -0.05607
-0.10183 -0.05911
-0.00395 0.36155
-0.19834 0.00522
0.00000 0.00000
0.00000 0.00000
-0.21715 0.00572
-0.15445 -0.08966
-0.01412 -0.38344
-0.67439 0.01775
-0.10931 0.00288
-0.10417 -0.06048
-0.01459 -0.39634
-0.05786 0.00152
0.00000 0.00000
0.18708 -0.06703
0.28319 -0.03883
-0.16590 -0.09631
0.38880 0.27592
-0.01689 0.00795
-0.00302 0.27691
0.00000 0.00000
0.00447 0.19657
0.00000 0.00000
-0.00420 0.38468
0.55655 0.25505
-0.26854 0.12647
0.19566 -0.07011
0.13135 -0.58522
0.17557 0.00293
0.00000 0.00000
-0.00016 0.01073
-0.09293 0.04376
-0.00232 0.21236
-0.39823 0.01048
0.21213 -0.02909
-0.20764 0.09779
0.01112 0.48898
-0.34838 0.00917
-0.18681 -0.10845
-0.01097 -0.29783
0.41183 0.00686
0.00485 0.21331
-0.41406 0.01090
-0.57018 0.01501
-0.13784 0.00363
0.09243 -0.03312
0.00856 0.37637
-0.00230 -0.06259
0.00717 0.31560
-0.12529 -0.07274
0.04706 -0.20969
0.00000 0.00000
-0.23709 0.00624
-0.39639 0.01043
0.09581 -0.42685
0.00000 0.00000
0.21078 0.14958
0.47833 0.21920
0.00476 0.20922
0.01815 -0.21328
0.20906 -0.02867
0.14385 -0.05155
0.00000 0.00000
-0.37308 0.00982
0.00000 0.00000
-0.02127 -0.57766
-0.11352 0.00299
-0.45042 0.01185
0.07878 0.00131
0.00000 0.00000
0.00000 0.00000
0.00703 -0.00252
-0.44488 0.01171
0.03867 -0.45428
0.09722 -0.43315
0.04729 -0.55555
0.01370 -0.06104
-0.00731 -0.19867
0.76482 0.01275
0.00000 0.00000
-0.00357 0.32673
0.00000 0.00000
0.00000 0.00000
-0.27139 0.00714
0.00000 0.00000
-0.42128 0.01109
0.00161 -0.00063
-0.00126 0.11565
0.01487 0.65409
0.25003 -0.03428
-0.00696 0.63712
0.04917 -0.39332
-0.46574 0.01226
-0.05654 0.00149
-0.03016 0.01420
0.00896 -0.03991
0.26456 -0.09480
0.00000 0.00000
-0.04083 -0.02370
0.07862 -0.35027
0.22344 -0.08006
-0.00052 0.04750
-0.00567 0.51924
0.66793 -0.23933
0.00250 0.10980
0.00561 0.24676
0.00000 0.00000
-0.00580 0.53135
0.52393 -0.18774
-0.00219 -0.05957
-0.13571 0.06391
0.16087 -0.05764
-0.01808 -0.49106
0.09420 0.06685
-0.52889 0.01392
-0.00993 -0.26981
-0.00217 0.19917
0.03519 -0.15677
-0.23002 0.00605
-0.40432 -0.23472
0.60571 -0.21704
-0.13461 0.06340
0.17303 0.07929
-0.19513 0.09189
0.00955 -0.11214
-0.45659 0.01202
-0.00385 0.35247
0.00000 0.00000
0.00203 0.08929
0.00150 0.06614
-0.42494 0.01118
0.01695 0.74588
0.65108 -0.23330
-0.02204 -0.59858
-0.07309 0.03442
-0.00050 0.03419
0.00000 0.00000
0.12559 -0.55956
0.11444 -0.50989
0.00766 0.33715
0.03936 -0.17538
-0.00689 0.63138
0.01039 0.45700
0.00217 0.09533
0.00000 0.00000
-0.00698 0.63960
-0.01654 0.00779
0.11177 -0.49799
0.42162 -0.05781
-0.26054 -0.15125
0.10146 -0.45205
-0.00233 0.21368
-0.00572 -0.15548
0.00000 0.00000
0.04357 -0.19411
0.02580 -0.30305
-0.00211 0.19303
0.10096 -0.80757
0.00010 0.00448
-0.18728 0.08820
-0.53207 0.01400
0.02316 -0.27206
0.39023 0.00650
0.00000 0.00000
0.08773 0.04020
0.02670 -0.00957
-0.00766 -0.20796
0.07705 0.03531
-0.61820 0.01627
-0.45724 -0.26544
-0.00857 0.78505
0.00233 0.10235
-0.00142 0.13033
-0.18820 0.00495
-0.02223 -0.60377
-0.00472 0.43268
0.22991 0.00383
0.17120 -0.06134
0.01193 0.52478
0.11375 -0.50682
0.00113 0.04964
0.00000 0.00000
0.62841 -0.22517
0.00000 0.00000
-0.00025 0.02335
-0.00015 0.01376
-0.02248 -0.61066
-0.00101 0.06883
0.02372 0.04689
0.43085 0.00718
0.01543 0.67889
-0.50683 0.01334
0.03235 -0.25875
-0.00029 0.02632
-0.34769 0.00915
0.01779 0.78272
0.59135 0.00986
-0.00405 -0.11014
-0.38379 0.01010
-0.12983 0.00342
-0.02704 0.01273
0.41498 -0.14870
-0.24230 -0.14066
0.05858 -0.26100
0.00000 0.00000
-0.00617 -0.16769
0.00629 -0.00245
-0.47423 0.01248
0.00279 0.12279
0.14241 0.10107
-0.01802 -0.48952
0.00000 0.00000
-0.00184 0.16835
0.02716 0.01927
-0.06908 0.00182
0.00929 0.40853
-0.01329 0.00626
-0.15466 0.00407
0.65179 0.01086
-0.58230 0.01533
0.29039 0.20608
-0.16121 0.00424
-0.00415 0.38016
-0.27098 -0.15731
0.12405 0.05685
-0.00198 0.18103
-0.30108 0.14179
-0.62785 0.01653
0.00000 0.00000
-0.02076 0.00055
-0.00011 0.00981
-0.12800 0.00337
0.38653 0.27431
-0.62145 0.01636
-0.00741 0.67852
0.00000 0.00000
-0.15633 -0.09076
-0.00054 0.04989
-0.62648 0.01649
-0.00911 0.83470
-0.01923 -0.52231
-0.00217 -0.05896
0.00000 0.00000
-0.00266 0.18052
-0.00886 0.81132
-0.00020 0.01383
-0.45374 0.01194
-0.16034 0.00422
-0.04210 -0.02444
0.24427 -0.03349
-0.00619 0.56702
0.05790 0.00097
0.00428 0.18838
-0.00170 -0.04629
0.42943 0.30475
-0.43150 0.01136
0.01047 0.46072
-0.00227 0.20794
-0.00848 -0.23041
-0.45708 -0.26535
0.56958 0.00949
0.15000 -0.66833
-0.02853 0.00075
-0.00665 0.60935
-0.00249 -0.06765
0.24617 0.17470
-0.00611 0.55963
-0.01315 -0.35708
0.04102 -0.18275
-0.22253 0.00586
0.00000 0.00000
0.00000 0.00000
0.03893 -0.45732
0.02504 -0.11156
-0.54257 0.01428
0.41943 -0.15029
0.00000 0.00000
-0.01679 -0.45608
-0.00615 0.56315
0.05452 -0.64048
-0.00184 0.16889
0.57721 -0.20683
0.13318 -0.04772
0.05671 -0.25268
0.12165 -0.54202
0.43148 -0.15461
0.00000 0.00000
0.46800 0.00780
0.04505 -0.20070
-0.15163 0.07141
0.01134 -0.13319
-0.76290 0.02008
-0.01812 -0.49210
0.00884 0.38900
0.18973 0.13464
-0.01211 -0.32887
0.02184 0.00036
0.46022 -0.16491
0.24369 -0.08732
-0.00264 -0.07160
0.27352 0.19411
0.00000 0.00000
-0.00726 0.66484
0.00000 0.00000
0.00000 0.00000
0.37238 0.00621
-0.00777 -0.21102
-0.00436 -0.11856
0.13916 -0.04986
0.00000 0.00000
0.00000 0.00000
0.05657 -0.25204
0.00429 -0.03433
-0.43212 0.01137
0.00000 0.00000
-0.00417 0.38188
0.35117 -0.12583
-0.01275 -0.34624
0.00530 0.23325
0.07441 -0.33153
0.00597 0.26283
0.00359 0.15812
-0.00096 0.06524
0.04289 -0.19110
-0.02272 -0.61715
-0.01871 -0.50815
0.00000 0.00000
-0.30710 -0.17828
0.17311 -0.77130
-0.42447 0.19990
0.08123 -0.36193
0.00000 0.00000
0.10788 -0.48066
-0.33094 0.00871
0.12503 -0.55707
0.00000 0.00000
0.18162 0.00303
-0.15687 -0.03923
0.00000 0.00000
-0.37255 -0.21627
0.00826 0.36344
-0.42116 0.01108
-0.15327 -0.08898
0.09079 -0.40452
0.00357 0.15692
-0.00096 -0.02595
-0.03091 -0.01795
0.00000 0.00000
-0.33113 0.15594
-0.00103 0.09436
0.00470 0.20665
-0.07991 -0.04639
0.62478 0.01041
0.01841 -0.00660
-0.00409 -0.00237
-0.00411 0.37597
-0.24551 0.00646
-0.00441 0.40422
0.04935 -0.57975
0.00000 0.00000
0.36357 0.25801
0.00843 0.37106
0.65207 -0.23365
-0.63526 0.01672
0.13047 -0.58130
-0.66281 0.01744
0.00214 -0.00955
0.05988 -0.70349
-0.15394 -0.08936
0.03337 -0.14866
-0.00303 0.00008
0.02560 0.01816
-0.04183 -0.02428
0.00000 0.00000
0.05524 -0.01979
-0.00245 -0.06654
-0.00070 0.00033
0.13130 -0.01800
0.01551 0.68226
0.00331 0.14576
0.04847 0.03440
-0.42897 -0.24903
0.01830 -0.00656
0.00728 -0.00261
0.00306 0.13456
0.00000 0.00000
-0.00720 0.65961
-0.00661 -0.17950
0.05868 -0.68937
-0.00810 0.74153
0.11140 -0.49632
0.00000 0.00000
-0.05875 0.02767
-0.00090 -0.00052
0.00000 0.00000
-0.18353 -0.10654
0.09817 -0.03518
-0.18616 0.08767
-0.23137 0.00609
0.13913 -0.61991
0.00009 0.00388
-0.47995 0.01263
0.00000 0.00000
-0.57730 0.01519
-0.45086 0.01187
0.32575 0.00543
-0.01647 -0.44739
0.00000 0.00000
0.22699 -0.08133
-0.00720 0.65932
-0.67817 0.01785
0.01341 -0.10725
0.07259 0.05151
0.08724 -0.38869
0.19001 -0.02605
0.28634 0.00477
0.00519 0.22828
0.14697 -0.65482
-0.00252 0.23034
0.25392 0.18020
0.00998 0.43914
-0.01901 -0.51624
0.02372 -0.27866
-0.08715 -0.05059
-0.00376 -0.10210
-0.00278 0.25468
0.17812 -0.06382
0.38963 0.00649
0.04358 -0.51194
0.65401 0.01090
0.17949 -0.79973
-0.09791 0.00258
-0.46001 0.01211
-0.35972 0.16941
0.00860 0.37834
0.13378 0.09494
-0.02710 0.00071
-0.11258 0.00296
-0.15474 0.00407
0.00088 0.03864
-0.17356 0.00457
-0.00354 0.32460
-0.08991 0.04234
0.53128 -0.19037
-0.29534 0.13909
-0.21353 -0.12396
-0.46555 0.01225
-0.00243 0.22235
-0.00558 -0.15152
0.36974 0.00616
0.10409 -0.03730
0.00000 0.00000
0.21475 -0.02945
0.00000 0.00000
-0.00875 0.80175
0.00296 0.13002
-0.00245 0.22442
-0.01408 -0.38251
0.05685 -0.45474
-0.09490 -0.05509
0.00464 0.20398
-0.00331 0.30339
0.33899 0.00565
0.07104 -0.83453
-0.02468 -0.67023
0.39500 0.18101
-0.09108 -0.02277
-0.23854 -0.13848
0.28474 -0.10203
0.01369 0.60240
-0.00528 -0.14341
0.00731 0.32170
0.00112 0.04942
0.00609 -0.02712
-0.00299 0.27378
-0.12011 -0.06973
-0.00610 0.55865
0.06990 -0.82125
0.40096 0.18375
0.00148 0.06530
0.22215 -0.07960
0.01022 0.44964
0.00866 0.38105
0.05902 -0.02115
-0.15815 0.00416
0.00000 0.00000
-0.04427 0.00117
0.72343 -0.25922
-0.01582 -0.00919
0.00768 0.33776
0.00000 0.00000
0.56411 -0.07735
0.06332 -0.02269
0.00279 0.12254
-0.00573 0.52507
0.53884 0.00898
-0.00085 0.07787
-0.00600 -0.16302
0.52205 -0.18706
-0.20308 0.00535
0.25087 0.00418
-0.00098 0.08930
0.12602 -0.56149
0.01265 0.55635
-0.20696 0.00545
0.05572 -0.24827
-0.01913 -0.51970
0.09287 -0.03328
-0.00070 0.06454
0.00095 0.04164
0.00144 0.06316
-0.34891 0.00918
-0.00694 -0.18844
-0.00673 0.61645
-0.10353 0.04876
0.01599 0.70331
-0.01001 -0.27187
0.26896 -0.09638
0.06506 -0.00892
0.18847 -0.02584
-0.11920 0.05613
-0.03560 0.00094
0.02256 -0.10051
-0.22424 0.00590
0.31707 0.22501
-0.01128 -0.30650
-0.00168 0.15366
0.00510 0.22418
0.02261 0.04471
-0.00530 0.48551
-0.06659 0.00175
0.00919 0.40430
-0.00507 0.46468
-0.21354 0.00562
0.32816 0.15039
-0.49986 0.01316
0.04789 0.00080
0.16076 0.11409
-0.01979 -0.53750
0.00000 0.00000
0.10620 -0.47315
-0.00069 0.06332
-0.30384 0.00800
0.01031 0.45340
0.09439 -0.42057
-0.49226 0.01296
-0.10953 -0.06359
0.13831 -0.61624
0.20743 0.14721
-0.00231 -0.06277
-0.00073 0.06684
-0.00228 0.20865
0.00704 0.30958
0.00000 0.00000
-0.01441 -0.39129
0.64163 -0.22991
-0.01303 -0.35381
0.00000 0.00000
0.40745 -0.05587
0.03328 -0.39103
-0.00233 0.00110
-0.31808 0.00837
0.00163 -0.01915
-0.00648 0.59357
-0.00412 -0.11203
0.06333 -0.74396
-0.10352 -0.06010
-0.00232 0.21275
-0.45412 0.01195
0.06005 -0.26753
-0.39876 0.01050
-0.00366 0.33510
0.28592 -0.10245
-0.53906 0.01419
0.54620 -0.19572
0.02642 -0.11772
0.00368 0.16175
-0.00481 0.44095
0.33604 -0.04608
0.31740 -0.11373
-0.19410 0.09141
0.01613 -0.07185
0.02196 -0.09782
-0.00268 0.24548
0.06445 -0.28714
0.00987 0.43422
-0.00145 0.13295
0.17395 -0.77504
0.09546 0.18871
-0.20411 0.00537
-0.01023 -0.27775
0.10945 -0.01501
0.05143 0.03650
-0.40263 0.01060
0.39741 -0.05449
-0.01408 -0.38237
-0.52804 0.01390
0.00988 -0.11607
0.00000 0.00000
0.21786 -0.07806
0.00000 0.00000
0.02548 0.01004
0.00585 0.25741
0.04543 0.08981
0.04963 -0.58311
0.01462 0.64312
0.01469 0.64628
-0.00423 0.38736
OK
