0.00000 0.00000
0.08394 0.13463
0.00000 0.00000
-0.00097 0.00175
0.19570 -0.23874
0.00000 0.00000
0.16202 -0.09973
0.23613 -0.19475
0.01202 -0.32885
0.17965 0.26535
0.00000 0.00000
0.00107 -0.02941
0.06002 -0.01030
-0.32973 0.04582
0.00000 0.00000
0.00000 -0.00000
0.22687 -0.13965
0.06628 -0.04080
0.00000 -0.00000
0.00000 0.00000
0.00014 -0.02129
0.00370 -0.10122
0.00000 0.00000
0.00000 0.00000
-0.02983 0.05393
0.07375 -0.22018
0.00000 -0.00000
0.15876 -0.13973
0.12685 0.20345
0.00000 0.00000
0.15406 0.24709
0.08213 -0.01409
0.00031 -0.04833
0.15850 0.25421
0.00000 0.00000
0.00000 0.00000
0.00000 0.00000
0.00385 0.11419
0.10524 0.16879
0.00000 0.00000
0.00000 0.00000
0.00648 0.19228
0.00062 0.01832
0.17131 -0.02940
0.00000 0.00000
0.00000 0.00000
-0.19791 -0.04262
0.00000 0.00000
0.00000 0.00000
0.00706 -0.19319
0.05201 0.08341
-0.22412 0.11969
-0.10623 0.05673
0.14833 0.23791
-0.01023 0.28009
0.00000 0.00000
0.00000 0.00000
0.00000 0.00000
0.00000 0.00000
0.00000 0.00000
0.00000 0.00000
0.00089 -0.13806
-0.20382 0.10885
0.00000 -0.00000
0.02499 0.13823
0.10820 0.17354
0.08339 0.09743
-0.01830 0.03310
0.00000 0.00000
0.01637 0.02626
0.08963 0.14375
0.00000 0.00000
0.01201 -0.32872
0.00000 0.00000
0.00000 0.00000
0.00000 0.00000
-0.19143 0.10224
0.18032 -0.26612
0.00770 0.22836
0.16282 0.19025
-0.10938 0.16143
0.00000 0.00000
0.03373 0.10045
0.00000 0.00000
0.00000 -0.00000
0.00000 0.00000
0.00000 -0.00000
-0.15712 -0.03383
0.00000 0.00000
0.13030 0.20899
0.00000 0.00000
0.00739 0.21934
-0.12524 0.22645
0.00111 -0.03045
0.00423 0.12537
0.00000 0.00000
0.00547 -0.14983
0.00000 0.00000
0.00672 0.19932
0.00089 0.00092
-0.00103 -0.00022
0.16538 -0.07090
0.00000 0.00000
-0.21400 -0.00269
0.00000 0.00000
0.00000 0.00000
-0.29871 -0.00376
0.16645 0.26697
-0.05659 0.03022
0.02052 -0.02504
0.15847 -0.02719
-0.04845 -0.00061
0.15203 0.24383
0.02995 0.04803
0.00000 0.00000
0.00000 0.00000
0.00000 0.00000
0.00000 0.00000
0.06479 0.10392
0.03707 0.05946
0.00000 0.00000
0.01384 0.02220
0.02140 0.32463
0.11987 0.14006
0.02977 -0.01832
-0.11747 -0.00148
-0.21019 -0.00265
0.01130 -0.30938
0.00000 0.00000
0.00000 0.00000
-0.06600 -0.01421
0.00000 0.00000
0.00000 0.00000
0.00208 -0.05687
-0.04209 0.07610
-0.00104 0.16140
-0.08745 0.03380
0.07881 0.09209
0.02416 -0.01487
-0.23334 -0.00294
0.00068 -0.10522
0.01226 0.01433
0.00000 0.00000
0.22859 0.36662
0.00000 -0.00000
-0.00291 0.07966
-0.09096 -0.01959
0.00000 0.00000
0.00000 0.00000
-0.07367 -0.00093
0.00000 0.00000
-0.39306 -0.00495
0.02456 -0.02026
-0.01349 -0.00017
-0.16808 -0.03619
0.11745 -0.07229
0.00000 0.00000
0.17197 -0.14183
-0.20963 -0.04514
0.04144 0.06646
0.04296 -0.12825
0.00000 0.00000
0.00000 0.00000
0.00000 0.00000
0.00040 -0.06244
-0.00464 0.00840
0.00000 -0.00000
-0.23349 -0.05028
0.11046 -0.19972
0.00000 0.00000
0.00000 0.00000
0.14306 0.42606
0.00000 0.00000
-0.02589 -0.00557
0.00939 0.01097
0.00000 0.00000
0.14450 0.16884
0.00000 0.00000
0.16525 0.26503
0.05357 0.43855
0.00000 0.00000
0.00000 0.00000
0.00000 0.00000
0.00524 0.15555
0.00336 0.00539
0.00000 0.00000
0.00000 0.00000
0.04563 0.04682
0.00000 0.00000
0.00000 0.00000
0.00000 0.00000
0.00000 0.00000
-0.38660 -0.00487
0.00000 -0.00000
-0.42244 -0.00532
0.20835 -0.03575
0.00104 -0.02837
0.19032 -0.12528
0.00000 0.00000
0.00000 -0.00000
0.00266 0.07880
0.08105 -0.24197
0.01775 -0.00305
0.00755 -0.20655
0.00008 -0.00213
0.16238 -0.06276
-0.24096 -0.05189
0.00000 0.00000
0.00000 0.00000
0.00122 -0.03348
0.00000 -0.00000
0.01008 0.01616
-0.22256 -0.04793
0.00000 0.00000
0.10224 0.30450
0.00000 -0.00000
0.02337 -0.00401
0.00020 -0.03164
0.00000 0.00000
0.00347 -0.09502
0.00000 0.00000
0.00515 0.15283
0.00209 -0.05734
-0.22754 -0.04900
-0.34626 0.05942
0.00000 0.00000
-0.13465 -0.02900
0.00000 0.00000
-0.24246 -0.00305
0.00054 -0.01474
0.00000 0.00000
-0.23018 -0.00290
0.00000 -0.00000
0.00045 -0.01225
-0.04981 0.09005
-0.13554 0.07239
0.00000 0.00000
-0.21190 -0.00267
0.10789 -0.32209
0.00000 0.00000
-0.12408 -0.02672
0.00000 0.00000
-0.07796 -0.01679
0.06254 -0.18671
0.00310 -0.00053
0.07137 -0.01225
-0.02092 -0.00026
0.00000 0.00000
0.00000 0.00000
0.00045 -0.07006
-0.08123 0.01197
0.17451 0.27989
0.00000 0.00000
0.00000 0.00000
0.00000 0.00000
0.00000 0.00000
0.17900 0.26439
0.00409 0.12143
0.22567 -0.18612
0.00000 0.00000
0.00000 -0.00000
0.00549 -0.00338
0.00000 0.00000
0.03100 0.04972
0.00727 -0.19901
0.03690 -0.02271
0.03289 0.03843
-0.29880 -0.00376
0.03534 0.10524
0.00000 0.00000
0.00000 0.00000
0.05161 0.42244
0.00000 -0.00000
0.00430 -0.11778
0.00165 -0.04522
0.12636 -0.05417
0.00000 0.00000
0.00000 0.00000
0.00000 0.00000
0.00000 0.00000
-0.34680 0.05951
-0.22786 0.03910
0.00000 0.00000
-0.03834 -0.01898
0.00000 -0.00000
-0.22192 -0.00279
0.00000 0.00000
0.00000 0.00000
0.00000 0.00000
0.11967 -0.02054
0.00000 0.00000
-0.00213 0.33011
0.00000 -0.00000
0.12249 0.19645
0.02391 0.03835
0.14860 -0.09147
-0.36107 -0.00455
0.08358 -0.24953
0.02451 -0.03553
0.01454 -0.00250
0.07418 -0.09049
0.00000 -0.00000
0.00648 -0.17726
0.00489 -0.13382
0.00221 -0.06049
-0.15897 -0.03423
0.06594 -0.04059
0.00000 0.00000
-0.22576 -0.04861
0.00000 -0.00000
-0.37157 -0.00468
0.17914 0.28731
-0.12636 0.01861
0.00000 0.00000
0.00000 0.00000
0.07095 0.00931
0.00000 0.00000
0.19766 0.31701
0.00176 -0.04815
0.07919 0.08126
0.00000 0.00000
-0.00623 -0.00134
0.00028 -0.00772
-0.11098 0.05927
0.00287 0.08512
0.00000 0.00000
0.13076 0.20972
0.08408 0.13485
-0.09847 0.17805
0.00000 0.00000
0.01224 0.00161
0.00000 -0.00000
-0.09776 0.03778
0.02805 0.04499
0.00000 0.00000
-0.09581 0.17323
0.00000 0.00000
0.00586 0.17373
0.00000 0.00000
0.01233 -0.00212
0.00000 0.00000
0.00000 0.00000
-0.10445 -0.02249
-0.10804 0.05770
0.00000 0.00000
0.00000 0.00000
0.00000 0.00000
-0.01010 0.27638
0.00000 0.00000
0.00000 0.00000
-0.09930 -0.00125
0.00000 0.00000
-0.35407 -0.00446
-0.21105 -0.04545
-0.16637 -0.00209
-0.00535 -0.00115
0.07511 -0.09163
-0.10807 0.04177
0.10982 0.17613
0.00000 0.00000
0.00000 0.00000
0.03400 -0.08108
0.00000 0.00000
0.00000 0.00000
0.00000 0.00000
0.11748 0.18842
0.03934 -0.03245
-0.06215 -0.01338
0.00000 0.00000
0.00000 0.00000
0.00132 -0.03604
0.00051 -0.07934
0.00038 0.01121
0.00285 -0.00175
0.00800 0.01283
0.00000 -0.00000
-0.16623 0.02449
0.24702 -0.20373
0.21411 -0.11435
0.10702 0.17164
0.02904 0.03394
-0.09843 -0.00124
0.02255 0.18457
0.00000 0.00000
-0.07203 -0.00091
-0.06616 -0.03274
0.00000 0.00000
0.01101 0.01129
0.00000 0.00000
-0.00055 0.00031
0.01976 -0.00339
-0.00010 0.00024
0.13479 0.21618
0.13478 -0.05209
-0.24527 -0.00309
0.00769 0.22807
-0.06266 -0.00079
0.00000 0.00000
-0.02255 0.04078
0.00169 -0.04620
0.00000 0.00000
0.01922 -0.03561
0.00000 0.00000
0.01030 -0.28192
0.01756 -0.01081
0.00000 0.00000
-0.05410 -0.00068
0.00000 0.00000
0.00357 0.00573
-0.00216 0.00390
0.00000 0.00000
0.00000 -0.00000
0.04531 -0.00778
0.06354 -0.15153
-0.09156 -0.01972
0.00000 -0.00000
0.00000 0.00000
-0.06076 -0.01308
-0.03311 -0.00042
-0.05303 -0.00067
0.00000 0.00000
0.01802 0.02890
0.00000 0.00000
0.07613 -0.01306
-0.17137 -0.00216
0.00000 -0.00000
0.10306 -0.01768
0.14235 -0.20636
0.00000 0.00000
0.12955 0.38583
0.01273 -0.34851
0.11340 0.18188
0.00571 -0.15635
0.00660 0.19565
0.00000 0.00000
0.00000 0.00000
-0.33543 -0.00422
0.07413 -0.01272
-0.00047 -0.00069
0.00000 -0.00000
0.00000 0.00000
0.00000 -0.00000
0.00000 0.00000
0.01253 -0.34281
0.17445 -0.02993
0.06181 -0.01061
0.00000 0.00000
0.00000 0.00000
0.00584 0.17313
0.01887 -0.04500
0.06998 0.00919
0.00000 0.00000
0.00000 0.00000
-0.16066 -0.03460
0.00303 -0.08298
0.00000 0.00000
0.00000 0.00000
0.00000 0.00000
-0.15835 -0.00199
0.02816 -0.00483
-0.01808 -0.00389
0.00081 -0.02225
0.00000 0.00000
0.04326 -0.12916
0.00000 0.00000
-0.04378 -0.00943
0.15467 -0.02654
0.01515 -0.41452
0.00130 0.03858
0.03228 -0.01987
0.00513 -0.00088
0.00000 0.00000
0.14978 -0.12354
0.00000 0.00000
0.07611 0.12208
0.00000 0.00000
0.00386 -0.10574
0.00000 0.00000
0.00000 0.00000
-0.08160 -0.01757
0.00259 0.00416
0.00000 0.00000
0.00000 0.00000
0.00000 0.00000
0.00000 0.00000
0.00000 0.00000
0.00000 0.00000
0.05585 -0.03438
0.02913 0.04302
-0.18675 0.07218
0.00000 0.00000
0.00119 0.03539
0.00000 0.00000
0.29005 -0.23922
0.09492 0.15223
0.00000 0.00000
0.11786 -0.35185
0.00000 0.00000
0.00000 -0.00019
0.00000 0.00000
0.01076 -0.29459
0.09116 -0.05611
0.06443 -0.03966
0.04037 0.04142
0.00000 0.00000
0.00592 0.00949
0.07292 0.40333
0.04601 0.07380
0.00000 0.00000
0.00000 0.00000
-0.22062 -0.04751
-0.31178 0.04333
0.00429 0.12717
0.00000 0.00000
0.00000 0.00000
0.10756 0.11037
-0.01170 -0.00579
0.00000 0.00000
-0.03732 -0.00804
0.04525 -0.00777
-0.00810 -0.00174
0.00000 0.00000
-0.15960 -0.00201
0.17193 -0.20974
0.00000 0.00000
0.14365 0.23040
-0.09254 0.16732
-0.04229 -0.00053
0.18864 0.30254
0.00000 0.00000
0.00000 0.00000
0.00000 0.00000
0.08961 0.01176
-0.10242 -0.02206
0.00000 -0.00000
0.00000 0.00000
-0.07644 -0.01646
0.00000 0.00000
0.08801 0.14115
0.15695 -0.06066
0.06787 -0.20261
0.00000 0.00000
-0.16507 -0.03555
0.00000 0.00000
0.00000 0.00000
0.05777 0.05927
-0.17775 -0.03828
0.00000 0.00000
0.20245 0.32470
-0.26134 -0.05628
0.00000 0.00000
0.00000 0.00000
0.00000 -0.00000
0.00000 0.00000
0.00000 0.00000
0.00000 -0.00000
-0.00091 0.14171
0.12336 0.19785
0.00000 0.00000
0.00064 -0.09888
0.00000 0.00000
0.00000 0.00000
0.00000 0.00000
0.16058 -0.09884
0.00009 0.00015
-0.14923 0.07970
0.00477 -0.13060
-0.01198 0.02166
-0.00157 -0.00034
0.00000 -0.00000
0.00901 -0.24663
0.19405 -0.23672
0.00216 0.00346
0.01839 0.02148
0.00000 0.00000
-0.03869 0.05710
0.00329 0.00527
0.00449 0.13332
-0.28192 -0.06071
0.00000 0.00000
-0.43716 -0.00550
0.00000 0.00000
0.15436 -0.28598
-0.03508 -0.00198
-0.00861 0.23574
0.17251 -0.06667
0.00000 0.00000
-0.11774 0.17377
0.00000 0.00000
0.00000 0.00000
0.00000 0.00000
0.00000 0.00000
0.05647 0.09057
0.03613 -0.02224
0.00000 0.00000
0.00000 0.00000
0.10547 0.31411
0.00000 0.00000
0.14414 -0.20896
0.00000 0.00000
-0.35153 -0.00443
0.10827 0.17365
-0.02430 0.04394
0.12904 0.01694
-0.10844 0.01597
0.00000 0.00000
0.00000 0.00000
0.14228 0.22820
0.00000 0.00000
0.00464 -0.00383
0.00000 0.00000
-0.04238 -0.02097
0.05172 0.08294
0.01353 -0.37020
0.00000 0.00000
0.00879 0.00902
0.00000 0.00000
0.00000 0.00000
-0.05546 -0.01194
-0.01108 0.00428
0.00000 0.00000
0.11930 -0.35616
0.00000 -0.00000
0.00315 0.09329
0.00000 0.00000
-0.04447 -0.02201
0.00183 -0.00223
-0.01209 0.00646
-0.21539 -0.00271
0.00000 0.00000
0.00000 0.00000
0.01294 -0.35407
0.08360 -0.01434
0.00000 0.00000
0.08995 -0.16665
0.00000 0.00000
0.20650 -0.03543
0.00000 0.00000
0.00000 0.00000
0.00000 -0.00000
0.03814 0.06117
-0.04075 -0.00878
0.09819 -0.08642
0.00000 0.00000
0.00000 0.00000
0.00004 -0.00560
0.00000 0.00000
0.12770 -0.04936
0.00000 0.00000
0.00000 0.00000
-0.10031 0.05357
0.16801 0.26947
0.01057 -0.28942
0.00000 0.00000
0.00000 0.00000
0.00000 0.00000
0.01445 0.42845
0.08669 -0.05336
-0.03608 0.00532
0.11226 0.18005
0.00883 0.26197
0.00000 -0.00000
-0.00245 0.37990
0.10683 0.17135
-0.20890 -0.04499
0.01844 0.02957
0.12163 -0.05215
0.08015 -0.01375
0.04160 0.06671
0.00000 0.00000
0.00323 -0.08833
0.01312 0.38924
0.00309 -0.08449
0.10102 -0.01733
0.00000 0.00000
0.00000 0.00000
-0.10389 0.01531
0.00000 0.00000
0.00000 0.00000
0.00000 0.00000
0.00095 -0.02586
0.00000 0.00000
0.00042 -0.06519
-0.04838 -0.00061
-0.01842 -0.00397
-0.00671 -0.00332
-0.04791 -0.00060
0.00000 0.00000
0.00000 0.00000
0.00000 0.00000
-0.01571 -0.02320
0.06980 -0.04296
0.00000 0.00000
-0.02701 0.04884
-0.00096 0.14857
-0.03153 0.05701
0.03315 -0.04044
-0.19719 -0.04246
0.00000 0.00000
0.00000 0.00000
0.01965 0.03152
0.00000 0.00000
0.04084 0.06550
0.19881 0.31886
0.00187 0.05537
-0.09090 0.04855
0.00000 0.00000
-0.06098 0.03256
0.00000 0.00000
0.00000 0.00000
0.00641 0.19003
0.00000 0.00000
-0.00683 0.01235
-0.18913 0.07310
0.00000 0.00000
0.00274 -0.07499
-0.38519 -0.00485
-0.08342 0.04455
0.00000 0.00000
0.01313 0.38957
0.00000 0.00000
0.00000 0.00000
0.00023 -0.03526
0.11868 -0.06761
0.08544 0.08767
-0.03863 -0.01912
0.00913 0.01464
0.00945 0.28025
0.00000 0.00000
0.09216 -0.11242
-0.06845 0.12376
0.00000 0.00000
0.00000 0.00000
0.10742 0.17229
0.00808 0.23960
0.00000 0.00000
-0.22802 -0.04910
0.16336 0.26201
0.00000 0.00000
0.00697 0.20663
-0.05149 -0.02548
-0.17056 -0.00215
0.00000 -0.00000
0.18240 0.29255
0.00000 0.00000
0.00000 0.00000
0.00000 -0.00000
0.18728 -0.11528
-0.01059 0.01915
0.00210 -0.05742
0.00396 -0.10846
0.00000 0.00000
-0.11715 -0.02523
0.08085 0.09447
0.14773 -0.02535
0.00000 -0.00000
-0.05699 0.10304
-0.20371 -0.04387
0.04759 0.38957
0.01220 -0.33379
0.05971 -0.03676
0.00000 0.00000
0.00000 0.00000
-0.15151 -0.03263
0.12163 -0.36311
0.00000 0.00000
0.01215 -0.33255
0.00377 -0.10313
0.00000 0.00000
0.00000 0.00000
0.06397 0.10260
0.02060 0.03305
0.01361 -0.37259
-0.01255 0.34344
0.01498 0.02402
0.00000 -0.00000
0.00000 0.00000
0.08659 -0.12779
-0.01683 -0.00021
0.01389 0.01425
0.00015 -0.02351
0.00000 0.00000
0.16118 -0.02766
0.08630 0.13842
0.00000 0.00000
0.00000 0.00000
0.18650 0.29912
0.00000 0.00000
-0.02671 -0.01322
0.00000 -0.00000
0.04707 -0.05743
0.21813 0.34985
0.00000 0.00000
0.05570 0.45597
0.00599 0.17759
0.00000 -0.00000
0.07729 0.12395
0.04284 -0.02637
0.06060 0.33521
0.00000 0.00000
0.04011 -0.02469
0.08239 -0.24598
0.09596 -0.07914
0.00000 0.00000
0.07357 0.21911
0.00000 0.00000
0.01549 -0.01890
0.00000 0.00000
0.08783 0.26159
0.00000 0.00000
0.09277 -0.22125
0.00000 0.00000
0.05740 0.09206
0.00608 0.00624
-0.02635 -0.00568
0.01550 0.01591
-0.14580 0.07786
0.10461 0.16778
0.00255 -0.06969
-0.02950 -0.00635
0.00000 0.00000
0.01594 -0.00981
0.00000 0.00000
-0.34216 -0.00431
0.05872 0.06860
0.00496 0.14703
0.00000 0.00000
0.15820 -0.13047
-0.03052 -0.00657
-0.36103 -0.00455
0.13702 -0.24775
0.00000 0.00000
0.00000 0.00000
0.00000 0.00000
0.00000 0.00000
0.12729 -0.02184
0.00000 -0.00000
0.24557 -0.15116
0.16357 -0.19954
0.03241 -0.01995
0.07607 0.12201
0.00000 0.00000
-0.10141 -0.00128
0.01240 -0.33924
0.00895 0.01435
0.10179 -0.30389
-0.00156 -0.00231
0.07790 0.09102
0.00000 -0.00000
0.00000 0.00000
0.00000 0.00000
0.00000 -0.00000
0.00000 -0.00000
-0.20144 -0.00254
0.00000 0.00000
0.13375 -0.08233
-0.04461 0.02383
0.10301 0.16521
0.00000 -0.00000
0.07898 0.12668
0.00000 0.00000
0.00748 -0.20460
0.00000 -0.00000
0.16192 0.18919
0.18970 -0.16695
0.00000 0.00000
0.00000 0.00000
0.00000 -0.00000
0.00000 -0.00000
0.00000 0.00000
0.10063 -0.18644
-0.05159 0.09328
0.00794 -0.21732
0.00000 0.00000
0.05210 0.05347
-0.06512 -0.01402
0.00138 -0.03771
0.00000 0.00000
0.00000 0.00000
0.00000 0.00000
0.00000 0.00000
0.00000 -0.00000
0.00000 0.00000
0.01981 0.03177
0.09621 0.28653
0.00000 0.00000
0.00177 -0.04848
-0.16431 0.06350
0.00000 0.00000
0.10015 -0.08260
0.00000 0.00000
0.16838 -0.20541
0.00000 0.00000
0.00000 0.00000
-0.00056 -0.00028
-0.03343 -0.00042
0.00000 0.00000
0.09096 0.14588
0.12470 -0.37230
0.00000 0.00000
0.00000 0.00000
0.00000 0.00000
0.00000 0.00000
0.00000 0.00000
0.00000 0.00000
-0.20346 0.08723
0.00000 0.00000
0.08058 0.44569
0.00000 0.00000
0.00000 0.00000
0.00000 0.00000
0.00000 0.00000
0.15027 -0.02579
0.00000 0.00000
0.10475 -0.06448
0.00000 0.00000
0.00962 -0.26329
0.00686 0.20361
0.00742 -0.20319
0.07247 -0.04461
0.00000 0.00000
0.00000 -0.00000
0.00000 -0.00000
-0.03835 -0.00826
0.00111 0.00178
0.09009 -0.05545
0.00911 -0.24920
-0.38068 -0.00479
0.17176 0.27547
0.00000 0.00000
0.00000 0.00000
0.00000 0.00000
-0.07987 0.14441
-0.22948 -0.00289
0.00000 0.00000
0.22486 0.36064
0.10642 -0.08777
0.00000 0.00000
0.00686 -0.18783
0.07521 0.07717
-0.11065 0.20007
-0.05220 0.00769
0.07621 0.12222
0.00000 -0.00000
0.00000 0.00000
-0.02500 -0.00538
0.10353 -0.01777
0.00000 0.00000
0.00028 -0.04349
0.04599 -0.02831
0.00000 0.00000
0.00000 0.00000
0.21771 -0.03736
0.00000 0.00000
0.00000 0.00000
-0.38774 -0.00488
0.00000 0.00000
0.00702 0.20831
0.15651 0.25102
-0.06358 -0.01369
-0.08019 0.14498
0.00000 0.00000
-0.24526 0.09479
0.18381 -0.03154
-0.03281 0.05932
-0.33135 -0.00417
0.00000 0.00000
0.02658 -0.02193
0.00000 0.00000
0.00000 0.00000
0.01660 0.01703
0.05809 -0.00997
0.15512 0.24879
-0.26750 -0.00337
0.00000 0.00000
-0.24272 -0.05227
-0.09413 -0.04659
0.00000 0.00000
0.00000 0.00000
0.00000 0.00000
0.00000 0.00000
0.00000 0.00000
0.01989 0.16278
0.00000 0.00000
0.00000 -0.00000
0.05053 0.08104
0.08660 0.13890
-0.00287 0.44538
0.12906 0.20699
0.01403 -0.38405
0.00000 0.00000
0.14939 -0.18224
0.05015 0.27740
0.01461 0.00192
0.01595 0.02558
0.00000 -0.00000
0.00000 0.00000
-0.13635 -0.02936
0.00065 -0.10139
0.00000 0.00000
0.00283 -0.07750
0.00000 0.00000
-0.10941 0.19782
0.00000 0.00000
0.04956 0.07948
-0.08891 -0.01915
0.00000 -0.00000
0.00000 0.00000
0.08507 -0.03288
0.00000 0.00000
0.10049 -0.08288
0.07856 -0.01348
-0.14661 0.07830
0.00000 0.00000
0.00000 0.00000
0.25939 -0.15967
0.00000 -0.00000
0.00000 0.00000
0.00000 0.00000
0.09957 -0.01708
0.00176 -0.04819
0.00135 -0.03683
0.01502 -0.41108
0.00000 0.00000
0.03431 -0.04185
0.00520 0.15431
0.11902 -0.07326
-0.06057 -0.00076
0.09677 -0.05957
0.05762 0.17162
-0.00920 -0.00455
0.00000 0.00000
0.00280 -0.07655
-0.02924 -0.00037
-0.18513 -0.03987
0.00000 0.00000
-0.05008 0.02674
0.00000 0.00000
0.01093 -0.29908
0.00000 0.00000
-0.15431 -0.03323
0.00000 0.00000
0.09917 0.15906
0.00000 0.00000
-0.16611 -0.03577
0.00522 -0.14284
-0.24659 -0.05310
0.00000 -0.00000
0.13382 0.21463
0.00000 0.00000
0.00000 0.00000
0.07118 -0.04381
0.00000 0.00000
0.00000 0.00000
0.09980 0.10240
-0.09836 0.05253
0.15840 0.23396
0.00521 -0.14252
-0.05517 -0.02731
0.00000 0.00000
0.00000 0.00000
0.11042 -0.01895
-0.02400 -0.00517
0.00000 0.00000
0.00598 -0.16372
-0.16131 -0.00203
0.00000 0.00000
0.00000 0.00000
0.00554 -0.15166
0.00000 0.00000
0.00000 0.00000
0.11594 0.18596
0.20475 0.32839
-0.09677 0.01345
0.00000 0.00000
-0.06322 0.11431
-0.22520 -0.00284
0.12877 -0.02210
0.00076 -0.02087
0.00257 -0.07043
0.21310 -0.25996
0.02452 -0.00421
0.13408 0.15666
-0.29193 0.04057
-0.09701 -0.02089
0.10140 0.16263
0.00270 0.00035
0.00000 0.00000
0.07304 -0.01253
0.00000 0.00000
0.01557 0.02497
0.00000 0.00000
0.00000 0.00000
0.04153 -0.03425
0.00469 -0.00572
0.00000 0.00000
-0.09716 -0.00122
0.00000 0.00000
-0.07307 -0.00413
-0.26348 0.11296
0.14597 -0.26393
-0.08650 -0.00489
0.05647 -0.00969
0.11262 0.18062
0.00000 0.00000
0.00636 -0.17403
0.01111 0.32950
0.00000 0.00000
0.00000 0.00000
0.08521 -0.05245
0.10851 -0.01862
0.00294 -0.08055
0.04647 -0.05669
0.06536 0.10483
-0.04547 -0.00057
0.13036 0.20908
0.00000 0.00000
0.04503 -0.08342
0.00000 0.00000
0.00000 0.00000
0.00000 0.00000
0.26084 -0.21513
0.00000 0.00000
-0.26056 -0.00328
0.00166 0.04927
0.00000 0.00000
-0.10508 0.05612
-0.11384 0.06080
0.17599 -0.03020
0.11840 0.12149
0.00000 0.00000
0.00742 -0.20306
0.00000 0.00000
-0.24691 -0.00311
-0.00788 0.00305
-0.09848 -0.04874
0.00484 0.14347
0.01341 -0.36703
0.00000 0.00000
0.03086 -0.05718
0.00000 0.00000
-0.01077 0.01947
0.17117 -0.02937
0.00000 0.00000
0.00000 0.00000
0.00000 0.00000
0.10874 -0.32464
-0.35107 0.04879
0.00000 0.00000
-0.01257 0.02273
-0.05691 0.00838
0.00000 0.00000
0.00000 0.00000
0.00000 0.00000
0.00000 0.00000
0.00000 0.00000
-0.10183 -0.02193
0.00000 0.00000
0.00000 0.00000
0.00557 -0.15241
0.00000 0.00000
0.00634 -0.17347
0.00000 0.00000
0.00000 0.00000
0.00000 0.00000
-0.04228 0.06240
0.00000 0.00000
0.00000 -0.00000
0.00389 -0.10655
0.00000 0.00000
0.00000 0.00000
0.00000 0.00000
0.00000 0.00000
0.21543 -0.17768
0.05538 -0.03409
0.01373 0.40734
0.00000 0.00000
0.01701 0.02728
0.00000 -0.00000
-0.16586 0.08858
0.00000 0.00000
0.01324 -0.36230
0.00000 0.00000
0.00000 0.00000
0.06831 0.10956
0.00000 0.00000
0.00000 0.00000
-0.00000 0.00000
0.01118 -0.30601
0.00000 -0.00000
-0.00059 -0.00001
0.00169 -0.04628
0.00110 -0.03004
0.00896 0.26579
0.00000 0.00000
0.06233 0.07283
0.22222 -0.18328
0.00443 -0.12120
0.00000 -0.00000
0.00000 0.00000
0.00000 0.00000
0.00000 0.00000
0.00000 0.00000
-0.16642 0.02313
-0.11913 -0.02565
-0.15699 -0.03381
0.02194 -0.00376
0.03337 0.05352
0.06382 -0.01095
0.12605 -0.15378
0.13775 -0.08479
-0.12382 0.22389
0.01998 0.03205
0.11638 0.18665
0.00000 0.00000
-0.14928 -0.03215
0.00000 0.00000
0.01504 -0.41157
0.10566 0.31467
-0.00577 -0.00124
-0.04796 0.00706
0.00000 0.00000
0.00740 -0.20265
-0.24846 -0.05350
-0.20288 -0.00255
0.00000 0.00000
0.09587 0.15376
0.00000 0.00000
-0.12355 -0.00156
0.00000 0.00000
-0.17555 -0.00221
0.01063 -0.29098
0.09071 -0.07481
-0.04292 -0.00924
-0.35412 -0.00446
0.12705 0.18765
0.01925 -0.01587
0.01324 0.02124
0.06081 0.06240
0.00108 -0.16693
-0.14156 0.25596
-0.08190 -0.00103
-0.26201 -0.00330
0.03468 -0.04231
0.16516 0.26489
0.21422 -0.13186
0.00000 0.00000
0.00000 0.00000
0.00000 0.00000
0.00000 0.00000
0.05248 0.06132
0.00000 0.00000
0.07794 0.01023
0.01389 -0.38014
-0.09928 -0.02138
-0.05620 -0.01210
0.00000 0.00000
0.06438 0.35607
0.00000 0.00000
0.00000 0.00000
0.07067 -0.16854
0.00000 0.00000
-0.13296 0.07101
0.00242 0.07179
0.00000 0.00000
0.00000 0.00000
-0.12295 0.22230
0.01455 -0.39821
-0.31705 -0.00399
0.00000 0.00000
0.29648 -0.18250
-0.01073 -0.00531
0.10321 0.30738
0.24054 -0.19838
0.08217 0.13179
0.00000 0.00000
0.20843 0.33429
0.04926 0.27248
0.00000 0.00000
0.00000 -0.00000
0.03883 -0.00666
0.10811 -0.04178
0.09197 0.14750
0.04867 -0.14529
0.00000 0.00000
0.13444 0.21562
0.00000 0.00000
0.00000 0.00000
0.00000 0.00000
-0.07872 -0.01695
-0.03040 -0.04490
0.00000 -0.00000
0.00037 -0.05686
-0.13360 -0.00168
-0.08082 -0.04000
0.21092 0.33828
0.00000 0.00000
0.00000 0.00000
0.05057 -0.03113
0.09063 0.14536
0.00978 -0.26754
0.00667 0.19797
0.00000 0.00000
0.00000 0.00000
-0.00171 0.26520
-0.17666 -0.00222
0.00000 0.00000
0.00000 -0.00000
0.17406 0.27916
-0.07238 -0.01559
0.00000 0.00000
-0.03462 -0.00044
0.09305 -0.11351
-0.03982 -0.00857
0.00000 0.00000
-0.04724 -0.02338
0.11696 -0.34918
-0.12317 -0.00155
-0.13814 0.24976
0.11076 0.32988
0.00399 -0.10914
0.00014 -0.02198
0.00000 0.00000
0.01500 -0.41040
0.06815 0.10930
0.11822 0.35209
-0.23015 -0.00290
0.00000 0.00000
0.11452 -0.13971
-0.06492 -0.01398
0.00000 0.00000
-0.13163 -0.06514
0.00000 0.00000
0.00322 0.00376
0.00000 0.00000
0.00653 -0.17869
0.00523 -0.14303
-0.07248 -0.01561
-0.15588 -0.00196
-0.34991 0.06004
-0.15597 -0.03359
-0.07665 -0.00433
0.11553 0.18529
0.05835 -0.01001
0.11668 0.34750
-0.15602 -0.03360
0.00369 -0.10086
0.07893 -0.04858
0.14084 -0.02417
0.00000 0.00000
-0.04888 -0.02419
-0.09406 0.17008
0.04757 -0.02928
-0.34472 0.04790
0.16081 0.25792
0.00000 0.00000
0.00000 0.00000
-0.11767 0.01733
0.08191 0.13138
0.00000 0.00000
0.03218 -0.05963
0.00000 0.00000
0.00000 0.00000
0.00724 0.21469
0.00000 0.00000
0.01358 -0.37163
0.01057 -0.28927
-0.19505 0.02710
0.00000 0.00000
0.03866 0.06201
-0.02743 0.04959
-0.02298 -0.03394
0.07687 -0.22948
0.00000 0.00000
-0.12657 -0.02726
0.00244 0.07229
0.00000 0.00000
0.00000 0.00000
0.11743 -0.07228
0.00000 0.00000
-0.02219 -0.00478
0.00000 0.00000
-0.17153 -0.03694
0.00000 0.00000
-0.42168 0.05860
0.18332 -0.22363
0.00000 0.00000
0.00000 0.00000
0.00000 0.00000
0.00000 0.00000
0.00037 -0.05695
0.01519 -0.41565
-0.21050 -0.00265
0.00000 0.00000
-0.22833 -0.04917
0.00000 0.00000
0.10406 0.16690
0.03132 -0.03821
0.00000 0.00000
-0.07124 0.03805
-0.04396 0.07948
0.01239 0.01987
0.05824 -0.07104
0.00481 0.14263
-0.06934 0.03703
0.07989 -0.09746
0.00110 -0.03017
0.00000 0.00000
0.00000 0.00000
-0.26296 -0.00331
-0.40022 -0.00504
0.00000 0.00000
0.01349 -0.36924
-0.07062 -0.03495
0.07488 0.12010
0.00000 0.00000
0.00000 0.00000
0.14139 -0.17248
0.00000 0.00000
0.07851 -0.23440
0.00000 0.00000
0.09822 0.15753
0.00000 0.00000
-0.21587 -0.00272
0.13445 -0.02307
0.00000 -0.00000
0.00000 0.00000
0.21028 -0.17343
0.00000 0.00000
0.00515 -0.00317
-0.32873 0.12705
0.00000 0.00000
0.00000 0.00000
0.00000 0.00000
0.00000 0.00000
0.02347 0.02743
-0.10392 -0.02238
0.02792 -0.02303
0.00000 0.00000
-0.08792 -0.04351
0.00412 -0.11266
0.00000 0.00000
0.00000 0.00000
0.00000 0.00000
0.19016 -0.23198
0.00000 -0.00000
0.03182 0.03718
0.00446 0.00521
0.18827 0.30196
0.00000 0.00000
0.14511 -0.21417
0.00000 0.00000
0.00183 -0.05018
0.00000 0.00000
0.11875 0.35367
0.00916 -0.25059
0.09346 -0.06152
0.00000 0.00000
0.00554 -0.00676
0.00000 0.00000
0.00065 -0.01769
0.00000 0.00000
-0.20332 0.02825
0.10389 0.30942
0.00218 -0.05959
0.00000 0.00000
0.00000 0.00000
-0.02185 0.03950
0.00000 0.00000
0.06301 -0.01081
0.00000 0.00000
0.00139 0.04134
0.00000 -0.00000
-0.00070 0.00010
0.00058 -0.08938
-0.21859 -0.00275
0.00000 -0.00000
0.01330 -0.36391
0.00000 0.00000
0.00000 0.00000
0.05603 0.08986
0.00000 0.00000
0.00000 0.00000
-0.38334 -0.00483
0.00000 0.00000
0.00000 -0.00000
0.01345 -0.36813
0.00000 0.00000
0.00217 0.06439
0.05736 -0.06997
0.00000 0.00000
0.00000 0.00000
0.00000 0.00000
0.00925 -0.25306
0.00000 0.00000
0.03430 -0.04185
0.10846 0.32301
0.00000 0.00000
0.00817 -0.22374
0.08825 0.14154
0.00000 0.00000
0.18660 0.29929
0.00000 0.00000
0.01620 -0.00278
0.00000 0.00000
-0.07442 0.13455
0.18846 0.27837
0.00000 0.00000
0.00000 0.00000
0.07286 0.21699
0.00000 -0.00000
-0.11628 -0.02504
-0.05718 -0.01231
0.18213 -0.03125
0.00000 0.00000
0.20152 0.32321
0.05350 0.08581
0.03674 -0.02262
0.01646 -0.45046
-0.40114 -0.00505
0.00000 0.00000
0.00000 0.00000
0.00000 0.00000
0.00000 0.00000
0.00572 -0.15660
-0.17774 -0.00224
0.00000 0.00000
-0.34245 -0.00431
0.00000 0.00000
0.00000 0.00000
0.00000 0.00000
0.00000 0.00000
0.00000 0.00000
0.00898 -0.24579
0.15048 0.24134
0.00847 -0.23172
0.01708 0.09446
0.04623 0.07415
-0.10681 -0.00134
0.00000 0.00000
0.09847 0.15793
-0.04363 0.07888
0.00000 0.00000
0.00799 0.23707
0.01031 -0.28228
0.00530 0.15731
0.00000 0.00000
0.11356 -0.33902
0.02112 0.17291
0.01663 -0.45527
0.00081 -0.12531
0.00000 0.00000
0.25486 -0.15688
0.00000 0.00000
0.01110 -0.30368
0.00000 0.00000
0.11333 0.33752
0.07345 -0.01260
0.00000 0.00000
-0.09997 -0.02153
0.00413 -0.11315
-0.10219 -0.02201
0.22973 -0.03942
-0.12842 -0.02765
0.08197 -0.09999
0.00400 -0.10954
0.11016 0.17667
0.00000 0.00000
0.16575 0.26584
0.00000 0.00000
0.00000 0.00000
0.00533 -0.14579
0.18399 -0.22445
0.09881 -0.01696
0.00940 0.27888
0.00000 0.00000
0.00000 0.00000
0.00000 0.00000
0.02471 0.03962
0.01055 -0.28878
-0.14310 -0.03081
0.00000 0.00000
0.00000 0.00000
-0.13982 0.02399
0.00000 0.00000
-0.25251 -0.05438
0.00000 -0.00000
-0.02963 0.04373
-0.08698 0.12837
0.00000 0.00000
0.00356 -0.09737
0.03152 0.05056
0.00000 0.00000
0.13753 -0.16777
0.00000 0.00000
0.00282 -0.07709
0.00397 0.11790
-0.03607 -0.00777
0.01408 -0.00867
0.00000 0.00000
0.00205 -0.05620
0.00082 -0.02243
0.07673 0.12306
-0.21472 -0.00270
0.00000 -0.00000
0.00000 0.00000
0.00065 -0.10007
-0.21526 -0.04635
-0.02953 0.05340
0.03431 -0.00589
0.06779 -0.20239
0.01821 0.02128
0.00000 0.00000
0.00339 0.10051
0.00000 0.00000
-0.00000 0.00000
-0.19006 -0.04093
0.21502 0.34487
0.00000 0.00000
0.00000 0.00000
0.17037 -0.02923
0.00000 0.00000
0.00000 0.00000
0.00000 0.00000
0.01576 -0.43122
0.00000 0.00000
0.00092 -0.14321
-0.11369 0.10006
0.00000 0.00000
0.01520 -0.41607
0.00000 0.00000
0.00000 0.00000
0.00000 0.00000
-0.03937 -0.01949
0.00000 -0.00000
0.00859 -0.23504
0.00000 0.00000
0.00029 -0.04442
0.00000 0.00000
0.00000 0.00000
0.00000 -0.00000
0.00319 0.09476
0.00360 -0.09853
0.00000 0.00000
0.00000 0.00000
0.00979 -0.26799
0.00013 -0.02012
0.00000 0.00000
0.15182 -0.18520
0.16865 0.27048
0.00000 -0.00000
0.00436 -0.11919
-0.02872 0.01231
0.00000 0.00000
0.09953 -0.06127
0.00000 0.00000
0.07267 0.11656
0.02731 0.04380
0.00000 0.00000
0.00000 0.00000
0.00000 0.00000
-0.18629 -0.04011
0.00000 0.00000
-0.01363 0.01200
0.00000 0.00000
0.00000 0.00000
0.00000 0.00000
0.03431 0.28087
0.01439 -0.39393
0.00000 0.00000
0.00000 0.00000
-0.03598 -0.05315
0.00000 0.00000
0.00000 0.00000
-0.01611 0.02378
-0.13974 0.25266
0.01949 0.03126
0.00000 0.00000
0.00965 -0.26415
0.00000 0.00000
0.00000 0.00000
0.00098 -0.15114
-0.07218 -0.00091
0.00000 0.00000
0.00000 0.00000
0.10968 0.17591
0.01432 -0.39194
0.00000 0.00000
0.00000 0.00000
0.09223 0.14793
0.00000 0.00000
0.04949 0.07937
0.16468 -0.13582
-0.00820 -0.00406
-0.11688 -0.02517
0.05909 -0.07209
-0.12920 -0.00163
0.05814 -0.13866
0.08999 0.14433
0.00003 -0.00517
0.21786 -0.11635
0.00000 0.00000
-0.14270 -0.03073
0.00757 -0.20728
0.00000 0.00000
0.03522 0.05648
0.00983 -0.01822
0.00000 0.00000
0.00000 0.00000
-0.07231 -0.01557
0.01036 0.30741
0.04513 0.07238
0.00088 0.02622
0.10018 0.16067
-0.11535 -0.02484
0.01126 0.01807
0.00000 0.00000
0.00703 0.20842
0.00000 0.00000
-0.06396 0.11565
-0.42113 -0.00530
-0.21189 -0.00267
0.00000 0.00000
0.04890 0.05018
0.00917 0.27196
0.00000 0.00000
0.00142 0.00228
-0.12946 -0.06407
0.10069 0.16150
-0.31923 -0.00402
0.00000 0.00000
0.00000 0.00000
-0.15227 -0.03279
-0.34730 -0.00437
0.00000 0.00000
-0.22386 -0.04821
-0.01129 -0.00014
0.11059 -0.13491
0.00000 0.00000
0.00000 0.00000
-0.13799 0.24950
0.00641 -0.17557
-0.10699 -0.02304
0.18650 -0.03200
-0.14087 -0.00177
0.16910 0.27122
0.00000 -0.00000
0.00000 0.00000
0.00868 -0.23744
0.07847 0.12585
0.16599 -0.14609
-0.09625 0.17403
0.00000 0.00000
-0.12925 0.23369
0.16383 0.24198
-0.02869 -0.01420
0.00000 0.00000
0.00000 0.00000
-0.14463 0.07724
0.00000 0.00000
0.00000 0.00000
-0.23357 -0.05030
0.00000 0.00000
0.00000 0.00000
-0.15605 -0.03360
0.00052 0.01547
-0.00459 -0.00026
0.04433 0.07111
0.00000 0.00000
0.06354 -0.01090
0.00000 0.00000
-0.43420 -0.00547
0.19054 -0.11729
0.11681 0.13648
0.00000 0.00000
0.12830 -0.07898
0.00910 -0.24894
0.00000 0.00000
0.00100 -0.00017
0.08593 -0.10482
0.00000 0.00000
0.00671 -0.18353
0.00000 0.00000
0.04371 0.07010
-0.03152 -0.04655
-0.05456 0.09865
0.00000 0.00000
0.07461 -0.04593
-0.13908 -0.00175
0.05035 -0.15031
-0.33314 -0.00419
0.00000 0.00000
0.02836 0.04549
-0.10723 0.05727
0.09925 -0.29629
0.00000 0.00000
0.21357 0.34253
0.00000 0.00000
0.01302 -0.35624
0.03007 0.16632
0.00698 -0.19101
0.00000 0.00000
-0.03456 0.06250
0.00315 0.09336
0.00000 0.00000
0.11000 -0.06771
0.00000 0.00000
-0.32691 -0.00412
-0.03236 -0.00041
0.00000 0.00000
-0.05126 -0.01104
0.07300 0.11708
-0.00314 -0.00018
0.00000 0.00000
0.00000 0.00000
0.00918 -0.25125
0.08285 0.13288
-0.00043 -0.00001
0.15986 -0.13185
0.00000 0.00000
0.00000 0.00000
-0.01518 0.00224
0.01637 -0.44812
0.00000 0.00000
0.00000 0.00000
0.00000 0.00000
-0.01989 0.00293
-0.01063 -0.00229
0.01892 0.03034
0.00000 0.00000
0.01109 -0.00683
0.00000 0.00000
0.02840 0.15711
0.00878 0.26035
0.00000 -0.00000
0.01412 -0.38637
0.00000 0.00000
-0.01572 0.01384
-0.25809 0.13783
-0.35147 -0.00443
0.10838 -0.32357
-0.20886 0.08954
-0.02593 -0.00033
0.00000 0.00000
0.00000 -0.00000
0.00000 0.00000
-0.22915 0.12238
0.00000 0.00000
-0.23514 0.12558
-0.12611 0.02164
0.13659 -0.16663
0.00000 0.00000
0.00000 0.00000
0.00000 0.00000
0.17928 0.28755
0.00000 0.00000
0.00000 -0.00000
0.09386 0.15053
-0.11871 -0.00149
-0.23812 0.09203
0.17246 -0.21039
0.00000 0.00000
0.16021 0.25695
0.00707 -0.19358
-0.24528 -0.00309
0.00000 0.00000
-0.08545 0.04564
0.00431 0.00691
0.17599 -0.25512
0.00000 0.00000
-0.05828 0.10537
0.00000 0.00000
0.00253 -0.06936
-0.25602 -0.05513
0.05894 0.17555
-0.00996 0.01470
0.19778 -0.16312
0.13898 -0.11463
0.05229 0.28922
0.00000 -0.00000
0.00000 0.00000
-0.13197 -0.00166
0.00870 -0.23814
0.00000 -0.00000
0.16099 -0.02763
0.00000 0.00000
0.10047 0.16114
-0.05632 -0.01213
0.00000 0.00000
0.00000 0.00000
0.00000 0.00000
0.00050 -0.07715
-0.15410 -0.00194
0.14733 0.17214
0.00771 -0.01429
0.00012 -0.01861
0.00000 0.00000
0.12184 -0.36375
-0.03842 -0.01902
0.00000 0.00000
0.00000 0.00000
0.00000 0.00000
0.00000 -0.00000
0.09376 -0.05771
0.09899 0.15876
0.08620 0.13825
0.00000 0.00000
0.00000 -0.00000
0.00000 0.00000
0.02600 -0.01601
0.00000 -0.00000
0.19409 -0.03330
-0.02155 -0.00027
0.14755 0.23665
0.00063 -0.01729
0.00724 0.01161
0.00000 0.00000
0.00000 0.00000
0.00000 0.00000
0.00000 0.00000
0.00000 0.00000
0.11811 0.18943
0.00000 0.00000
0.15135 0.24274
0.22548 -0.19845
0.16989 0.27249
0.02528 0.04054
0.00000 0.00000
0.08066 0.08276
0.00000 0.00000
0.00000 0.00000
0.00000 0.00000
0.00000 0.00000
-0.04008 -0.00050
-0.19942 -0.04294
0.00461 0.13679
0.19472 -0.03341
0.00000 0.00000
0.00104 0.03073
0.00000 0.00000
0.03163 0.03696
0.01306 0.02094
-0.07656 0.13843
0.00000 0.00000
0.00000 0.00000
0.11687 -0.06658
-0.15824 0.08451
-0.01857 0.03357
0.00000 0.00000
0.00000 0.00000
0.00000 -0.00000
-0.04962 -0.01068
0.00000 0.00000
0.00000 0.00000
-0.11357 0.04390
0.09789 -0.06026
-0.07458 0.13485
-0.25210 0.04326
0.00000 0.00000
0.00000 0.00000
-0.02140 -0.00461
-0.38203 -0.00481
0.00000 0.00000
0.18147 0.26804
0.04098 0.06573
0.00000 0.00000
0.04134 0.06630
0.00000 0.00000
0.00000 0.00000
0.00000 0.00000
-0.00033 0.00013
0.01075 -0.29434
0.00000 0.00000
0.01002 -0.27416
0.00000 -0.00000
0.10928 0.17527
0.00000 0.00000
0.29311 -0.24175
-0.36146 -0.00455
-0.22794 -0.00287
0.19486 0.31254
-0.10419 -0.00589
0.02973 0.16443
-0.04991 -0.00063
-0.44898 -0.00565
0.00000 0.00000
0.00000 0.00000
-0.04421 -0.00952
0.22432 -0.03849
0.00000 0.00000
-0.10602 0.19170
0.00000 0.00000
0.05527 0.08865
0.00000 0.00000
0.00000 0.00000
0.03695 -0.11031
-0.11000 -0.05444
0.00000 0.00000
0.11342 -0.09982
0.10529 -0.06931
0.08043 0.12899
-0.38390 0.05335
0.16637 0.26684
-0.08747 0.04672
0.00000 0.00000
0.00198 0.05885
0.00226 -0.06176
-0.06303 0.11397
0.00000 0.00000
-0.07405 0.13389
-0.03981 -0.05881
0.02036 -0.02484
-0.09642 -0.02076
0.16251 0.26064
0.05591 0.08967
0.08357 0.13404
0.00000 0.00000
0.09209 -0.07595
-0.07957 -0.01713
0.00000 0.00000
0.00000 -0.00000
-0.24785 -0.05337
0.13614 -0.25223
0.01102 -0.30172
-0.15549 -0.03348
0.00000 0.00000
0.00570 -0.15606
0.24353 -0.29708
0.00000 0.00000
0.03644 0.05845
0.03865 0.06198
0.00000 0.00000
0.00000 0.00000
-0.09296 -0.02002
-0.25121 -0.05410
-0.09330 -0.02009
-0.00880 -0.01300
0.13465 -0.16426
0.05173 0.08296
-0.19525 -0.04205
0.00000 0.00000
-0.12984 0.05018
0.06235 0.06397
0.00274 -0.07506
0.23061 0.36986
0.00483 -0.13226
0.05155 0.08268
0.00000 0.00000
0.06516 -0.04011
0.00000 0.00000
-0.00383 0.00693
0.04727 0.04850
0.01264 -0.34604
-0.00431 0.00379
0.00000 0.00000
0.01234 -0.33760
0.00027 -0.04178
0.05279 0.05417
0.00000 0.00000
-0.04854 -0.02402
0.00428 -0.11703
0.00339 0.10047
0.07318 0.11737
0.00068 -0.10602
0.04028 0.04133
0.00000 0.00000
0.00000 0.00000
0.07521 -0.04629
0.12525 -0.37391
0.00000 0.00000
0.00000 0.00000
0.00000 0.00000
0.00899 0.01441
0.03373 0.00443
0.05685 0.00746
0.09451 -0.01622
0.00000 0.00000
0.00000 0.00000
0.00347 -0.09511
0.00000 0.00000
0.06085 0.09760
0.00000 0.00000
-0.09312 0.04973
0.05386 -0.00924
-0.31146 0.12038
0.00108 -0.16808
-0.00710 0.19445
0.00821 0.24358
0.00000 0.00000
0.09667 -0.08508
0.00000 -0.00000
0.00000 0.00000
-0.06107 -0.01315
0.00010 -0.01596
0.00368 -0.10058
0.00000 0.00000
0.00000 0.00000
0.01577 0.23932
0.00000 0.00000
0.00000 0.00000
0.00000 0.00000
0.00020 0.00308
0.10759 -0.06623
0.00000 0.00000
0.03531 -0.00606
0.06838 -0.20415
-0.03752 0.02470
0.08480 0.25255
0.06130 0.09832
-0.23775 -0.05120
0.02021 -0.03744
0.14141 -0.02427
0.00000 0.00000
0.00000 0.00000
0.00000 0.00000
0.00000 0.00000
0.00000 0.00000
0.00000 0.00000
0.00000 -0.00000
0.01341 0.02151
0.19829 -0.03403
0.01672 -0.45753
-0.25396 0.03529
0.00043 -0.06640
-0.12576 0.22739
0.10562 -0.08711
-0.03037 0.04482
0.00000 0.00000
0.14338 -0.26565
0.03873 0.06212
0.00000 0.00000
0.00000 0.00000
0.10240 0.16423
0.00000 0.00000
0.05219 0.15544
0.11668 -0.17220
0.00000 0.00000
0.21148 -0.13921
0.00000 0.00000
0.02455 0.02519
0.00029 0.00865
0.20832 -0.03575
0.00000 0.00000
0.00000 0.00000
0.10700 -0.25520
0.00000 0.00000
-0.40711 -0.00513
0.02542 0.14058
0.00000 0.00000
0.00000 0.00000
0.00000 0.00000
0.06871 0.11020
0.00000 0.00000
-0.12584 -0.02710
0.01402 -0.00863
0.00000 0.00000
0.00000 0.00000
0.04933 0.14692
0.12685 -0.15474
0.00000 0.00000
-0.00000 0.00000
0.01361 -0.37238
0.05414 0.05556
-0.08066 0.04308
0.01596 -0.43676
0.00000 0.00000
0.00000 0.00000
0.00000 0.00000
0.00000 0.00000
-0.28276 0.12123
-0.01137 0.31118
0.10073 -0.18214
0.00000 0.00000
-0.33552 -0.00422
-0.13638 -0.02937
-0.18642 0.09956
-0.24934 -0.00314
-0.09528 0.05088
0.13051 -0.15921
0.00000 0.00000
-0.09808 0.01445
-0.20548 0.03526
0.00000 0.00000
-0.01700 -0.00096
-0.01046 -0.00225
0.00000 0.00000
0.00021 -0.03320
-0.14757 -0.03178
0.12759 0.20464
0.00432 -0.11816
0.03880 -0.11585
0.00000 0.00000
0.00000 0.00000
0.00000 0.00000
0.06911 0.11084
0.09901 -0.01699
-0.04807 -0.00061
0.00730 0.21646
0.07605 0.12197
0.00000 0.00000
0.03058 -0.01882
-0.11798 0.21331
0.00000 0.00000
0.00000 -0.00000
0.04764 0.07641
0.00000 0.00000
0.00880 -0.24091
0.00044 -0.06844
0.00381 -0.10437
0.11590 -0.09559
0.18199 -0.22201
-0.30790 -0.00388
-0.34096 -0.00429
0.00685 -0.18752
0.01280 -0.35038
0.05579 0.06518
0.00000 0.00000
-0.11771 -0.02535
0.10520 0.16872
0.00000 0.00000
0.19215 0.30819
0.00000 0.00000
-0.44782 -0.00564
0.00363 -0.09930
0.00000 0.00000
0.00000 0.00000
-0.39424 -0.00496
0.00467 -0.12778
-0.22541 0.12038
0.09766 -0.06011
-0.20184 -0.04346
0.06285 -0.05184
0.00029 -0.00801
0.00000 0.00000
-0.02574 -0.00032
0.00000 0.00000
0.00000 0.00000
0.05602 0.30984
0.00000 0.00000
0.03268 0.03818
0.00000 0.00000
0.00000 -0.00000
0.00000 0.00000
0.13818 -0.16857
0.00738 0.11191
0.00000 -0.00000
0.00825 -0.22579
0.00166 0.04917
-0.14309 -0.03081
-0.43993 -0.00554
0.06678 0.19890
0.00000 0.00000
-0.11391 0.20596
-0.03314 0.02182
0.01248 -0.34160
0.06277 0.10068
0.00000 0.00000
0.07904 -0.09642
-0.01524 0.02756
0.07260 0.08483
0.18358 0.21450
0.01866 -0.02277
0.08076 -0.04971
-0.10718 0.09433
0.00000 -0.00000
0.07973 0.12788
0.00000 0.00000
0.05159 0.08274
0.13570 -0.02329
0.07280 0.08506
0.00000 0.00000
0.00072 -0.11209
0.14493 0.23245
-0.08095 0.14637
0.00000 0.00000
0.12806 -0.15622
-0.00113 0.00205
-0.12688 -0.02732
-0.15906 -0.07872
0.00000 0.00000
0.16220 0.26015
0.04143 0.04251
0.02692 -0.00462
0.05715 0.09166
0.04621 0.04742
-0.16380 0.06331
0.00177 -0.04841
0.00000 0.00000
-0.19937 -0.00251
0.00000 0.00000
0.00000 0.00000
-0.14198 0.25672
0.00000 0.00000
-0.20688 0.07996
-0.00781 -0.00387
-0.11394 0.20602
0.00000 -0.00000
-0.27485 0.03819
0.07060 0.39051
-0.23924 0.10257
-0.13351 -0.00168
-0.12561 0.22712
0.00000 0.00000
0.00000 0.00000
0.00000 0.00000
0.00000 0.00000
-0.43932 -0.00553
0.08491 0.13618
0.00000 0.00000
0.00281 -0.07692
-0.26264 0.11260
0.17259 -0.21054
0.00000 0.00000
-0.08529 -0.01837
0.00393 0.11665
0.00175 -0.04802
0.08895 -0.10851
0.11811 0.13800
-0.12335 0.06588
0.00000 -0.00000
0.01655 -0.45294
0.13199 0.39311
0.00000 0.00000
0.00000 0.00000
0.10307 -0.06344
-0.10250 -0.02207
0.00000 0.00000
0.04389 -0.00753
0.00000 0.00000
0.00000 -0.00000
0.00000 0.00000
0.00000 0.00000
0.00000 0.00000
0.00936 -0.25627
0.02692 0.02763
0.12569 -0.02157
0.00425 -0.11636
0.00000 0.00000
0.00000 0.00000
-0.24073 -0.05184
-0.01429 0.00552
0.01355 0.11090
0.00000 0.00000
-0.28345 -0.00357
0.00000 0.00000
0.00000 0.00000
0.03261 -0.05897
0.00000 0.00000
0.00000 0.00000
0.00000 -0.00000
0.00000 0.00000
-0.15400 -0.03316
0.18313 -0.03142
0.00000 0.00000
0.10625 -0.12962
0.01209 -0.33083
0.00000 0.00000
0.00000 0.00000
0.00175 0.00281
0.02391 -0.01472
0.00000 0.00000
0.00000 0.00000
-0.06467 0.03454
0.18211 -0.22215
-0.10094 -0.02174
0.01389 -0.38014
0.14663 -0.17887
0.00000 0.00000
0.10052 -0.30009
0.03326 -0.04057
0.00000 0.00000
0.00000 0.00000
0.00000 -0.00000
0.00641 -0.17535
-0.14643 0.02513
0.01503 -0.41131
0.15087 0.24198
0.03423 -0.04176
0.18814 0.30176
0.00000 0.00000
0.01658 -0.01021
0.00000 0.00000
0.00000 0.00000
0.00000 0.00000
-0.05848 0.02260
0.01004 -0.27485
0.00000 0.00000
0.00000 0.00000
0.15607 -0.12872
0.02867 -0.01765
0.01062 -0.29077
0.00000 0.00000
0.01942 0.29468
0.08110 -0.04992
0.15906 0.25511
-0.00187 0.05130
0.01576 -0.43143
0.11646 0.34683
0.00000 0.00000
0.16652 0.26708
0.00475 -0.13013
0.01000 -0.27379
0.00000 0.00000
-0.08506 0.15380
0.13196 0.21164
-0.05001 0.09042
0.11567 0.34449
0.00000 0.00000
0.00000 0.00000
0.00000 0.00000
0.06170 0.09896
0.16699 -0.20372
0.01496 -0.40943
0.00000 0.00000
0.03419 0.05483
0.04464 -0.02748
0.00000 0.00000
-0.15412 0.08231
0.06194 -0.05109
0.00000 0.00000
-0.13289 -0.02862
0.00000 0.00000
0.01911 0.15643
-0.04295 0.03780
-0.08013 0.03097
0.03425 0.00450
0.00000 0.00000
0.13138 0.21072
0.02695 0.04323
0.00000 0.00000
0.00000 0.00000
0.00000 0.00000
0.00000 0.00000
-0.04168 -0.00898
0.00000 -0.00000
0.13640 0.15937
0.01270 -0.34764
0.00000 0.00000
0.00416 0.12351
0.00000 0.00000
0.00000 0.00000
0.00000 -0.00000
0.00000 0.00000
-0.16600 -0.03575
0.00048 -0.07482
0.00000 0.00000
0.00000 0.00000
0.00000 0.00000
0.00606 0.00622
-0.30605 -0.00385
0.00000 0.00000
0.01906 0.03058
-0.05203 -0.01120
0.14867 0.23845
-0.15972 -0.03439
0.00000 -0.00000
0.00000 0.00000
0.00947 -0.25906
0.00000 0.00000
0.00000 0.00000
0.00962 -0.26328
0.06715 -0.08192
0.02891 0.04637
0.00000 0.00000
-0.02971 -0.00640
0.04769 0.07649
0.05019 -0.03089
-0.00112 -0.00006
-0.24868 -0.00313
0.10147 0.16274
0.06731 0.10796
0.00000 0.00000
0.00000 0.00000
0.00000 0.00000
0.21614 -0.19023
0.00000 0.00000
0.03037 0.00399
0.00000 0.00000
0.00077 -0.02094
-0.00000 0.00000
0.08997 0.14430
0.00000 0.00000
0.00368 0.10923
0.00000 0.00000
0.06236 -0.01070
0.00000 0.00000
0.00273 0.08089
0.05395 -0.00926
0.06002 0.00788
0.15578 -0.12848
0.12496 0.20043
0.00000 0.00000
0.00512 -0.14005
-0.29675 -0.00374
0.10215 0.01341
-0.08799 0.15909
0.00000 0.00000
0.00000 0.00000
0.00000 0.00000
0.00000 0.00000
0.02096 0.02449
-0.23369 -0.05032
0.00012 -0.01841
0.03088 -0.05721
0.00000 0.00000
0.15229 -0.18579
0.08903 -0.05480
0.05311 -0.15855
-0.11853 0.06330
0.16108 0.25834
0.08609 -0.25702
0.08143 0.13060
0.01205 0.35751
0.05634 0.09037
0.00000 0.00000
-0.03947 0.00581
0.00000 0.00000
0.00000 0.00000
0.00000 0.00000
0.00000 0.00000
0.00000 0.00000
0.00000 0.00000
0.00000 0.00000
0.00000 0.00000
0.00000 0.00000
0.00000 0.00000
0.00000 0.00000
0.00000 0.00000
0.00000 0.00000
0.00000 0.00000
0.06737 -0.20114
0.00000 0.00000
0.00000 0.00000
-0.37459 -0.00472
0.06597 0.10581
0.20525 0.32919
0.00000 0.00000
0.26603 -0.16376
0.00000 0.00000
0.00000 0.00000
0.00000 0.00000
0.00000 0.00000
0.11065 0.17747
0.00000 0.00000
0.00000 0.00000
0.16368 0.26253
0.00000 0.00000
0.00000 -0.00000
0.16841 -0.24414
0.00000 0.00000
0.00000 0.00000
0.00000 0.00000
0.00000 0.00000
0.14672 0.21671
-0.15188 -0.00191
0.13110 0.21027
-0.22715 -0.00286
-0.29391 0.05043
0.06194 -0.18493
0.00000 0.00000
0.10585 -0.12913
0.05423 0.08697
-0.26696 -0.05749
0.00341 0.10115
0.05711 0.17009
0.00000 0.00000
0.05053 -0.00867
-0.14409 -0.03103
0.00000 -0.00000
-0.08094 0.14635
0.00000 -0.00000
0.04574 -0.00785
-0.29371 -0.00370
0.06406 -0.02476
-0.00058 0.08991
-0.17890 -0.00225
-0.02383 0.05683
0.00117 0.00136
0.10251 0.16441
0.00242 0.07181
0.00000 0.00000
-0.10240 -0.02205
0.00000 0.00000
-0.17518 -0.00221
0.17030 0.27314
0.11370 0.18236
0.00000 0.00000
-0.02726 -0.01349
0.12169 0.19517
0.00000 0.00000
0.00000 0.00000
0.19904 -0.24281
0.00047 -0.07277
0.10361 -0.08546
0.00558 -0.15269
0.02815 -0.05215
0.22453 -0.18518
0.03193 -0.02810
0.00000 0.00000
0.00027 -0.04198
0.00000 0.00000
-0.00235 0.06445
0.00000 0.00000
0.01584 -0.43351
0.01255 -0.00772
0.00000 -0.00000
0.00000 0.00000
0.11567 0.18552
0.00440 -0.12056
0.11568 -0.21433
0.00000 0.00000
0.00000 -0.00000
0.00021 -0.03198
0.01270 -0.01549
0.05295 0.08492
-0.02302 0.04162
0.00000 0.00000
0.16571 -0.20215
0.00000 0.00000
0.00000 -0.00000
-0.28454 0.03954
-0.29673 0.12721
-0.21206 0.09091
-0.06759 -0.01455
0.09627 0.15440
-0.02138 0.00315
0.08145 0.24258
-0.09969 0.05324
-0.02760 -0.00594
0.00980 0.00129
0.11748 0.18842
0.00000 0.00000
0.00000 0.00000
0.00000 0.00000
0.01002 -0.00172
0.00000 -0.00000
0.00000 0.00000
0.12985 -0.38767
0.04824 -0.05885
0.00000 0.00000
0.06607 0.10596
-0.15980 0.08534
0.00000 0.00000
0.00050 0.01495
0.00000 0.00000
0.00000 0.00000
-0.39848 0.05537
0.04827 -0.02971
0.00000 0.00000
0.00000 -0.00000
0.00000 0.00000
-0.02424 0.02133
0.00000 0.00000
-0.14779 -0.00186
0.02973 0.45099
0.00000 0.00000
0.00000 -0.00000
0.08448 -0.01450
-0.23285 -0.00293
0.00885 0.01419
0.00000 0.00000
-0.28629 -0.00360
0.00351 0.10403
0.00000 0.00000
-0.07586 0.13717
0.00000 -0.00000
0.05506 -0.16439
0.00000 0.00000
0.00000 0.00000
0.00000 0.00000
0.11796 -0.02024
-0.25656 -0.00323
0.00000 0.00000
-0.05954 0.10765
-0.08457 0.04517
0.00000 0.00000
0.15888 -0.13104
-0.10350 -0.00130
-0.14334 0.02112
0.00593 0.08998
0.00000 0.00000
0.09798 0.15715
0.00000 0.00000
0.00000 0.00000
0.20339 0.32620
-0.08720 -0.00110
0.07091 0.07276
-0.03965 -0.00050
0.00000 0.00000
0.08222 -0.12135
0.00000 0.00000
0.15232 0.24430
0.11481 0.18413
0.14030 0.22502
0.00481 -0.13154
0.17404 -0.14354
0.06336 0.35046
0.00000 -0.00000
-0.00960 0.00632
0.00000 0.00000
0.00000 0.00000
0.13509 -0.02318
0.03591 0.29393
0.00000 0.00000
0.02029 -0.01249
0.21590 -0.17807
-0.08750 -0.01884
0.02415 0.03873
0.18601 0.29834
0.15183 -0.09346
-0.23954 0.10270
0.00432 -0.00356
-0.01789 0.03234
-0.02868 -0.00036
0.00000 0.00000
0.00090 -0.02461
0.23283 -0.03995
0.00000 0.00000
0.09356 0.09601
0.04514 -0.05507
-0.00225 0.34866
0.00000 0.00000
0.00162 -0.04433
0.02323 0.03726
-0.16959 -0.00214
0.00000 0.00000
0.00000 0.00000
0.19819 -0.03401
0.00000 0.00000
-0.10518 -0.02265
0.04482 0.07188
0.00347 -0.00213
0.00000 0.00000
0.00000 0.00000
0.00000 0.00000
0.00000 0.00000
-0.14549 -0.00183
0.00000 0.00000
-0.00553 0.15134
0.00000 0.00000
-0.04965 -0.02457
-0.21849 -0.00275
0.00000 0.00000
0.00000 0.00000
-0.11753 -0.02531
0.10695 0.17153
0.00000 0.00000
0.00795 -0.21769
0.01099 -0.00189
0.01608 -0.44001
-0.09093 -0.01958
0.00000 -0.00000
0.09749 -0.11893
0.00000 0.00000
0.07480 -0.22330
0.00000 -0.00000
-0.08936 -0.01924
-0.16656 -0.00210
-0.32928 -0.00415
0.00000 0.00000
-0.13581 -0.00171
-0.11480 -0.00145
0.08315 -0.10144
-0.18495 -0.00233
-0.09124 -0.01965
0.00000 0.00000
0.00000 0.00000
0.00000 -0.00000
0.02780 0.04459
0.13316 -0.24671
0.01365 0.02190
-0.14366 -0.00181
0.00000 0.00000
0.00000 0.00000
0.15590 -0.12858
0.13568 -0.20025
0.00000 -0.00000
0.00000 0.00000
-0.13196 -0.02842
-0.05943 -0.00075
0.01003 -0.27460
0.01279 0.02052
0.00000 0.00000
-0.15379 -0.03312
0.00000 0.00000
0.12697 0.13028
0.00000 -0.00000
0.00000 0.00000
-0.24148 0.10353
0.02294 -0.06847
0.22742 -0.13999
0.11864 -0.09785
0.00000 0.00000
0.00199 0.05901
-0.14784 -0.03184
0.08724 -0.07196
0.20798 0.33357
-0.06097 -0.01313
0.11346 0.18197
0.00000 0.00000
0.00000 0.00000
0.02901 0.04653
-0.26789 -0.05769
-0.11242 0.16592
0.01379 0.40902
0.00000 0.00000
0.06428 -0.15330
-0.00825 -0.00178
0.00000 0.00000
0.00000 0.00000
-0.08844 0.15992
0.00000 -0.00000
0.02377 0.03813
0.00000 0.00000
0.00000 0.00000
0.00000 0.00000
-0.16486 -0.03550
0.00000 0.00000
0.00000 0.00000
-0.07119 -0.10514
0.00000 0.00000
0.00000 0.00000
0.00245 0.00394
-0.17930 -0.03861
0.00000 0.00000
-0.03498 0.00515
-0.11346 0.20515
0.00041 -0.01127
0.00077 -0.11962
-0.12652 -0.00159
0.03010 -0.01853
0.07778 0.12474
0.00000 -0.00000
-0.36614 -0.00461
-0.20045 -0.04317
0.12037 -0.14684
0.00058 -0.09005
0.00000 0.00000
0.00095 -0.02590
0.00000 0.00000
0.07638 -0.22802
0.00313 0.09292
0.07776 0.12471
0.00000 0.00000
0.11219 -0.09253
0.00000 0.00000
0.00000 0.00000
-0.15859 0.08469
0.00089 0.02642
0.00000 0.00000
-0.02594 -0.00033
0.00000 0.00000
0.00000 -0.00000
0.00723 -0.19798
0.00397 -0.10862
0.01307 -0.02421
0.00000 0.00000
0.10665 0.17105
0.06018 0.09652
0.00176 -0.04829
0.13393 0.21480
0.00000 0.00000
0.00016 -0.00020
0.01467 -0.01210
0.07359 -0.04530
-0.03738 -0.00805
0.00000 0.00000
-0.01879 -0.00024
0.00020 -0.03109
0.00000 0.00000
0.00000 0.00000
0.00000 0.00000
-0.03418 -0.05049
0.03016 -0.03679
0.00000 0.00000
0.00000 0.00000
0.11704 0.01537
0.00000 0.00000
0.00000 0.00000
0.07977 0.12794
0.00000 0.00000
0.17243 0.27655
0.00000 0.00000
0.00000 0.00000
-0.04772 0.04200
0.00000 0.00000
0.00000 0.00000
0.00000 -0.00000
0.00000 0.00000
0.00000 0.00000
0.00000 0.00000
0.00000 0.00000
-0.09705 -0.02090
0.03750 0.30697
-0.00712 0.19498
0.00684 0.20277
-0.05194 0.09391
0.01387 0.21038
-0.01392 -0.00689
0.00000 0.00000
-0.06225 -0.00078
0.18706 -0.07229
0.00000 0.00000
0.00004 -0.00597
0.00000 -0.00000
0.00000 0.00000
0.00000 0.00000
0.00000 -0.00000
0.00000 0.00000
0.00000 0.00000
0.00000 0.00000
0.00416 0.00427
-0.03403 -0.00733
0.00000 -0.00000
-0.22936 -0.00289
0.13434 0.21546
0.12228 0.19612
0.00000 -0.00000
0.00000 0.00000
0.00000 0.00000
-0.06116 -0.01317
0.00000 0.00000
0.18315 -0.03143
0.10681 -0.06575
0.19409 -0.03330
0.00000 0.00000
0.00000 0.00000
0.00000 0.00000
0.00000 0.00000
0.00000 0.00000
0.12940 -0.08518
0.00000 -0.00000
0.00645 0.19144
0.00000 0.00000
0.00055 -0.00046
0.04511 -0.05503
0.00000 0.00000
0.00000 0.00000
0.01290 -0.35317
-0.04877 0.08819
0.00000 -0.00000
-0.23742 -0.00299
-0.02148 0.03883
0.00000 0.00000
0.01091 -0.29847
0.21882 -0.18048
0.13223 -0.24500
0.13707 0.21985
-0.04607 -0.02280
0.13494 -0.08306
0.00000 0.00000
0.00000 0.00000
0.00000 0.00000
-0.05685 -0.01224
0.10148 -0.12380
0.00000 0.00000
0.10457 -0.06437
0.00000 0.00000
0.00000 0.00000
-0.00395 -0.00005
0.10346 0.15282
0.01340 -0.36676
0.00000 0.00000
-0.09604 -0.00121
-0.08480 -0.01826
0.06966 -0.20795
0.00000 0.00000
0.09410 -0.11480
0.09226 0.14798
0.00000 0.00000
-0.20261 -0.00255
0.00000 0.00000
0.06414 -0.03948
0.20356 0.32648
0.11666 -0.09622
0.00818 -0.22383
0.04576 0.07339
0.00000 0.00000
0.01849 -0.03425
0.00000 0.00000
0.00000 -0.00000
-0.02469 -0.00532
-0.14601 0.26400
0.14438 0.23156
0.00000 0.00000
0.00047 -0.07255
0.09252 0.27553
-0.38524 -0.00485
0.00000 0.00000
0.02169 0.03479
0.00465 -0.12725
0.00000 -0.00000
0.00000 -0.00000
0.00077 -0.02099
-0.11454 0.20710
0.00000 0.00000
0.00000 0.00000
0.00000 0.00000
0.01229 -0.33634
-0.22214 -0.04783
0.00526 0.15614
0.21515 -0.26246
0.00668 -0.18277
-0.00876 0.00339
-0.15384 -0.03313
-0.22693 -0.04887
0.00008 -0.01248
0.01489 0.02388
0.27599 -0.22762
0.00000 0.00000
-0.16482 -0.00208
-0.37274 -0.00469
0.11996 0.14017
0.07040 0.11290
0.00000 -0.00000
-0.06312 0.11413
-0.00114 0.17606
0.00000 0.00000
0.02349 0.02410
0.00000 0.00000
0.00240 -0.06567
-0.19145 -0.04123
0.00000 0.00000
0.00000 -0.00000
0.01140 -0.31203
0.04774 0.07657
0.13295 0.13642
0.08420 0.13504
0.00000 0.00000
0.15107 -0.18429
0.11926 -0.02046
0.20274 -0.24733
0.00000 0.00000
0.00000 0.00000
0.13034 0.20904
-0.09727 -0.02095
-0.35937 -0.00452
0.01833 0.02141
0.07930 0.12719
-0.06857 0.06035
0.00148 -0.00091
0.00210 -0.05746
0.00000 0.00000
-0.16076 0.08585
0.06441 -0.19230
-0.12793 -0.02755
-0.20247 -0.00255
0.06097 0.07124
0.00000 0.00000
0.00865 -0.23678
0.06485 0.10402
0.00000 0.00000
0.07580 0.12157
0.00000 0.00000
0.00248 -0.00043
0.05971 0.09577
0.00000 -0.00000
0.09489 -0.01628
0.06571 0.10539
0.00000 0.00000
0.00000 0.00000
0.22939 -0.15100
-0.20900 -0.00263
0.00278 0.08252
0.00000 0.00000
0.01435 -0.01183
-0.10566 -0.02275
0.00824 0.01321
0.00000 0.00000
0.00000 0.00000
-0.05306 0.07831
0.00000 0.00000
0.05593 -0.08109
0.14306 -0.26506
-0.00103 0.00247
0.00000 0.00000
0.00000 0.00000
-0.18282 -0.03937
0.08578 -0.01472
0.00000 -0.00000
-0.28094 0.10858
0.00631 -0.17282
0.00000 0.00000
0.16132 -0.19679
0.00413 -0.11303
-0.29477 -0.00371
0.09478 -0.05834
0.00000 0.00000
0.00000 0.00000
0.00000 0.00000
-0.02203 -0.00028
-0.23842 -0.05134
0.00965 -0.26414
0.05407 -0.00928
0.00000 0.00000
0.00000 -0.00000
0.00646 -0.00398
-0.11706 -0.00147
0.00000 0.00000
0.00000 0.00000
0.00422 -0.11550
-0.36550 -0.00460
0.08530 0.13681
-0.04415 -0.00951
-0.07343 0.02838
-0.12424 0.22463
0.00000 0.00000
-0.05182 -0.01116
0.00000 0.00000
-0.07061 -0.01521
0.13128 0.19390
-0.05020 0.09077
0.00743 -0.20334
0.00000 0.00000
-0.05770 -0.01243
0.00000 0.00000
0.14802 -0.27425
0.00551 0.16355
-0.02872 -0.00618
0.00000 0.00000
0.17986 -0.03086
0.16936 0.27163
0.00000 0.00000
0.21648 -0.03715
0.00000 0.00000
-0.21695 -0.00273
0.00000 0.00000
0.00000 0.00000
0.00000 -0.00000
0.17761 -0.03048
0.05891 0.09448
0.00000 0.00000
0.04015 0.04120
0.00151 0.00176
0.00000 0.00000
0.07552 0.08823
-0.00000 0.00000
0.00000 0.00000
0.00000 0.00000
0.00143 -0.03926
-0.02430 -0.00523
-0.09308 -0.00117
0.00000 0.00000
-0.02241 0.03307
0.00552 -0.15118
0.00000 -0.00000
0.00039 -0.06053
0.02332 0.12900
-0.24069 0.12854
0.00675 -0.18478
0.04618 0.37802
0.08899 -0.07339
0.00000 0.00000
0.03604 0.04211
0.21605 0.34651
0.00000 0.00000
0.08792 0.26184
-0.07032 0.02718
0.00000 0.00000
0.03312 0.05312
-0.04099 -0.00883
0.00010 -0.01541
0.00000 0.00000
0.00000 0.00000
0.00000 0.00000
0.00106 -0.00065
0.00000 -0.00000
0.14566 0.23362
0.00000 0.00000
0.00000 0.00000
0.00000 -0.00000
0.00658 0.19520
0.00000 0.00000
-0.26858 -0.05784
0.00000 0.00000
0.00000 0.00000
0.00047 -0.07330
0.14028 0.22499
0.00670 -0.18328
0.00000 0.00000
-0.33147 -0.00417
-0.11132 -0.02397
0.00000 0.00000
0.00563 -0.15396
0.00000 0.00000
0.00071 -0.01956
0.00977 -0.26730
0.00000 0.00000
0.12342 -0.02118
0.00000 0.00000
0.00000 0.00000
0.08176 -0.03160
-0.05983 -0.01288
0.00000 0.00000
-0.20415 -0.00257
-0.21942 -0.00276
-0.21335 0.02965
0.00000 0.00000
0.11621 -0.34693
0.10513 -0.12825
-0.01235 -0.00266
0.00000 0.00000
0.00481 -0.13165
0.00000 0.00000
0.06067 -0.07401
0.02499 0.04007
0.00000 0.00000
0.01096 -0.30001
0.05289 -0.03256
0.07521 -0.22453
0.00000 0.00000
0.23133 -0.15227
0.00012 0.00342
-0.34530 -0.00435
0.00000 0.00000
0.00000 0.00000
0.04022 0.22246
0.07637 0.12249
0.00000 0.00000
0.11754 -0.07235
0.06079 -0.07416
0.00000 -0.00000
0.00000 -0.00000
0.00000 -0.00000
-0.04837 0.02583
0.01547 -0.42327
0.00000 0.00000
0.12375 0.36856
0.10868 -0.13258
0.05971 0.06976
-0.03365 0.06085
-0.01326 0.00708
0.00720 0.01155
0.00000 0.00000
-0.22244 -0.00280
0.00000 0.00000
0.00892 -0.24411
0.13328 -0.07118
-0.32195 -0.00405
0.01171 0.01879
0.09992 0.16025
0.18901 -0.03243
0.00366 0.10862
0.00000 0.00000
0.00000 0.00000
0.00028 -0.00756
0.00000 0.00000
-0.20903 -0.00263
0.00000 0.00000
0.00000 0.00000
0.08268 -0.24685
0.00000 -0.00000
0.12157 -0.36292
-0.09945 -0.00125
0.00000 0.00000
0.09255 -0.11291
-0.13279 0.24009
0.00000 0.00000
0.01397 -0.38227
0.04802 0.07702
0.02563 0.02994
0.08366 -0.01436
0.00000 0.00000
0.00000 0.00000
0.06628 0.10630
0.00000 0.00000
0.04504 0.05262
0.00000 0.00000
-0.15551 -0.00196
0.05201 0.42573
-0.03146 0.05688
0.00000 0.00000
0.12685 -0.10462
0.00000 0.00000
0.00000 0.00000
0.16273 0.26099
0.00000 0.00000
0.00000 -0.00000
-0.18680 -0.00235
0.17563 0.28169
0.21767 -0.14328
-0.00385 -0.00083
0.00000 0.00000
-0.05682 -0.00072
0.09536 -0.28469
0.00000 0.00000
-0.22792 -0.00287
0.10417 -0.31099
-0.08118 0.04335
0.00000 0.00000
-0.37554 -0.00473
0.00000 0.00000
-0.06185 -0.00350
0.00000 0.00000
0.00000 0.00000
-0.08962 0.16204
0.00000 0.00000
0.00000 0.00000
-0.04227 -0.00910
-0.14192 -0.03056
0.10879 -0.08973
0.17334 -0.02974
0.11728 -0.21729
-0.10408 -0.02241
0.00000 -0.00000
0.00000 0.00000
0.00000 0.00000
0.03666 0.05880
0.00000 0.00000
-0.15837 0.08458
0.01959 -0.03630
0.00000 0.00000
-0.19704 -0.00248
0.12268 -0.07551
0.00448 -0.12268
-0.20117 -0.00253
-0.02614 0.04726
0.00000 -0.00000
0.00000 0.00000
0.00000 0.00000
0.15260 0.24475
0.03722 0.20585
0.00000 0.00000
0.07773 0.12467
0.00000 0.00000
0.03325 0.18391
0.00000 0.00000
-0.12471 -0.00157
0.09341 0.14982
0.00000 0.00000
0.00000 0.00000
0.00000 0.00000
0.00000 0.00000
-0.16068 -0.00202
-0.40585 -0.00511
0.00000 0.00000
0.00000 0.00000
0.18028 -0.06968
-0.29751 0.12755
0.03635 -0.02238
0.13424 -0.08263
-0.12895 -0.02777
-0.00264 -0.00003
0.00000 0.00000
0.03095 0.00406
0.00000 0.00000
0.10336 0.16577
0.01374 -0.37601
-0.12563 0.06709
0.08105 -0.01391
-0.05872 -0.02906
0.00794 -0.00136
0.00000 0.00000
0.00000 0.00000
-0.01522 -0.00753
-0.12039 -0.02592
-0.15502 -0.03338
-0.23378 -0.05034
0.00536 -0.14668
0.00856 -0.23435
0.00000 -0.00000
0.00000 0.00000
0.18603 -0.15343
-0.01918 0.02831
0.00000 0.00000
0.00000 0.00000
-0.19277 -0.00243
-0.32827 0.04562
0.09076 -0.07486
0.00000 0.00000
0.00000 0.00000
0.02204 0.03535
0.00000 0.00000
0.00279 0.08273
-0.14600 -0.03144
0.02228 0.02286
0.11026 -0.01892
-0.04167 0.00614
0.02405 -0.04456
-0.00000 0.00000
-0.11324 -0.05604
0.00000 0.00000
-0.16830 -0.03624
0.00000 0.00000
-0.15742 -0.00198
0.00423 -0.11568
0.00064 -0.01753
0.11086 0.17781
-0.03013 -0.00038
0.01699 0.02724
-0.10232 0.01507
0.00000 -0.00000
0.07330 0.00962
0.00556 -0.15216
0.00070 -0.01906
0.00877 -0.24007
0.00000 0.00000
0.18041 0.28935
-0.03793 -0.00817
0.00000 0.00000
0.00826 0.24504
0.09429 -0.11503
0.08029 0.12877
0.00000 0.00000
0.00000 0.00000
0.00000 0.00000
0.02736 -0.01801
-0.15798 -0.03402
0.07068 -0.01213
0.00000 0.00000
0.11670 0.18717
0.17140 0.27489
0.07460 0.11964
-0.09611 -0.02070
-0.03470 -0.00196
0.00000 0.00000
-0.04651 0.02484
0.00000 0.00000
0.06896 -0.16446
0.01202 -0.32910
0.00474 -0.12969
0.00890 -0.24357
0.00000 0.00000
-0.11992 -0.00151
0.01973 -0.02407
-0.18298 -0.00230
0.00289 -0.07899
0.00000 -0.00000
0.00000 -0.00000
0.00000 0.00000
-0.02437 -0.00031
-0.07521 0.04016
0.00000 0.00000
0.00000 0.00000
0.00000 0.00000
0.05434 0.05576
0.00000 0.00000
-0.00676 0.00261
0.00000 0.00000
0.00550 0.00882
0.00048 -0.07445
0.00000 0.00000
0.13398 -0.16345
0.00000 0.00000
0.18877 -0.03239
0.07217 0.10660
0.02797 -0.08351
0.00000 0.00000
-0.09645 -0.02077
0.00000 0.00000
0.05983 0.33093
0.02998 -0.01845
0.02318 -0.03420
0.00000 0.00000
-0.08060 0.14573
0.00598 -0.16376
0.00000 -0.00000
0.00000 0.00000
0.05934 0.09518
0.00000 -0.00000
-0.10049 0.18170
0.00441 0.00708
0.00000 0.00000
-0.18917 -0.00238
0.01418 -0.38815
-0.03164 0.05722
0.00000 0.00000
0.20374 0.32677
0.00000 0.00000
-0.02008 0.02963
0.06169 0.09894
0.21721 -0.08395
0.00000 0.00000
-0.00642 0.00565
0.08308 0.09707
0.00000 -0.00000
-0.00031 0.00056
0.01253 -0.34294
0.11118 0.33111
-0.04413 -0.00950
0.13848 0.20455
0.18015 -0.14858
0.00038 0.01133
0.03907 0.11635
0.16251 -0.02789
0.00000 0.00000
0.00000 0.00000
0.00347 -0.09510
0.00069 -0.10754
0.00007 -0.00179
0.00000 -0.00000
0.00000 0.00000
0.02534 -0.01560
-0.10982 0.04244
0.06314 0.10126
-0.00459 -0.00099
0.31076 -0.19129
-0.13127 -0.00165
-0.08702 -0.04306
0.00000 0.00000
0.00000 0.00000
0.00000 0.00000
-0.09228 -0.01987
0.00012 -0.01786
0.00000 0.00000
0.13620 0.20117
0.15957 0.25593
0.02235 0.03584
0.00000 0.00000
0.00247 -0.06758
0.00036 -0.05617
0.00000 0.00000
-0.27028 -0.00340
0.07816 -0.01341
0.01429 0.01467
-0.01231 0.00658
0.00000 0.00000
0.01501 -0.41082
0.05680 -0.03496
0.00000 0.00000
0.00000 0.00000
0.00000 0.00000
0.00000 0.00000
0.15125 0.24258
0.05945 -0.17747
0.00538 -0.14731
0.00000 0.00000
0.00000 0.00000
0.00000 0.00000
0.04382 0.07027
-0.19325 -0.00243
0.05082 0.08150
-0.32477 -0.00409
-0.09145 -0.01969
0.00000 0.00000
0.00000 0.00000
0.24843 -0.20490
0.00000 0.00000
0.01274 -0.34877
0.00000 -0.00000
-0.01491 -0.00321
-0.30898 -0.00389
0.00552 0.00885
0.00471 -0.12887
0.00000 -0.00000
0.00000 0.00000
0.00000 0.00000
0.00000 0.00000
-0.03723 -0.00047
0.00000 0.00000
0.13835 -0.16877
0.03136 0.03664
0.00957 0.28382
0.10039 -0.01723
0.09244 0.14826
0.09213 0.14777
-0.11435 -0.00144
0.11762 0.18865
0.08570 -0.05275
0.00000 0.00000
0.00000 0.00000
0.00019 -0.00520
0.21329 0.34209
0.00025 -0.00678
-0.04867 0.00717
0.00000 0.00000
0.00000 0.00000
0.00000 0.00000
0.00000 0.00000
0.00000 0.00000
0.00000 0.00000
0.07692 0.12336
0.00099 -0.02711
0.00000 0.00000
-0.09338 0.01376
0.00000 0.00000
0.00701 0.20788
0.00000 0.00000
0.00000 0.00000
0.00000 0.00000
0.05365 0.08605
0.00000 0.00000
0.06989 0.07171
0.00000 0.00000
-0.04637 0.06844
-0.08519 -0.00107
0.00297 0.00476
0.00945 0.28044
0.00000 0.00000
0.00000 0.00000
0.16334 0.26198
-0.11648 0.06221
0.00000 -0.00000
0.12320 -0.02114
0.00000 0.00000
0.00000 0.00000
-0.06481 0.05704
-0.04958 -0.00062
0.00000 0.00000
-0.22774 -0.04904
0.11085 -0.26438
0.00000 0.00000
0.00000 0.00000
0.05208 0.42629
-0.24837 -0.05348
0.10275 -0.06325
-0.14143 -0.00178
0.04824 -0.02969
0.00000 0.00000
0.00000 0.00000
0.00000 0.00000
0.00000 0.00000
0.00000 0.00000
0.00000 -0.00000
0.01115 -0.30523
0.00000 0.00000
0.07928 0.12715
0.01177 -0.32206
-0.22881 -0.00288
0.08317 -0.24829
-0.20672 -0.04452
0.08965 0.14378
0.00397 -0.10876
-0.01007 -0.00013
0.01243 0.10173
0.07148 -0.04400
0.19264 0.22509
0.03275 -0.00562
0.04799 0.07697
-0.06022 0.02327
0.00413 0.12243
0.00000 0.00000
0.00000 0.00000
0.28701 -0.17667
0.18289 -0.22311
0.05748 -0.03538
-0.07616 0.11240
0.00966 -0.26445
0.14496 0.23249
0.01351 -0.36970
-0.27528 -0.00347
0.03528 -0.02909
0.01329 -0.36368
-0.07456 0.03982
0.00000 0.00000
-0.01496 -0.00322
0.00000 0.00000
0.20256 -0.10818
0.01155 -0.31604
0.00004 -0.00099
0.00000 0.00000
0.16298 0.26140
0.12160 -0.02087
0.00000 0.00000
0.00000 0.00000
0.00000 0.00000
-0.10578 0.05649
0.00000 0.00000
-0.02036 0.03681
0.00000 0.00000
0.00000 0.00000
0.00580 -0.15876
0.00574 -0.15718
-0.39119 -0.00493
0.14178 -0.17295
-0.05765 0.00989
0.01088 -0.29786
0.00000 0.00000
0.02491 0.03995
0.15198 -0.28159
0.14248 0.22852
0.00000 0.00000
0.00000 0.00000
0.00000 0.00000
0.18815 -0.03228
-0.05785 -0.01246
0.00000 0.00000
-0.39096 0.05433
0.00000 0.00000
-0.02461 0.04450
-0.00000 0.00000
0.14214 -0.11723
-0.07090 0.12819
0.00000 0.00000
0.00000 -0.00000
0.00000 0.00000
0.00000 0.00000
0.00000 0.00000
-0.29864 -0.00376
0.00000 0.00000
0.00000 0.00000
0.00000 0.00000
0.12858 -0.02206
0.00000 0.00000
0.00000 -0.00000
-0.04599 -0.00260
-0.17005 -0.03662
-0.30203 0.05183
0.00000 0.00000
0.01610 -0.44064
0.06549 -0.04031
0.08775 -0.10704
-0.04654 -0.01002
0.01553 -0.42509
-0.08388 -0.01806
0.00000 0.00000
-0.03413 0.01823
0.00000 0.00000
0.00000 0.00000
0.00000 0.00000
0.00000 0.00000
0.00000 0.00000
0.00220 -0.00038
0.00000 -0.00000
-0.17327 -0.03731
0.09261 0.10821
-0.33209 -0.00418
0.00000 0.00000
0.00000 0.00000
0.00000 0.00000
0.04176 -0.00717
-0.23089 -0.04972
0.10669 0.17112
0.00000 0.00000
0.00000 0.00000
0.00459 -0.00850
0.00000 0.00000
0.00000 0.00000
-0.02217 0.01184
0.00000 -0.00000
-0.14721 -0.03170
0.00470 -0.12852
0.00000 -0.00000
0.00000 0.00000
0.00701 -0.19194
0.00000 0.00000
0.01000 -0.27382
-0.21157 -0.04556
0.00000 0.00000
0.00114 0.03375
0.11331 0.18174
0.00000 0.00000
-0.15108 -0.07477
0.00000 0.00000
0.00365 0.00586
0.00000 0.00000
0.00658 -0.17997
-0.10949 -0.02358
0.00000 0.00000
0.09994 -0.29837
0.00000 0.00000
0.00000 0.00000
0.00701 0.20791
0.00384 0.11394
0.06008 -0.11131
0.00000 0.00000
0.03570 -0.10659
0.00193 0.05736
0.00594 0.00609
-0.15205 -0.00860
0.08669 0.13905
-0.00651 0.01176
0.00000 0.00000
0.09878 0.29419
0.00000 0.00000
0.00000 0.00000
0.05517 0.05661
0.00000 0.00000
0.04848 -0.05914
0.00063 -0.01732
0.00000 0.00000
0.14797 0.21856
0.00000 0.00000
0.00651 -0.17809
0.00000 0.00000
0.00000 0.00000
0.05842 0.09370
0.00000 0.00000
0.06431 -0.01104
-0.27795 -0.00350
0.00000 0.00000
0.06121 -0.01050
0.00000 0.00000
-0.34355 -0.00433
-0.23964 -0.05160
0.00000 0.00000
-0.01472 -0.00729
0.04496 0.07212
-0.36242 -0.00456
0.00738 -0.20193
0.00000 -0.00000
0.00000 0.00000
0.00498 -0.13642
0.23708 -0.19553
0.00000 0.00000
-0.09162 0.16566
0.06280 -0.07661
0.00224 -0.06133
0.04438 0.07119
0.01497 0.01536
0.03594 0.05764
0.00034 -0.05204
0.00000 0.00000
0.00000 0.00000
-0.18468 -0.03977
0.09944 -0.18425
-0.11283 -0.02430
0.08276 0.13274
0.01330 -0.36413
0.14069 0.22566
0.04631 0.05411
0.16424 -0.02818
0.00000 0.00000
0.00000 0.00000
0.21474 -0.18899
0.01377 -0.37693
0.06948 0.08119
0.00000 0.00000
0.06552 0.10508
0.00569 0.16888
0.00000 0.00000
-0.20677 -0.04453
0.00000 0.00000
0.00017 -0.02609
-0.10862 0.19640
0.00000 -0.00000
0.11799 0.18924
-0.13101 -0.00165
0.00000 0.00000
-0.01641 -0.00353
-0.01425 -0.00081
-0.05057 -0.01089
0.00000 0.00000
0.07992 0.01049
0.00000 0.00000
0.00000 0.00000
0.00000 0.00000
0.11962 -0.17341
0.15307 -0.06562
0.00115 -0.03142
0.02531 0.04059
0.00046 -0.07066
-0.03557 -0.00045
0.00000 0.00000
-0.03317 -0.00042
0.16913 0.27127
0.00000 0.00000
0.18386 0.29488
-0.19229 0.10269
0.02439 0.00320
0.00000 0.00000
0.11622 0.18640
0.10481 -0.06452
-0.07883 0.14254
-0.09832 -0.00124
-0.23184 -0.00292
0.00000 0.00000
0.00000 0.00000
0.00000 0.00000
-0.09784 -0.02107
0.04470 -0.02752
0.00000 0.00000
0.05614 0.05761
-0.15090 -0.03250
0.00000 0.00000
0.00000 0.00000
-0.02212 0.03265
0.00000 0.00000
0.00000 0.00000
0.07389 0.11851
-0.00630 0.00554
0.00416 0.00668
-0.07317 -0.10807
0.00000 0.00000
0.04541 -0.08413
0.00588 -0.16086
-0.17934 -0.00226
0.17769 0.28499
0.00000 0.00000
0.00000 -0.00000
0.01072 -0.29336
0.00000 0.00000
0.03033 -0.01867
0.00000 0.00000
-0.29145 -0.06276
0.00000 0.00000
0.00000 0.00000
-0.02376 -0.01176
0.17443 0.27977
-0.18438 0.03164
0.00759 0.22507
0.12918 -0.30809
0.00000 0.00000
0.05002 -0.11930
0.00000 0.00000
0.00000 0.00000
-0.13824 -0.06842
0.00014 -0.02221
0.08912 0.14294
0.00000 0.00000
0.00000 -0.00000
-0.08005 -0.03962
0.00000 -0.00000
0.00000 0.00000
-0.31892 -0.00402
-0.00762 -0.01125
0.03875 -0.11568
0.06600 0.10586
0.00915 0.00939
0.00000 0.00000
0.14074 -0.12387
0.00000 0.00000
0.00000 -0.00000
0.00000 0.00000
0.00809 0.00945
0.00000 0.00000
0.07424 -0.09057
0.00000 0.00000
0.00000 0.00000
0.05683 0.00746
0.00000 0.00000
0.00000 -0.00000
0.00921 -0.00760
0.08752 -0.07218
0.00000 -0.00000
-0.00104 -0.00154
0.00000 0.00000
0.00000 -0.00000
0.00000 0.00000
0.00879 -0.24047
0.16326 -0.13465
0.00000 0.00000
-0.39661 -0.00499
0.00000 0.00000
0.01952 -0.05828
0.00000 0.00000
0.00694 0.20596
0.08759 0.14048
-0.02454 0.04438
-0.10945 -0.00619
0.00000 0.00000
0.01264 0.02027
0.17451 -0.10742
0.00000 0.00000
-0.03980 -0.00857
0.00316 -0.08661
-0.32462 -0.00409
0.03280 -0.02019
0.00000 0.00000
0.00000 -0.00000
0.00037 -0.05727
0.00000 0.00000
0.12680 -0.37855
0.08550 -0.07525
0.00000 0.00000
0.00000 0.00000
0.09546 -0.11645
0.00000 0.00000
-0.37496 0.05211
0.08465 -0.12494
0.00000 0.00000
-0.10077 -0.02170
-0.15839 -0.03411
-0.10678 -0.00604
0.00000 0.00000
0.12075 -0.02072
-0.13324 0.01852
0.00000 -0.00000
0.00522 0.15487
0.00000 0.00000
0.00000 0.00000
-0.09003 -0.04456
0.00000 0.00000
0.00489 0.14501
0.01303 -0.35655
0.09392 0.15064
0.11941 0.19151
0.00622 0.18446
-0.10065 -0.02167
0.02366 -0.01456
0.21332 0.34214
-0.27468 -0.00346
0.11701 -0.34932
-0.08581 0.15515
0.01409 -0.38560
0.01296 -0.35467
0.03366 -0.04106
-0.02831 0.05119
0.16202 0.25986
-0.11197 -0.00141
0.00000 0.00000
0.31330 -0.25840
-0.00000 0.00000
0.00000 0.00000
0.04704 0.07544
0.08071 -0.01385
0.00000 0.00000
-0.02588 0.04680
0.00386 -0.10565
0.00000 0.00000
0.09646 0.28729
-0.15959 0.02351
-0.02075 -0.00026
0.00049 0.01443
0.00000 0.00000
0.00466 -0.12766
0.02796 0.00367
0.05953 -0.04910
0.16729 0.26831
0.15980 0.25630
0.02901 -0.05375
0.00122 0.03613
0.12214 -0.14900
0.00000 -0.00000
0.05026 -0.03094
0.00000 0.00000
0.00000 0.00000
0.00000 0.00000
0.00000 -0.00000
0.00000 -0.00000
0.00000 -0.00000
0.00435 -0.11901
0.00000 0.00000
0.15783 0.25314
-0.27117 0.10481
0.00000 0.00000
-0.09728 -0.02095
0.00000 -0.00000
0.00000 0.00000
0.14535 0.23312
-0.17821 -0.03837
0.00000 -0.00000
0.00000 0.00000
-0.02778 0.05023
-0.12178 0.22018
0.14574 0.21526
0.07813 0.43218
0.00917 -0.25110
0.01411 -0.38624
0.00579 -0.15857
0.00000 0.00000
0.00000 -0.00000
0.00517 -0.14159
-0.01706 0.01123
0.00000 0.00000
0.00000 -0.00000
0.00652 -0.17842
-0.12216 -0.00154
0.21674 -0.03719
0.00000 0.00000
0.12001 -0.35828
0.01242 -0.33999
0.04579 -0.08485
0.07344 -0.01260
-0.16885 0.06526
0.00000 0.00000
0.00707 -0.19343
0.06352 -0.18963
-0.13292 0.24034
0.00082 0.02436
0.00000 0.00000
0.27391 -0.22591
0.00000 0.00000
0.15555 0.24948
0.00668 0.19810
0.00051 -0.07965
0.01748 -0.01441
0.00000 0.00000
-0.05628 -0.02786
-0.02322 -0.01149
0.00000 0.00000
0.16799 0.26944
0.07425 0.07619
0.00000 -0.00000
0.00208 0.06167
0.03727 0.03824
-0.18571 0.03187
0.12211 -0.07517
0.06293 -0.05190
-0.05570 0.08220
-0.24318 -0.05237
0.00000 0.00000
0.00000 -0.00000
0.00085 0.00136
0.00000 0.00000
0.00000 0.00000
0.00000 0.00000
0.01054 -0.28855
0.00000 -0.00000
0.19393 0.28644
0.12448 -0.23062
0.00000 0.00000
0.00000 0.00000
0.00677 -0.18521
0.10902 0.17485
-0.14721 0.07862
0.00880 0.01411
0.00000 0.00000
0.01257 0.02016
0.00000 0.00000
-0.15024 -0.03235
0.14825 0.23777
0.19882 -0.03412
0.00000 0.00000
-0.16802 0.06494
0.00000 0.00000
-0.24541 -0.05285
-0.00133 0.00196
0.04113 0.06597
0.07045 0.38970
-0.23096 -0.04973
-0.09029 -0.01944
0.11194 0.33340
-0.09027 0.16322
0.00000 -0.00000
-0.28469 -0.00358
0.00000 0.00000
0.10655 0.31733
-0.10926 0.04223
-0.07325 -0.01577
0.04501 0.07218
-0.06656 0.12034
0.00986 -0.26985
-0.29978 -0.00377
-0.22079 -0.04754
0.00046 0.01352
-0.10481 0.04051
0.00000 0.00000
0.08929 -0.10893
0.23624 0.37890
0.00197 0.05847
0.16411 0.26320
0.02248 0.34109
-0.19699 -0.00248
0.00000 0.00000
0.12978 -0.15832
-0.00943 -0.00203
0.00000 0.00000
0.00000 0.00000
0.00000 -0.00000
0.19091 0.30619
0.01135 -0.31053
0.00000 0.00000
0.14623 -0.09001
0.03009 -0.01852
-0.10710 0.01838
0.05672 -0.03492
-0.05955 0.02302
-0.11985 0.06401
0.08821 -0.21038
0.00046 0.01378
0.00250 -0.06830
-0.02995 0.01157
0.09092 0.14582
0.05498 -0.02125
-0.03507 0.06342
0.18284 -0.16091
0.00000 0.00000
-0.04746 0.08582
0.00447 -0.12238
0.00000 0.00000
-0.32261 -0.00406
-0.07199 -0.10633
0.00000 0.00000
-0.36656 -0.00462
-0.11164 -0.00141
0.01052 0.31215
0.00000 0.00000
0.00000 0.00000
0.07945 0.12742
0.00663 0.19663
-0.08096 -0.00102
0.00000 0.00000
0.00936 -0.25617
0.01528 0.00201
0.03514 -0.10491
-0.03153 -0.00040
-0.09488 0.17155
0.13705 -0.09021
0.00000 0.00000
0.00000 -0.00000
0.10474 0.16799
0.00000 0.00000
-0.02053 -0.00442
0.00000 -0.00000
0.00340 -0.09292
0.00000 0.00000
-0.18498 -0.00233
-0.00139 -0.00002
0.00000 0.00000
0.00000 -0.00000
0.04398 0.07053
-0.17189 0.09180
0.00000 0.00000
0.00000 -0.00000
0.00000 0.00000
-0.11825 0.01742
0.00000 0.00000
0.11193 -0.13654
0.01784 -0.01098
0.00000 0.00000
0.00000 0.00000
0.00000 0.00000
0.02901 0.00381
0.00000 0.00000
-0.27458 -0.05913
-0.01905 -0.00410
0.00000 0.00000
0.12497 0.20044
0.00000 0.00000
0.00704 -0.19265
0.01326 -0.36294
0.00000 0.00000
0.01796 0.02881
0.17680 -0.03034
-0.35924 -0.00452
0.00000 0.00000
0.04926 -0.06009
0.13977 0.22417
-0.26992 0.14415
0.00119 0.00191
0.00000 0.00000
0.01635 -0.04880
0.15115 -0.09304
0.03070 -0.01890
0.00000 0.00000
0.00000 0.00000
-0.05960 -0.00075
0.00000 0.00000
0.00000 0.00000
0.00000 0.00000
0.00000 0.00000
0.00073 -0.01997
-0.13009 0.23522
0.02288 0.00300
0.00113 -0.17470
0.00000 0.00000
0.00000 0.00000
0.16814 0.26967
0.00000 0.00000
0.08009 0.12845
0.03035 0.03547
-0.33183 -0.00418
0.21368 0.34272
0.00000 0.00000
0.00033 -0.00895
0.00000 0.00000
-0.08694 -0.01872
0.00000 0.00000
0.04253 0.04364
0.00000 0.00000
-0.28442 -0.00358
0.00858 -0.23496
0.00000 -0.00000
0.00000 -0.00000
0.00000 0.00000
0.00000 0.00000
-0.19531 -0.00246
0.11035 0.32866
0.00000 0.00000
0.06268 0.10053
0.00000 0.00000
0.00000 0.00000
0.20759 -0.08023
0.00000 0.00000
0.00000 0.00000
0.00000 0.00000
0.00408 -0.11153
0.00000 0.00000
0.06412 0.10284
0.00203 -0.05551
-0.29061 -0.00366
0.00007 -0.01008
0.05162 0.15374
-0.21863 -0.00275
0.00000 0.00000
-0.18173 0.03118
0.00000 0.00000
0.00000 0.00000
-0.05846 0.10570
0.00000 0.00000
0.11406 -0.13914
0.00000 0.00000
0.12718 -0.02182
0.00000 0.00000
0.00000 0.00000
0.00000 0.00000
-0.17851 -0.00225
0.16729 -0.10298
0.00000 0.00000
0.16335 -0.02803
0.00920 0.27282
-0.22865 0.03923
0.00000 0.00000
0.15768 -0.28511
0.00314 -0.00259
0.00000 0.00000
0.00000 0.00000
0.02932 0.04702
0.00000 0.00000
0.00000 0.00000
0.00000 0.00000
0.00000 0.00000
-0.05412 -0.01165
0.00000 0.00000
0.11711 0.34879
-0.12442 -0.02679
0.00000 -0.00000
0.00000 0.00000
-0.04202 -0.00053
0.00362 0.10730
0.00000 0.00000
0.00000 -0.00000
0.00000 0.00000
-0.26192 0.04494
0.00000 0.00000
0.16515 0.19297
0.00000 0.00000
0.00000 0.00000
-0.06353 -0.01368
0.03935 -0.04800
0.00594 -0.16259
0.00000 0.00000
0.06135 -0.07484
0.00000 0.00000
0.23113 -0.28196
0.00000 0.00000
0.00000 0.00000
0.00000 -0.00000
0.00000 0.00000
0.00000 0.00000
0.00887 -0.24283
-0.16638 -0.03583
0.00199 0.05897
-0.18469 -0.03977
0.00000 -0.00000
0.02073 0.03325
0.00000 0.00000
0.09687 0.28851
-0.00074 -0.00016
0.05621 0.31089
0.00000 0.00000
0.00000 0.00000
0.12838 -0.15661
-0.17160 -0.03695
0.00000 0.00000
0.00000 0.00000
-0.17784 -0.00224
0.00664 0.01066
0.00000 0.00000
0.00000 0.00000
0.00000 0.00000
0.00000 0.00000
-0.03865 0.06988
0.00000 0.00000
0.00000 0.00000
0.00000 -0.00000
0.00000 0.00000
-0.03809 0.06888
0.00000 0.00000
0.00000 0.00000
0.00353 -0.09664
0.00000 0.00000
-0.09429 -0.00119
0.13667 0.14024
0.00000 0.00000
0.00000 0.00000
0.17524 0.28106
0.00940 0.01508
-0.23839 0.12731
0.12769 -0.10531
-0.10051 -0.02164
0.14058 0.22547
0.00000 0.00000
0.00000 0.00000
0.00000 0.00000
0.00000 0.00000
0.00892 -0.00549
0.03519 -0.06519
-0.15532 0.08295
0.03980 0.06384
0.00000 0.00000
0.12966 0.20796
0.00000 0.00000
0.08231 0.13202
0.00881 0.26145
0.06210 0.07256
0.00000 -0.00000
0.00000 0.00000
0.00000 -0.00000
0.13721 -0.40963
0.00000 0.00000
-0.12118 -0.02610
0.00000 0.00000
-0.35486 -0.00447
0.00000 0.00000
0.00000 0.00000
-0.26335 0.14064
-0.02011 0.00296
0.16072 -0.19606
-0.08634 -0.01859
0.00000 0.00000
0.04336 -0.02669
0.27361 -0.22566
0.00477 0.14150
0.05922 0.09499
-0.06204 0.00914
0.00000 0.00000
0.00000 0.00000
-0.16666 -0.03589
0.00967 -0.00166
0.00000 0.00000
0.16880 -0.24913
0.00000 0.00000
0.00000 -0.00000
0.01025 0.01644
0.12469 -0.22545
0.14171 0.14540
0.07663 0.12291
0.00000 -0.00000
0.08352 0.13395
0.20294 -0.12492
0.01194 -0.32673
-0.23462 -0.00295
0.05131 -0.12236
0.03789 -0.04622
-0.00000 0.00000
-0.17680 -0.08750
-0.00000 0.00000
0.00000 0.00000
0.02066 0.16909
0.00779 -0.21329
-0.01590 0.02874
-0.19199 0.03295
-0.11976 0.04629
0.00466 -0.12745
0.20814 -0.03572
0.06877 -0.01180
-0.20427 -0.04399
0.00000 0.00000
0.19951 0.31999
-0.07628 0.13792
-0.13748 0.07342
-0.05455 0.09863
-0.23549 -0.05071
-0.17673 -0.03806
0.00000 0.00000
0.10897 0.16095
0.04398 0.07054
0.00000 0.00000
-0.00000 0.00000
0.00000 0.00000
0.00000 0.00000
-0.09346 0.03612
-0.20694 -0.00261
-0.20541 -0.04423
-0.04540 0.02425
0.26823 -0.17656
-0.20836 0.11128
0.00000 0.00000
0.01605 -0.43922
-0.18729 -0.00236
0.19872 -0.03410
0.01319 -0.36113
0.00000 0.00000
0.01300 -0.35568
0.00208 0.06162
0.00000 0.00000
-0.14881 -0.03205
0.09291 0.14902
-0.01841 -0.00396
0.09977 0.10237
0.00000 0.00000
-0.26959 0.11558
0.00000 0.00000
0.18395 0.29504
0.00000 0.00000
0.08320 -0.10150
0.00000 0.00000
0.00000 0.00000
0.00000 0.00000
0.00327 0.09690
-0.01931 0.03491
-0.04380 -0.00943
0.09725 -0.11863
0.00000 0.00000
0.01431 -0.00881
0.00000 0.00000
0.00000 0.00000
0.00000 0.00000
0.06590 -0.04057
0.00720 -0.19716
-0.11259 -0.00142
0.00000 0.00000
0.04135 0.06631
0.00000 0.00000
0.01239 -0.33915
0.04569 0.05339
0.04265 0.04376
-0.07116 0.12866
-0.04342 0.03822
0.00000 -0.00000
-0.11985 -0.02581
0.00000 0.00000
0.00000 0.00000
-0.07798 0.14100
-0.40005 -0.00504
0.01051 0.01685
0.00085 -0.13188
0.04651 0.07459
-0.13103 -0.00165
0.19008 0.30486
0.00000 0.00000
0.00000 0.00000
0.00683 -0.18679
0.00000 0.00000
-0.11666 0.21093
0.00000 0.00000
0.00388 0.00622
0.03106 0.03188
0.00000 0.00000
0.00000 0.00000
0.00077 -0.11958
0.17041 -0.09101
-0.06039 -0.00076
0.00000 0.00000
0.00000 0.00000
0.04405 0.07065
-0.01732 -0.02558
0.01789 -0.01101
0.13753 0.22058
0.00000 0.00000
0.01557 -0.42619
0.00000 -0.00000
0.11881 0.19056
0.10571 -0.08718
0.13080 -0.05055
0.00000 0.00000
0.21403 0.34328
0.14368 -0.02466
0.00000 0.00000
0.00524 -0.14331
0.00000 0.00000
-0.21468 -0.04623
0.00668 -0.18269
0.00000 0.00000
0.00000 -0.00000
0.06143 0.33977
0.00000 0.00000
-0.31313 -0.00394
0.05044 -0.06153
-0.06326 -0.00080
-0.04706 -0.01013
-0.14579 -0.03140
-0.24381 0.13021
-0.18141 -0.03906
0.00000 0.00000
0.14613 0.23438
0.00455 -0.12465
0.00893 -0.24450
-0.24796 0.13242
0.00069 -0.01882
0.10272 0.30592
0.00000 0.00000
0.00000 -0.00000
0.00000 0.00000
0.01470 0.22300
0.02484 0.07397
0.22900 0.36728
0.15766 -0.08982
0.11938 -0.14563
-0.20452 0.10922
0.00000 0.00000
0.00541 -0.14805
0.00417 -0.11418
-0.10064 0.01399
0.00000 0.00000
-0.14262 -0.03071
0.00000 0.00000
0.00000 -0.00000
0.12921 0.20723
0.09667 0.15505
0.13582 -0.16569
0.18126 -0.03110
-0.02640 -0.00569
0.11287 0.18103
0.05769 -0.03551
0.00000 -0.00000
0.07851 -0.09577
0.16017 -0.14097
0.00000 0.00000
-0.27405 -0.00345
0.22119 -0.11813
0.12331 -0.07590
-0.25297 -0.00319
0.02519 0.04039
0.00000 0.00000
-0.25768 -0.05549
0.21008 0.33694
0.00000 0.00000
0.00000 0.00000
0.18127 0.26774
0.00000 0.00000
0.00248 -0.00303
0.00000 0.00000
0.00000 0.00000
0.00539 0.15994
0.01582 -0.43288
-0.39653 -0.00499
0.06829 0.10953
0.00000 0.00000
0.01588 0.00208
0.11617 -0.34681
0.00568 0.16844
0.00000 0.00000
0.00000 0.00000
0.00000 0.00000
0.15260 0.24475
0.00102 -0.15785
-0.17865 -0.00225
0.01639 -0.01009
0.04997 0.05127
-0.10944 -0.05417
0.00000 0.00000
0.01473 0.08146
0.00000 0.00000
0.00000 0.00000
0.00000 0.00000
0.00037 -0.01009
0.00000 0.00000
0.07507 -0.04621
0.00000 0.00000
0.00000 0.00000
0.28086 -0.18488
0.03948 0.04051
0.00000 0.00000
0.00606 -0.16584
-0.17740 -0.00223
0.00000 0.00000
-0.02353 0.04254
0.00000 0.00000
0.02374 -0.07086
0.00000 0.00000
0.10052 0.16123
0.00000 0.00000
-0.12703 -0.02735
0.05169 -0.00887
0.03330 0.05342
-0.24015 -0.00302
0.00000 0.00000
0.00000 0.00000
0.00000 -0.00000
0.15863 -0.02722
0.00000 0.00000
0.00000 0.00000
0.02573 0.04127
0.00000 0.00000
0.00000 -0.00000
0.00345 -0.09445
-0.06979 -0.00088
0.00198 0.05871
0.00000 0.00000
0.00754 -0.20631
-0.08724 -0.01879
0.06426 0.10307
0.00033 -0.05038
0.02586 0.04148
0.12038 0.19307
-0.03548 0.06416
0.00000 0.00000
-0.04380 -0.00055
0.20186 0.32376
-0.17490 0.03001
0.00133 -0.03632
-0.34545 0.04801
0.00000 0.00000
0.00000 0.00000
-0.09821 0.03796
0.00000 0.00000
0.00000 0.00000
0.09191 -0.13565
-0.04150 -0.06130
0.00081 -0.12609
0.07348 0.07540
0.00000 -0.00000
0.00000 0.00000
0.03843 -0.04688
0.00000 0.00000
0.00000 0.00000
0.00000 -0.00000
-0.17739 -0.03820
-0.13286 -0.00167
0.00000 0.00000
0.00720 -0.19703
0.00000 0.00000
0.21336 -0.08246
0.00000 0.00000
0.00000 0.00000
0.02345 0.03760
0.00000 0.00000
-0.15271 -0.03288
-0.08372 -0.01803
0.01930 -0.03576
-0.06238 0.03331
-0.05211 -0.01122
-0.43014 -0.00542
-0.05501 0.02938
0.18780 -0.15489
0.00000 -0.00000
-0.15838 0.28636
0.13186 -0.31448
0.00000 0.00000
0.00000 0.00000
0.00000 -0.00000
0.10976 0.11263
0.04844 0.07769
0.00000 0.00000
0.00000 -0.00000
0.00279 0.08261
0.00000 0.00000
0.01451 -0.39707
0.00059 -0.09217
0.00000 -0.00000
0.03780 0.06062
0.00000 0.00000
0.00000 0.00000
-0.07259 0.02806
0.00000 0.00000
0.00000 0.00000
0.00000 -0.00000
0.00000 -0.00000
0.05271 0.08454
-0.05865 0.00864
0.00603 0.17871
0.16605 0.26632
0.00000 0.00000
0.00000 0.00000
0.02568 0.04119
0.00398 -0.10903
0.02694 -0.02222
0.00000 0.00000
0.00000 0.00000
0.00000 -0.00000
0.00516 -0.14133
0.00000 0.00000
0.00004 -0.00614
0.07009 0.11241
0.00000 0.00000
0.04015 0.06439
0.12700 0.14839
0.00736 0.21831
0.01329 -0.36376
0.08378 -0.06910
0.00000 0.00000
0.04001 0.04105
-0.37030 -0.00466
0.17772 0.28503
0.00000 0.00000
-0.19000 0.02799
-0.28919 -0.00364
0.00000 0.00000
0.00000 0.00000
0.00000 0.00000
0.00059 -0.01623
-0.36477 -0.00459
-0.30995 0.13288
0.00000 0.00000
-0.15777 0.08426
0.00565 -0.15450
0.00000 0.00000
-0.00020 0.03053
0.03547 0.04144
0.00417 -0.00344
0.07265 0.11652
0.12244 0.18085
0.00000 0.00000
0.00000 0.00000
0.05744 0.09212
0.00192 -0.05267
0.09585 -0.28614
0.22880 -0.27911
0.00000 0.00000
0.00718 0.21298
0.00291 0.08624
0.00000 0.00000
-0.02774 0.01481
0.00000 0.00000
0.00000 0.00000
0.01438 -0.39368
-0.10286 0.18599
0.00000 0.00000
-0.03845 0.06953
-0.02963 0.01583
0.25093 -0.20695
0.00000 0.00000
-0.32963 0.04581
0.00000 0.00000
0.00000 0.00000
-0.25036 0.09676
0.00863 -0.23607
0.00000 0.00000
0.00000 0.00000
0.19001 0.30474
0.00000 0.00000
0.06878 0.11031
0.00000 0.00000
0.16836 0.27003
0.00000 0.00000
0.00994 0.29478
0.00051 -0.01383
0.05620 0.09013
0.01210 -0.33111
0.14251 0.21049
0.02462 0.20150
0.06836 -0.12360
0.10730 -0.32034
0.00000 0.00000
-0.01684 0.03045
0.05820 0.17333
0.00093 -0.14450
0.00000 0.00000
0.00000 0.00000
0.00000 0.00000
0.00000 0.00000
0.01040 -0.28476
0.02556 0.04100
0.00534 0.15836
0.13388 -0.19759
0.00000 0.00000
0.11576 -0.09547
-0.20776 -0.04474
0.00000 -0.00000
-0.09328 -0.00117
0.01085 -0.29690
0.00000 0.00000
0.00000 0.00000
0.06084 -0.03745
-0.12697 0.22958
0.00000 0.00000
0.08359 0.13407
0.00000 0.00000
0.00000 0.00000
0.00000 0.00000
0.17944 0.28780
-0.34551 -0.00435
-0.08429 0.04502
-0.20723 -0.04462
0.00000 0.00000
-0.08599 0.15547
0.00000 0.00000
0.00000 0.00000
-0.16187 -0.03486
0.00000 0.00000
-0.00094 0.00014
0.00000 0.00000
0.00000 0.00000
0.08894 0.14264
0.00620 -0.16973
0.05388 0.05529
-0.05822 0.02250
-0.19836 -0.04271
-0.07502 0.11072
-0.20178 -0.04345
-0.10180 -0.00128
0.09949 -0.06124
-0.15396 0.02642
0.00190 -0.05188
0.00000 0.00000
0.00000 0.00000
0.00000 0.00000
-0.20130 0.07780
0.28865 -0.23807
0.00000 0.00000
0.00224 -0.06130
0.00000 0.00000
0.00000 0.00000
0.00000 -0.00000
0.00021 0.00615
0.00000 0.00000
0.06060 -0.03237
0.00000 0.00000
0.00000 0.00000
-0.06902 -0.00087
0.15359 -0.05936
0.00000 -0.00000
0.07172 0.11503
0.00000 0.00000
0.13568 -0.11941
0.00000 0.00000
0.00000 0.00000
0.00000 0.00000
-0.10156 0.03925
-0.12349 -0.02659
-0.23444 -0.05049
0.00000 0.00000
0.00000 0.00000
0.03193 -0.01965
-0.12907 -0.02779
0.00000 0.00000
-0.07925 0.06975
0.05451 -0.03355
0.05663 -0.00972
0.00000 0.00000
0.05690 -0.03502
0.00191 -0.05217
-0.22839 -0.04918
0.00000 0.00000
0.00000 0.00000
0.18364 -0.22402
0.00000 0.00000
-0.21538 -0.00271
0.00000 0.00000
0.00436 0.12927
0.00000 0.00000
0.00000 0.00000
0.00000 0.00000
0.01124 -0.30753
0.01308 -0.35802
0.17586 -0.14504
0.00000 -0.00000
0.01386 -0.37943
-0.04088 -0.00880
0.00000 0.00000
0.00000 -0.00000
0.09977 -0.08229
-0.20405 -0.04394
0.12345 0.19800
-0.17363 -0.00219
-0.13494 0.24399
-0.11725 -0.02525
0.00000 0.00000
0.00050 -0.01373
-0.18854 -0.04060
0.01266 -0.01545
-0.10883 -0.02343
0.00000 0.00000
0.00607 -0.16625
0.00000 0.00000
-0.37334 -0.00470
-0.11503 -0.00145
-0.10196 -0.02196
-0.08661 -0.01865
0.00000 0.00000
0.11880 0.01560
0.01458 -0.39913
0.00000 0.00000
0.00000 0.00000
0.00000 0.00000
0.00000 -0.00000
0.06857 -0.02650
0.28621 -0.23605
0.00000 0.00000
0.00000 0.00000
-0.02350 0.04248
0.00000 0.00000
0.00000 0.00000
0.00000 -0.00000
0.07799 -0.09513
0.20734 -0.03558
0.00241 -0.06603
0.00000 0.00000
-0.27466 -0.00346
0.00840 -0.22998
0.00422 -0.11549
0.08905 0.09137
0.00000 0.00000
0.00479 -0.13104
0.17608 0.28241
-0.02008 -0.02966
0.00451 -0.12343
0.11490 0.18428
0.07856 0.12600
-0.21800 -0.04694
0.00000 0.00000
0.00000 0.00000
0.08063 0.08274
0.00000 0.00000
0.00000 0.00000
0.00000 -0.00000
0.00000 0.00000
-0.41296 -0.00520
0.00000 -0.00000
0.14413 0.23116
0.18480 -0.22544
0.00000 0.00000
-0.26489 -0.05704
0.03625 0.05814
0.09062 -0.05578
0.00932 -0.25503
0.00047 0.00076
0.00000 0.00000
-0.24846 -0.05350
0.00000 0.00000
0.01108 -0.30328
-0.25919 -0.05581
0.00000 0.00000
0.00000 0.00000
0.00845 -0.23126
-0.20508 0.10952
0.17021 -0.02921
0.00000 -0.00000
0.00000 0.00000
-0.09259 0.16741
0.00000 0.00000
0.01803 0.27355
0.00000 0.00000
0.00000 0.00000
0.22015 -0.13551
0.00000 0.00000
-0.17460 -0.03760
0.00000 0.00000
0.00000 0.00000
0.00000 0.00000
0.00000 0.00000
0.14476 0.23217
0.11558 -0.07115
0.00000 0.00000
-0.08129 0.01198
0.12538 -0.10341
0.00000 0.00000
0.00018 0.00526
0.00129 0.03812
0.09516 0.28341
0.11925 0.35515
-0.09174 -0.01976
0.00000 0.00000
0.03215 0.09576
0.00000 0.00000
0.05634 0.09037
-0.36286 0.05042
0.01082 0.32087
0.01719 -0.02098
0.00000 0.00000
0.12732 -0.23589
-0.34734 -0.00437
0.00000 0.00000
0.01017 -0.27833
0.05151 0.08262
-0.08490 -0.01828
0.00000 0.00000
0.00000 0.00000
-0.01327 0.02399
0.00000 0.00000
-0.13037 -0.06452
0.00000 0.00000
0.00000 0.00000
-0.40705 -0.00513
-0.02956 0.05345
0.00000 0.00000
-0.05469 -0.02706
0.00000 0.00000
0.20132 -0.03455
0.00834 -0.22827
0.00000 0.00000
0.00000 0.00000
0.00000 -0.00000
0.06297 -0.03876
0.05583 -0.06810
0.00000 0.00000
0.00000 0.00000
0.00000 0.00000
0.02301 0.03690
-0.08036 -0.03977
0.00108 -0.02947
0.00000 0.00000
0.00000 0.00000
0.00710 -0.19440
0.00000 0.00000
0.01225 -0.00210
0.04772 -0.02937
0.00000 0.00000
0.00000 0.00000
0.10448 0.16758
0.03495 0.05605
0.00981 0.14882
0.00000 0.00000
0.00000 0.00000
0.03365 0.03453
0.00000 0.00000
0.12212 -0.22626
0.00000 -0.00000
0.00000 0.00000
0.00056 0.01672
0.00000 0.00000
0.00106 0.03132
0.00433 -0.11844
0.00000 0.00000
0.00000 0.00000
0.00000 0.00000
0.00000 0.00000
0.00000 0.00000
-0.01592 -0.00020
-0.03328 -0.00717
0.03294 -0.00565
0.00000 0.00000
0.00000 0.00000
-0.02133 0.03856
0.13621 0.40568
0.20741 -0.03559
0.08706 -0.25990
0.00000 0.00000
0.00817 -0.22367
0.00000 0.00000
-0.39252 0.05455
0.05190 0.08323
-0.03742 -0.00047
0.00000 0.00000
0.00000 0.00000
0.07740 0.23050
0.00000 0.00000
0.01470 0.22302
0.00608 -0.16632
0.03628 -0.02233
0.11873 0.35360
0.00000 0.00000
0.00000 -0.00000
0.06453 0.10349
-0.09578 -0.02062
-0.06717 0.03587
0.00000 0.00000
-0.32252 -0.00406
0.06577 0.10549
-0.25506 0.13622
0.05913 -0.17652
0.03671 0.05887
0.00000 0.00000
0.06894 0.11057
0.12409 0.14499
0.00000 0.00000
0.02852 -0.05285
0.00167 -0.00103
0.00701 -0.19179
-0.19743 0.08464
-0.05898 -0.01270
0.09666 -0.17477
-0.05553 -0.00070
0.03831 -0.02358
0.00000 -0.00000
-0.13474 0.05777
-0.10583 -0.00133
0.00000 0.00000
-0.32731 -0.00412
0.00531 0.15742
-0.15723 -0.03386
0.00000 0.00000
0.00000 -0.00000
-0.01162 -0.00015
-0.09250 -0.01992
0.00031 -0.04767
0.00000 0.00000
0.03678 -0.04487
0.00000 -0.00000
0.00000 0.00000
0.00000 0.00000
0.00000 -0.00000
0.00000 0.00000
-0.27980 0.10814
0.00000 0.00000
-0.20002 -0.04307
0.00653 0.19376
0.13348 0.21408
0.12707 -0.15501
-0.09710 -0.02091
0.00042 -0.06499
0.00000 0.00000
0.05614 0.09004
0.00497 0.00510
0.00000 0.00000
0.07461 0.11967
0.00331 -0.09047
0.16246 -0.02788
-0.19513 -0.04202
-0.08642 -0.04277
0.00000 -0.00000
0.01083 -0.29639
0.00000 0.00000
0.03715 -0.02287
-0.04269 0.01650
-0.02713 -0.01343
-0.08418 -0.00106
0.00000 0.00000
-0.12135 0.21941
0.01218 -0.03637
0.14415 -0.12687
0.00000 0.00000
-0.29403 0.04086
0.00000 0.00000
-0.01351 -0.00291
-0.19800 -0.00249
0.00000 0.00000
0.01529 0.02453
0.00000 0.00000
-0.34286 -0.00432
0.05226 0.28904
0.00000 0.00000
0.00000 0.00000
0.04068 -0.12144
0.00000 0.00000
0.04628 0.07423
0.00000 -0.00000
0.16803 0.26950
-0.21040 0.11236
0.17617 -0.14530
-0.07874 0.04205
0.00000 0.00000
0.15330 0.24587
0.00000 0.00000
0.00000 0.00000
-0.00255 0.39465
0.00000 0.00000
0.00000 0.00000
0.00620 -0.16958
0.00000 0.00000
0.00000 -0.00000
0.13759 0.22067
0.00000 0.00000
0.01795 -0.02190
0.00461 -0.12622
0.00000 0.00000
0.00000 0.00000
0.03440 -0.02117
-0.05518 0.09977
-0.20310 -0.04374
-0.43492 -0.00548
-0.09741 0.17612
-0.09795 -0.02109
-0.33061 0.05673
0.05992 0.09610
0.00000 0.00000
-0.00631 -0.00136
0.00000 0.00000
0.01078 0.16357
-0.12582 0.04863
0.00059 0.01750
0.00000 0.00000
0.03283 0.00431
-0.04597 -0.00058
0.00000 0.00000
0.00000 0.00000
0.06292 0.10091
0.00142 -0.03888
0.00000 0.00000
-0.06451 -0.01389
-0.09659 0.17464
0.00000 0.00000
0.00636 -0.17412
-0.12466 -0.02684
0.00000 0.00000
0.00000 0.00000
0.00000 0.00000
0.00000 0.00000
0.14247 0.16646
0.00000 0.00000
0.05711 -0.03515
0.00000 0.00000
0.00000 0.00000
0.00000 0.00000
0.00000 -0.00000
0.00000 0.00000
0.00000 0.00000
-0.33252 0.04621
0.07739 0.23049
0.00000 0.00000
-0.01395 0.02523
0.00000 0.00000
0.10051 -0.06187
0.00000 0.00000
0.00000 0.00000
0.02136 0.11813
-0.03816 0.06899
0.00000 0.00000
0.00000 0.00000
0.08631 0.13844
-0.03855 -0.00830
0.02788 0.00366
0.07773 0.07976
0.00000 0.00000
0.09394 -0.05782
-0.24999 -0.00315
0.00000 0.00000
0.00000 0.00000
0.02338 -0.01928
0.10462 -0.19384
0.00000 0.00000
0.00000 0.00000
-0.00023 -0.00012
-0.04603 0.08323
0.00000 0.00000
0.01856 0.02977
0.01044 -0.28566
0.17714 0.28410
0.00000 0.00000
0.00005 -0.00132
0.04399 -0.06377
0.20432 0.32770
0.00000 0.00000
0.00000 0.00000
0.03649 -0.10893
-0.03452 0.06242
0.00000 0.00000
0.00000 -0.00000
0.00000 0.00000
0.00000 -0.00000
0.00067 -0.10321
0.11738 0.18826
0.06538 -0.04024
0.00000 0.00000
-0.12394 -0.00156
0.00295 -0.00051
-0.22174 -0.04775
0.00000 0.00000
0.07360 -0.21973
0.00000 0.00000
0.15764 -0.02705
0.06400 0.06567
0.01655 -0.45299
0.00000 0.00000
0.22888 0.36709
0.05832 0.06815
0.10353 0.16604
0.12730 -0.02184
0.00120 -0.18526
0.00000 0.00000
-0.20677 -0.04453
0.00372 -0.00229
0.00663 0.01063
0.00000 0.00000
0.00000 0.00000
-0.19601 0.07576
0.00950 0.28175
0.00000 0.00000
0.00000 0.00000
0.00665 0.19726
0.00000 0.00000
0.00114 -0.17626
0.00287 -0.07845
0.02622 -0.01614
0.00087 0.02574
0.03423 0.05489
0.01170 -0.32017
0.13970 0.16323
0.04900 -0.00841
-0.00703 -0.00009
0.00000 0.00000
-0.13086 -0.02818
0.00000 -0.00000
0.01042 -0.28518
0.15434 -0.18828
0.06518 0.10454
0.13591 -0.24573
0.18625 -0.22721
0.01201 0.01926
0.00692 0.20535
0.02972 -0.01830
0.07607 0.22655
-0.19905 -0.00251
0.00000 0.00000
0.00000 0.00000
-0.10792 0.01590
0.00067 -0.10313
0.01285 -0.35156
0.00000 0.00000
0.03290 0.05277
0.09209 0.14770
-0.30484 -0.00384
0.15584 0.24995
0.11872 -0.14482
0.00874 0.01401
-0.09683 -0.00122
0.00000 0.00000
-0.05092 0.09208
-0.01703 -0.00367
-0.07847 0.14188
0.00000 0.00000
0.11972 0.19202
0.17939 0.28772
0.18453 0.29596
0.00000 0.00000
0.00000 0.00000
0.00000 0.00000
0.00000 0.00000
0.00211 -0.05772
0.06147 -0.05070
0.10742 -0.19902
-0.05927 0.00873
0.00000 0.00000
0.00000 0.00000
0.17679 0.28355
0.01339 -0.36639
0.00142 -0.03873
0.00637 -0.17441
0.01542 -0.42194
0.05757 0.06727
0.00000 -0.00000
0.00000 0.00000
0.02073 0.03325
0.00000 0.00000
0.10455 -0.31213
0.05734 0.09196
0.25427 -0.20971
-0.13140 -0.02829
0.00000 0.00000
0.00000 0.00000
0.00000 0.00000
0.00000 0.00000
0.00000 0.00000
0.00041 -0.06404
0.00000 0.00000
-0.08182 0.04370
0.00000 0.00000
0.00000 0.00000
0.11875 0.19045
-0.07292 -0.01570
0.00012 -0.01784
0.00000 0.00000
0.00000 -0.00000
-0.17020 -0.03665
0.12227 -0.17726
-0.03352 -0.00722
0.00000 -0.00000
0.00000 0.00000
0.00000 -0.00000
0.15270 -0.22536
0.00000 0.00000
0.08320 0.08537
0.00000 -0.00000
0.15140 -0.06491
0.09031 0.14484
0.00985 -0.26957
0.00000 0.00000
0.10882 0.12715
0.00000 0.00000
-0.00949 0.25976
-0.02852 -0.00614
0.00000 0.00000
0.00073 -0.11368
0.00000 0.00000
0.00000 0.00000
-0.17302 -0.00218
0.00000 0.00000
0.21541 0.34548
0.00000 0.00000
0.00986 -0.26977
0.04299 -0.02646
0.00000 0.00000
0.00000 0.00000
-0.04827 -0.00273
0.00000 0.00000
-0.16155 -0.00913
-0.19023 -0.04096
0.14415 0.16843
0.00497 0.14747
-0.00000 -0.00000
0.00000 0.00000
-0.08923 -0.00112
-0.25982 -0.00327
-0.13443 -0.00169
-0.01306 0.35736
0.09827 0.15761
0.00000 0.00000
0.00000 0.00000
0.10020 0.16071
0.07437 0.07631
0.00113 0.03348
0.13806 0.22142
0.00000 0.00000
0.00000 0.00000
0.03820 -0.02352
-0.01943 0.00751
0.00000 0.00000
0.09231 -0.11261
0.00000 0.00000
0.10305 0.16528
0.00000 0.00000
0.11202 -0.06382
0.08011 0.09361
-0.29031 0.04982
0.00006 -0.00866
0.00000 -0.00000
0.00000 0.00000
0.00000 0.00000
-0.04478 0.01731
0.22214 -0.18321
0.00000 0.00000
0.01183 -0.32373
-0.10033 -0.02161
0.00196 -0.05360
-0.05473 -0.02709
0.13498 0.21649
0.00091 0.00145
0.00000 0.00000
0.00000 0.00000
0.18142 -0.26776
0.19098 0.30630
-0.00000 0.00000
-0.20663 -0.04449
0.00000 -0.00000
-0.04692 -0.01010
0.00000 0.00000
0.06052 -0.18068
0.00000 0.00000
0.00000 0.00000
0.06955 0.11156
-0.15611 -0.00197
0.00000 0.00000
0.00000 0.00000
-0.05185 -0.02566
0.04432 -0.13232
0.21456 0.34413
0.13027 0.13367
0.13474 -0.24362
0.00114 -0.17743
0.00000 0.00000
0.07816 0.23278
0.00000 0.00000
0.00000 0.00000
0.00149 -0.04067
-0.05680 0.10270
-0.13073 -0.02815
0.05878 0.09427
-0.28739 -0.00362
0.05702 -0.06956
-0.07523 0.13602
0.00531 -0.14532
-0.28201 -0.00355
-0.05825 -0.01254
0.00000 0.00000
0.00000 0.00000
0.17600 -0.03020
0.00000 0.00000
-0.06427 -0.01384
0.09516 -0.28411
0.00000 0.00000
0.00914 0.27122
0.04723 -0.02907
0.00000 0.00000
-0.13296 0.24041
0.23215 -0.20431
0.00000 -0.00000
0.00125 -0.19393
0.00000 0.00000
0.00736 -0.20157
0.00000 0.00000
-0.04003 0.02138
0.23016 0.36914
-0.17884 -0.03851
0.00000 0.00000
-0.17792 -0.00224
0.00000 0.00000
0.06279 0.06443
0.00000 0.00000
-0.09497 -0.02045
0.00000 0.00000
0.00000 0.00000
0.09429 0.15122
0.00000 0.00000
0.15556 0.18176
0.00000 0.00000
0.03548 0.04145
0.00000 0.00000
0.00147 -0.04031
0.00000 0.00000
-0.01433 -0.00308
0.09535 0.11140
0.00000 0.00000
-0.08901 -0.01917
0.00000 0.00000
0.00000 0.00000
0.14687 0.23556
0.00000 0.00000
-0.22668 -0.04881
-0.06184 -0.00078
0.00000 0.00000
0.00027 -0.00736
0.00000 0.00000
0.00142 -0.03896
-0.01176 0.00628
0.20037 0.32136
0.08465 0.13577
-0.12797 -0.02756
0.14504 0.23263
0.00000 0.00000
0.00380 0.11273
-0.23649 -0.05093
0.01736 0.02784
0.00000 0.00000
0.00281 0.00451
0.01406 -0.38487
0.03149 0.05050
0.00000 0.00000
0.00000 0.00000
0.00446 0.00715
0.10912 0.11197
-0.01700 0.02508
0.00000 0.00000
0.07380 -0.04543
0.00000 0.00000
0.01320 -0.00813
0.01849 0.02966
0.00000 0.00000
-0.24476 -0.05271
-0.01196 -0.00258
0.00000 0.00000
0.00000 0.00000
-0.11872 -0.02556
0.00000 0.00000
0.00000 0.00000
0.00000 0.00000
0.00000 0.00000
-0.17198 0.09185
-0.05629 -0.01212
0.18608 0.21742
0.00162 -0.00100
0.14613 -0.27074
0.00000 0.00000
0.00000 0.00000
-0.10782 0.19495
0.17170 0.27539
0.00418 0.12412
0.12421 -0.23012
0.00000 0.00000
-0.02145 -0.03169
-0.11711 -0.02522
0.09863 -0.29445
-0.32708 -0.00412
-0.01823 -0.00393
0.11293 0.18112
0.00000 0.00000
0.00051 -0.01407
-0.02661 0.04811
0.00000 0.00000
0.00168 0.00197
0.00000 0.00000
0.00000 -0.00000
-0.21518 0.11492
0.00990 -0.27089
0.00851 0.01365
0.04030 -0.02481
0.00837 -0.22911
0.06063 0.09724
0.08080 -0.06664
0.03282 0.05264
0.00000 0.00000
0.20600 0.33040
0.00000 -0.00000
-0.08905 0.16101
0.00000 0.00000
0.03287 0.05271
0.00000 -0.00000
0.01189 -0.32535
0.00195 -0.05323
0.13212 0.39349
0.00000 0.00000
0.04552 -0.13588
0.00000 0.00000
0.15270 -0.09399
0.00000 0.00000
0.01856 0.02977
0.00051 -0.07869
-0.13770 0.24897
0.03369 0.05404
-0.08088 -0.01742
0.01357 -0.37130
0.32036 -0.19720
0.00000 0.00000
0.00596 0.00697
0.11235 0.13127
0.00000 0.00000
-0.21462 -0.00270
0.00245 -0.06703
0.00000 0.00000
0.00000 0.00000
0.00000 0.00000
-0.21902 -0.00276
0.00000 0.00000
-0.13629 -0.02935
0.12399 -0.15125
-0.13358 0.01968
0.00000 0.00000
0.00000 0.00000
0.00000 0.00000
-0.14037 0.07497
0.00000 0.00000
0.00000 -0.00000
0.00256 -0.06993
0.00327 -0.08949
-0.03346 -0.00042
0.05555 0.08909
-0.00000 0.00000
-0.00709 -0.00153
0.00000 0.00000
0.00000 0.00000
-0.10971 -0.00138
-0.12591 -0.02711
0.01091 -0.29856
0.00445 0.06745
0.00000 0.00000
0.00000 0.00000
0.08681 0.13923
0.06258 0.06421
0.00000 0.00000
0.00798 -0.21837
0.00000 0.00000
0.00298 -0.08163
0.00000 0.00000
-0.34109 -0.00429
-0.26851 -0.05782
0.00000 0.00000
0.21006 -0.03605
0.00000 0.00000
-0.06211 -0.00078
0.00593 0.00951
0.00382 -0.10450
0.00000 0.00000
0.04993 -0.00857
0.00000 0.00000
0.00000 -0.00000
0.00214 -0.05858
0.00843 -0.23068
-0.06716 0.02596
0.11379 -0.21083
-0.13848 -0.02982
-0.23931 -0.00301
-0.24163 0.09339
-0.26744 -0.05759
0.00000 0.00000
0.00000 0.00000
-0.27939 -0.06016
-0.02790 0.05045
0.02384 0.36166
0.00000 0.00000
0.00552 0.16374
0.00000 0.00000
0.00000 0.00000
0.08159 0.08372
0.16542 -0.20180
0.00232 -0.06358
-0.10166 0.15003
-0.02588 -0.00557
0.00000 0.00000
0.00057 -0.08791
-0.03497 -0.05165
0.00000 -0.00000
0.16122 -0.02766
0.00000 0.00000
0.07385 0.11844
0.03684 -0.00632
0.00730 0.21648
0.00000 0.00000
0.19863 -0.24231
0.00000 0.00000
0.18475 0.29631
-0.03109 -0.00039
0.00000 0.00000
0.00276 -0.07557
0.00000 0.00000
0.00065 -0.10039
0.00000 0.00000
0.05406 -0.16138
-0.34228 -0.00431
0.00753 0.01208
0.11016 0.17668
0.00000 0.00000
0.06063 0.09725
0.00000 0.00000
0.00000 0.00000
-0.33573 -0.00423
-0.08632 0.12740
0.06512 -0.04008
0.18350 -0.03149
0.00000 -0.00000
-0.01655 -0.00356
-0.12089 -0.05983
-0.16422 0.06347
0.05100 0.08180
0.11772 0.17388
0.00000 0.00000
0.00901 -0.24650
0.00108 -0.16702
0.08005 0.12838
0.07048 0.20991
-0.07573 -0.00095
-0.07540 -0.01624
-0.01499 -0.00742
0.00000 0.00000
0.05932 -0.01018
0.00487 0.14452
0.00000 0.00000
0.15694 0.18337
0.00000 0.00000
-0.16127 -0.03473
-0.13413 -0.02888
0.00000 0.00000
0.02642 -0.02179
0.17681 0.28357
0.00000 -0.00000
0.00000 0.00000
0.06818 -0.10062
-0.05548 -0.00070
0.09064 -0.16389
0.05262 -0.06419
0.00000 0.00000
0.18239 -0.11227
0.00000 0.00000
0.00000 0.00000
0.12879 -0.07928
0.00530 -0.14503
0.00886 -0.24255
0.00000 0.00000
-0.08422 0.04498
0.00000 0.00000
-0.00158 -0.00002
0.10970 0.17594
0.09816 0.01289
0.01269 -0.34722
-0.17775 -0.03828
0.00711 -0.19469
-0.06336 -0.00080
0.09491 -0.06248
-0.03796 -0.05606
0.02034 -0.03768
0.00983 -0.26890
0.00389 0.00624
0.17929 0.28755
0.11751 0.18847
0.25731 -0.21221
0.00000 0.00000
0.10869 0.17432
0.10047 -0.01724
0.00000 -0.00000
0.19922 0.31952
-0.10961 0.19818
0.00000 0.00000
-0.33877 -0.00427
0.20599 0.33037
0.00000 0.00000
0.00000 0.00000
0.10692 0.10971
0.00000 0.00000
-0.00609 -0.00899
-0.03644 -0.01803
-0.04695 0.06929
-0.07695 -0.01657
0.00314 0.00504
-0.01207 0.01062
0.00032 -0.05003
-0.07440 -0.00094
0.00000 0.00000
0.14025 0.22493
0.00000 0.00000
0.07827 0.12554
-0.14566 -0.00183
0.00000 0.00000
-0.03948 0.07138
0.00787 0.11947
0.00000 0.00000
0.00132 -0.03624
0.00725 -0.00598
0.14196 -0.11709
0.00070 -0.10902
-0.22202 0.03085
0.01008 -0.27590
-0.38471 -0.00484
-0.04902 -0.01056
-0.41685 -0.00525
-0.32152 0.12426
0.00000 0.00000
-0.12539 0.04846
0.00000 0.00000
0.00436 0.12923
0.00217 -0.05941
0.00000 -0.00000
0.07799 -0.23283
0.00000 0.00000
-0.05010 -0.01079
0.00000 0.00000
0.17614 0.28250
0.12621 -0.18297
0.00000 0.00000
-0.05514 0.09970
0.15075 -0.12433
0.07911 -0.14304
0.00000 0.00000
0.14933 0.23950
0.00000 0.00000
0.00000 0.00000
0.07167 -0.04412
0.00000 0.00000
-0.25112 -0.00316
-0.10341 -0.05118
0.00000 0.00000
0.00000 0.00000
0.00000 0.00000
-0.01531 0.00592
0.17233 -0.14213
-0.10635 0.01567
-0.00195 0.30187
0.00000 -0.00000
0.02046 -0.01260
0.00000 0.00000
0.13271 0.21284
0.00000 0.00000
-0.07493 -0.01614
0.05714 0.09165
0.07245 -0.17278
0.00106 -0.02903
0.00000 0.00000
0.09676 -0.28887
0.00000 0.00000
0.16371 0.26257
0.05279 0.05417
0.16503 0.26469
0.10525 -0.08681
0.01468 0.01506
0.13285 0.21307
0.20879 -0.13744
-0.03863 0.06984
0.00000 0.00000
0.00000 0.00000
0.03202 0.17709
0.00241 -0.00199
0.00000 0.00000
0.00976 -0.26719
0.00302 0.00485
0.08367 -0.01436
0.03944 0.21813
0.00000 0.00000
-0.02519 0.04554
0.00000 0.00000
0.17951 0.28791
-0.12856 -0.02769
-0.10880 -0.02343
0.00085 -0.02315
0.00000 0.00000
0.03831 -0.11438
0.13967 -0.17039
0.00000 0.00000
0.00000 0.00000
0.10757 0.15888
0.05129 -0.15313
-0.19559 -0.00246
0.03442 0.05520
0.16900 0.19746
0.07913 0.43766
0.00711 0.21101
0.00000 0.00000
-0.00136 -0.00067
0.00000 0.00000
0.07885 -0.14608
0.00000 0.00000
0.02346 0.03763
0.13790 0.22117
-0.20461 0.10927
0.00000 0.00000
0.00000 0.00000
0.00961 -0.26303
0.00000 0.00000
-0.28713 0.03990
-0.30121 0.04186
0.00231 -0.06314
0.19774 -0.24123
-0.25718 0.09940
0.00619 0.00992
0.00000 0.00000
0.00032 0.00944
0.00000 0.00000
0.16843 -0.20546
0.00345 -0.09437
0.00995 -0.27233
0.00000 0.00000
0.07068 0.11336
0.00920 0.27280
0.05958 -0.07268
0.00000 -0.00000
0.00577 0.17112
0.00000 0.00000
0.00000 0.00000
0.06830 -0.05633
0.19336 0.28560
0.00000 0.00000
0.11794 0.18917
0.01419 -0.38830
0.00000 0.00000
0.00000 0.00000
0.22291 0.35751
0.00000 0.00000
-0.17316 -0.00218
0.00000 0.00000
0.15739 -0.02701
0.00266 -0.07276
-0.00159 0.24633
0.00000 0.00000
0.00000 0.00000
0.05502 -0.16426
0.00000 0.00000
0.11539 0.34366
0.12132 -0.02082
-0.00439 -0.00095
0.00000 0.00000
0.05466 -0.04508
0.00000 0.00000
0.00000 0.00000
-0.34488 0.05918
0.06978 -0.01197
0.00000 0.00000
-0.05414 -0.00068
-0.03256 0.05887
-0.12049 -0.02595
-0.00488 -0.00006
0.00415 -0.11359
0.00000 0.00000
0.12436 0.19946
-0.05908 -0.02924
0.00000 0.00000
0.18083 -0.03103
0.00000 -0.00000
-0.26103 0.11191
-0.34367 -0.00433
0.21557 -0.03699
0.00000 0.00000
0.00000 0.00000
0.00000 0.00000
0.00000 -0.00000
0.00003 -0.00437
0.00000 0.00000
0.00000 -0.00000
0.00000 0.00000
0.00000 0.00000
0.14499 -0.17687
-0.27999 -0.00353
-0.05223 0.09444
-0.05497 0.02936
0.00000 0.00000
0.00000 0.00000
0.19382 0.31087
0.00897 -0.24542
0.00000 0.00000
0.00000 0.00000
0.00106 -0.16449
-0.06921 -0.00087
0.10951 -0.32693
0.00000 -0.00000
0.00000 0.00000
0.07126 -0.04387
-0.00273 0.42339
0.00947 0.01518
0.00000 0.00000
0.01192 -0.32635
0.00000 0.00000
-0.14552 -0.00183
0.00000 0.00000
0.00000 0.00000
0.03669 -0.03026
0.00000 0.00000
-0.02260 0.00333
0.05016 0.08045
0.12528 0.20093
0.00000 0.00000
0.00000 0.00000
0.10515 0.16864
0.00088 -0.02408
0.09552 -0.05880
0.00000 0.00000
-0.01288 0.01134
0.06668 0.10695
0.00000 0.00000
0.00000 0.00000
-0.17702 0.09454
0.00000 0.00000
0.16888 0.27087
0.00000 -0.00000
0.00000 0.00000
-0.11123 0.05940
0.00000 0.00000
0.06403 -0.05281
-0.13996 -0.00176
-0.08097 0.14641
-0.12574 0.22734
0.08337 0.13371
0.20598 -0.03535
0.00000 -0.00000
0.02050 0.03287
0.01334 -0.02471
0.00000 0.00000
0.06550 0.09674
0.03124 0.05010
0.00000 0.00000
0.00000 0.00000
0.21353 -0.26049
0.04527 0.07261
0.00922 -0.25247
0.11384 -0.16801
-0.18128 -0.00228
-0.30601 0.05251
0.12341 0.19794
0.00000 0.00000
-0.14084 0.05443
0.00000 0.00000
0.00000 0.00000
0.00000 0.00000
0.00000 0.00000
-0.35499 -0.00447
0.00010 -0.01496
0.08456 -0.05205
-0.16505 -0.03554
-0.00796 0.01440
-0.12971 0.01911
0.00000 0.00000
-0.00090 0.13888
0.02860 0.23410
0.00000 0.00000
0.03331 -0.07943
0.00000 0.00000
0.00000 -0.00000
0.00000 0.00000
0.00000 0.00000
-0.20861 0.11141
0.00000 0.00000
0.00545 -0.14909
-0.14709 -0.00185
0.21004 0.33688
0.12082 0.19377
-0.18001 -0.00227
-0.05167 -0.02557
-0.18493 0.07928
0.00000 0.00000
0.04760 0.07635
0.00000 0.00000
0.00000 0.00000
0.06882 -0.20545
-0.13412 -0.02888
0.13290 -0.10961
0.10005 0.16047
0.00000 0.00000
-0.24637 -0.05305
-0.16552 -0.03564
0.19122 0.30669
0.00000 0.00000
0.00018 -0.00491
-0.31801 -0.00400
0.00684 0.20289
0.03628 0.05818
0.02905 0.04660
0.12949 -0.07971
0.00000 0.00000
-0.04498 -0.00969
0.00000 0.00000
0.06077 0.09747
0.00280 -0.07667
-0.20566 0.07948
0.00000 0.00000
0.00000 0.00000
0.00000 -0.00000
-0.05267 0.02813
0.00000 0.00000
0.08020 -0.09784
-0.00244 0.00441
0.00000 0.00000
0.00000 0.00000
0.00734 -0.20094
0.00000 -0.00000
-0.08014 -0.01726
-0.31295 -0.00394
0.00000 0.00000
0.00000 0.00000
0.00000 0.00000
0.00000 0.00000
-0.10244 -0.02206
0.00000 0.00000
0.00889 -0.24323
0.01281 -0.35052
0.00000 -0.00000
0.08974 0.14393
-0.31462 -0.00396
0.08832 0.14166
0.00000 0.00000
0.00457 -0.12511
0.00000 0.00000
0.04929 0.27265
0.00000 0.00000
0.00492 -0.13462
0.01079 -0.29537
0.04019 0.04124
0.00000 -0.00000
0.00000 0.00000
0.00000 0.00000
0.00000 0.00000
0.00000 0.00000
0.02142 -0.00368
0.01575 -0.00969
-0.09259 -0.01994
0.00000 0.00000
0.09329 0.14963
-0.21022 -0.04527
0.00000 0.00000
0.00000 0.00000
0.00678 -0.18553
0.00000 -0.00000
-0.20994 -0.00264
0.00000 -0.00000
0.00000 0.00000
0.00000 0.00000
0.00000 0.00000
-0.25456 -0.05482
0.18258 -0.12019
0.16601 -0.20252
0.00000 0.00000
0.00000 0.00000
-0.03025 -0.00651
0.00078 -0.12127
0.00210 -0.05756
-0.01689 -0.00364
0.00000 0.00000
0.00000 0.00000
0.00500 -0.13678
0.00000 0.00000
0.00000 0.00000
0.00000 0.00000
0.00000 -0.00000
0.00000 0.00000
0.00000 0.00000
0.00000 0.00000
0.00000 0.00000
0.00000 0.00000
0.05476 0.08089
0.00000 0.00000
0.01899 0.03046
0.01560 -0.42689
0.17350 0.27827
0.00076 0.02254
0.05610 0.08998
0.00000 0.00000
0.00256 -0.07020
0.00000 0.00000
0.13245 0.21243
0.00000 0.00000
0.06193 0.09932
-0.22678 -0.00286
-0.02790 0.05045
-0.10592 -0.00133
0.01086 -0.29717
-0.22351 -0.00281
0.28319 -0.23356
0.00000 0.00000
0.10846 0.17395
-0.14698 0.02165
0.00000 0.00000
0.00982 -0.26864
0.00122 -0.03330
0.08707 -0.07181
-0.19745 -0.04252
0.00000 0.00000
0.02051 -0.02502
0.00774 0.22951
0.00000 0.00000
-0.05660 -0.02801
-0.12082 0.21845
0.10484 -0.06454
0.00000 0.00000
0.00000 -0.00000
0.00000 0.00000
0.00000 0.00000
0.00722 -0.19771
0.00000 0.00000
0.10930 -0.32630
0.00000 0.00000
-0.26296 0.10163
0.21391 -0.13167
0.00000 0.00000
0.27303 -0.22518
0.00000 0.00000
0.01665 0.02671
-0.09341 0.16890
0.10451 -0.06433
0.00000 0.00000
0.00000 0.00000
0.00000 0.00000
0.05255 -0.00902
0.21064 -0.12966
0.00000 0.00000
0.12124 0.12440
0.05905 0.09472
0.15154 -0.22366
-0.23724 -0.05109
-0.26252 -0.00331
0.02752 0.02824
0.16193 -0.02779
0.12773 0.20486
-0.02601 0.02289
0.02503 0.04014
0.00471 -0.00575
0.00000 0.00000
0.03709 -0.00637
-0.11189 0.20230
0.00119 -0.18379
0.19438 -0.03335
0.00000 0.00000
0.00000 -0.00000
0.07003 -0.20907
0.00401 -0.00069
0.00422 -0.11548
0.18018 0.28898
-0.02624 -0.00565
0.00000 0.00000
0.00550 -0.15059
0.17728 0.28434
0.03993 0.11893
-0.17653 -0.00222
0.01782 -0.02173
0.00000 0.00000
0.00738 -0.20189
0.02177 0.03492
0.06949 0.11145
0.08685 0.13930
-0.09631 0.01419
0.12396 -0.37008
0.00667 -0.18255
0.00000 0.00000
0.00000 0.00000
0.00000 0.00000
0.01547 -0.42334
0.00000 0.00000
0.18277 -0.15074
0.00000 -0.00000
0.08222 -0.19610
0.00000 0.00000
0.08921 0.14308
0.00000 0.00000
0.00000 -0.00000
0.03942 -0.11770
0.00000 0.00000
0.00000 0.00000
0.00000 -0.00000
0.04490 0.07202
0.15136 -0.12483
-0.03661 -0.00788
0.00000 0.00000
0.00000 0.00000
0.02945 0.44683
0.00000 0.00000
-0.11551 -0.05717
-0.35697 0.04961
0.00000 0.00000
0.00000 0.00000
-0.09811 0.05240
0.00000 0.00000
0.00000 0.00000
0.00000 0.00000
0.04432 -0.02728
0.00000 0.00000
-0.03829 -0.00048
0.00000 0.00000
0.00000 0.00000
-0.14319 -0.00180
0.12791 0.20515
-0.18752 -0.00236
0.02158 0.00283
0.08296 -0.24768
-0.08584 -0.00108
0.00000 0.00000
0.05061 0.41430
0.00000 0.00000
0.00662 -0.18106
0.00012 0.00350
0.00000 0.00000
0.09531 -0.11627
0.10142 0.14980
0.00000 0.00000
0.00000 0.00000
0.26194 -0.21604
0.01255 0.37237
0.12117 0.36087
0.00000 0.00000
0.00306 -0.08364
0.00000 0.00000
0.00110 -0.17077
0.00000 0.00000
0.00235 0.06964
0.14812 0.23757
-0.11627 -0.00146
0.00421 -0.11515
0.00862 -0.23598
0.00000 0.00000
0.00000 -0.00000
-0.01292 -0.00278
0.12614 -0.02164
-0.22703 -0.04889
0.00367 -0.10037
0.00000 0.00000
-0.06552 0.03499
-0.27968 0.11990
0.00000 0.00000
0.00635 0.18841
0.00000 -0.00000
0.00000 0.00000
0.05176 0.08301
0.01107 -0.30289
0.20064 -0.03443
0.00000 0.00000
0.00591 0.17544
-0.00838 -0.00180
0.16625 -0.24537
0.15365 0.24643
0.02895 -0.03532
-0.11802 -0.00149
0.00000 0.00000
-0.30982 -0.00390
0.00000 0.00000
-0.05318 0.07849
0.06199 0.09942
0.00000 0.00000
0.00000 0.00000
0.00000 0.00000
0.00000 0.00000
0.00000 0.00000
0.00331 -0.09051
-0.08808 -0.00111
0.09629 -0.05927
-0.10951 0.16162
0.13383 -0.16326
0.00000 0.00000
0.00000 0.00000
0.00000 0.00000
0.00119 0.00192
0.00000 0.00000
0.00000 0.00000
0.00000 0.00000
-0.00471 -0.00006
0.00000 -0.00000
0.00000 0.00000
0.00000 0.00000
0.17719 -0.06848
0.12681 0.13012
-0.02678 0.01035
0.00000 -0.00000
-0.06253 0.02417
0.03280 -0.07822
-0.14283 -0.03076
-0.17996 0.06955
0.00325 0.09635
-0.04052 -0.00873
0.00000 0.00000
0.14470 -0.08907
0.03246 -0.03960
0.01016 -0.00174
0.00000 0.00000
0.04687 -0.04125
0.00000 0.00000
0.00000 0.00000
0.00000 0.00000
-0.11284 -0.00142
0.00000 0.00000
-0.17413 -0.00219
0.02982 -0.00512
0.00065 0.00104
0.00135 -0.03690
0.00000 0.00000
0.00000 0.00000
0.00000 0.00000
0.01114 -0.30479
0.10082 -0.12299
0.00000 -0.00000
0.10902 0.17486
0.00000 -0.00000
0.00000 0.00000
0.07563 0.08836
0.06494 -0.03997
-0.16170 0.02247
0.00000 0.00000
0.00000 0.00000
0.00170 0.05037
0.00000 0.00000
0.07036 -0.04331
0.00491 -0.13428
-0.17495 -0.03767
-0.02667 -0.00034
0.13922 0.16267
0.05287 0.05425
0.01357 -0.37151
0.00906 -0.24783
-0.27261 -0.00343
0.00000 0.00000
0.31153 -0.19176
0.02558 0.04102
0.01575 -0.00270
0.01693 -0.00290
0.01324 -0.36233
0.00000 0.00000
0.02682 -0.08008
0.00788 -0.21579
-0.01201 0.01773
0.16720 -0.24676
0.00000 0.00000
-0.25328 -0.00319
0.01011 -0.27678
0.07583 0.12161
0.00000 0.00000
0.00746 -0.20411
-0.25612 -0.05515
0.00000 0.00000
0.00000 0.00000
0.00000 0.00000
0.00382 0.00392
0.00000 0.00000
0.00646 0.19173
0.18449 0.29589
0.05554 -0.16582
0.01193 -0.32657
0.00000 0.00000
0.01058 -0.01290
-0.00359 0.00139
0.00000 0.00000
0.00000 0.00000
0.22360 0.35863
-0.08626 -0.04269
0.00327 0.09712
0.06441 -0.03965
0.00000 0.00000
-0.35748 -0.00450
0.00000 0.00000
0.01050 0.31158
0.00000 0.00000
0.04045 0.04151
0.00000 0.00000
0.10055 -0.01725
0.00066 0.01003
0.00086 -0.13327
-0.06003 -0.00076
0.00085 -0.13110
0.00000 0.00000
0.00000 0.00000
0.08491 0.13618
0.00000 0.00000
0.00000 0.00000
0.07686 -0.04731
0.21074 0.33800
0.00887 -0.24268
0.19570 -0.16141
0.00000 0.00000
0.00000 0.00000
0.01634 -0.44720
0.00000 0.00000
0.06460 -0.19287
0.00760 -0.20799
-0.02918 -0.00628
0.00000 0.00000
0.00706 -0.19325
-0.12874 -0.02772
0.00000 0.00000
0.00000 0.00000
0.07885 0.08091
0.00000 0.00000
0.00020 -0.03079
0.00000 0.00000
0.00000 0.00000
-0.05169 0.02761
0.16730 0.26833
0.00000 0.00000
0.00000 0.00000
0.00088 0.00141
-0.16887 -0.03636
0.24508 -0.20213
0.00000 0.00000
0.14273 0.22892
0.00000 0.00000
-0.00893 0.01318
0.00000 0.00000
-0.15390 -0.00194
0.12147 0.19481
0.00000 0.00000
0.06723 -0.04138
-0.11394 0.16816
0.00000 0.00000
0.00049 -0.07581
0.00180 0.00024
0.00000 0.00000
0.00000 0.00000
0.00240 -0.06579
-0.33222 -0.00418
0.00000 0.00000
0.00000 0.00000
0.00130 0.03864
0.29433 -0.24275
0.00000 0.00000
0.00000 0.00000
0.00169 -0.04633
-0.14501 -0.03123
0.00000 0.00000
0.22266 -0.27162
0.00000 0.00000
0.00000 0.00000
0.00000 -0.00000
0.00706 -0.19313
0.06208 -0.03821
0.07282 -0.13492
0.06733 -0.01155
-0.11796 -0.02540
0.00000 0.00000
0.12581 0.20179
0.00000 -0.00000
-0.07318 0.10800
-0.22625 -0.04872
0.00000 0.00000
0.16097 -0.02762
0.17675 0.28349
-0.00313 0.00462
0.08135 -0.07160
-0.01303 0.02356
-0.35054 -0.00441
0.00000 0.00000
0.00000 0.00000
0.00000 0.00000
0.01820 -0.00312
-0.13544 -0.00171
0.00096 0.02847
0.00000 0.00000
0.00628 -0.17190
0.00000 0.00000
0.14026 0.22496
0.05978 0.33064
-0.20469 -0.04408
-0.12608 -0.00159
0.00000 0.00000
0.02079 0.02429
0.11753 -0.02017
0.00224 -0.06123
0.00000 0.00000
-0.13637 -0.02937
0.00000 -0.00000
0.05644 -0.03474
0.00000 0.00000
0.00003 -0.00455
0.00000 0.00000
-0.15725 -0.03386
0.00000 0.00000
0.00000 -0.00000
0.00000 0.00000
-0.34211 -0.00431
-0.15777 -0.03397
0.02716 -0.03313
0.00000 0.00000
0.00000 0.00000
0.01070 -0.00184
0.00016 0.00248
0.00000 0.00000
0.00000 0.00000
0.00000 0.00000
0.00000 0.00000
-0.00274 0.42416
0.00000 0.00000
-0.10562 0.15588
0.00000 -0.00000
0.00000 0.00000
0.00000 0.00000
0.00000 0.00000
0.00000 0.00000
0.00000 0.00000
0.19721 0.23043
-0.18846 0.03234
0.00348 -0.00645
-0.09577 -0.00121
0.00989 0.29328
0.00000 0.00000
0.01266 -0.34654
0.00196 0.02969
0.00000 0.00000
-0.06440 -0.00081
0.00000 0.00000
0.00040 -0.06254
-0.03387 -0.00729
-0.20085 -0.04325
-0.22605 -0.00285
0.00000 0.00000
0.00023 -0.00621
0.04880 0.07827
0.00000 0.00000
0.00000 0.00000
0.00000 0.00000
0.00000 0.00000
0.01191 -0.32602
-0.17556 0.09376
0.10875 -0.06694
0.05259 -0.15699
-0.34956 -0.00440
0.00000 0.00000
0.07985 -0.23840
0.08738 -0.07691
-0.33344 -0.00420
0.00000 0.00000
0.00195 -0.05338
-0.21658 0.03010
0.00000 0.00000
0.00000 0.00000
0.00000 0.00000
0.00000 0.00000
0.00000 0.00000
-0.06651 -0.00084
0.00000 0.00000
-0.06668 -0.03300
0.02152 -0.02625
0.14658 0.23509
-0.08235 -0.01773
0.13355 -0.31852
0.00684 -0.18730
-0.25990 0.11142
0.00000 0.00000
0.00000 0.00000
-0.05904 -0.01271
0.00945 -0.25850
-0.01936 -0.00417
0.00000 0.00000
-0.22317 -0.00281
0.00000 0.00000
0.00000 0.00000
0.00000 0.00000
0.12497 -0.07693
-0.02182 0.01165
0.00000 0.00000
0.04890 -0.03010
0.00009 -0.01455
0.06729 0.10792
0.15916 -0.02731
0.00000 0.00000
0.00000 -0.00000
-0.00000 0.00000
0.01324 -0.36250
0.00000 0.00000
0.00000 0.00000
0.00000 0.00000
0.04211 -0.02592
-0.25307 -0.05450
-0.33026 -0.00416
0.00000 0.00000
0.00000 0.00000
0.18825 -0.03230
0.00000 0.00000
-0.01020 0.27922
0.05212 0.28826
0.00000 0.00000
0.02669 0.04281
0.00000 0.00000
0.00000 -0.00000
0.00000 -0.00000
0.03925 -0.04788
0.05785 -0.05092
0.01154 -0.31571
0.02199 0.03526
0.00000 0.00000
0.09934 -0.29658
0.10328 -0.09089
0.06910 0.11082
-0.22792 -0.04908
0.00000 0.00000
0.04464 0.24691
0.08981 0.14404
0.00428 0.00439
0.04269 0.23613
0.05225 0.08380
0.00000 0.00000
-0.32513 -0.00409
0.06473 -0.03985
0.09153 0.14681
0.05636 0.09039
0.00000 0.00000
0.00006 -0.00159
-0.37208 -0.00468
-0.03609 -0.01786
0.23825 -0.09208
-0.26783 0.11483
0.00000 -0.00000
-0.34044 -0.00429
0.00000 0.00000
-0.00000 0.00000
0.04951 -0.14780
0.05119 0.08210
-0.33026 -0.00416
-0.21504 0.03690
0.00000 0.00000
0.02064 -0.01271
0.11214 0.17985
0.08753 0.10227
0.05058 -0.03114
0.05254 0.29063
0.00000 0.00000
-0.28967 -0.00365
0.02275 0.18622
0.20026 -0.03436
0.03132 -0.00537
0.00000 0.00000
-0.10676 0.04126
-0.21933 0.08477
0.00000 0.00000
0.00000 0.00000
0.03792 -0.11322
0.09843 0.15787
-0.02033 -0.00026
0.02870 0.08549
0.13966 0.22399
0.00000 0.00000
0.00000 0.00000
0.00000 0.00000
0.00000 0.00000
-0.00000 0.00000
0.00000 -0.00000
-0.35365 -0.00445
0.00000 0.00000
-0.00299 -0.00148
0.00000 0.00000
-0.32239 -0.00406
-0.28822 -0.00363
-0.27648 -0.05954
0.02024 -0.03751
0.18291 -0.15086
0.00000 0.00000
-0.31088 -0.00391
-0.19953 -0.00251
0.00000 0.00000
0.08188 -0.05040
0.00292 0.08671
0.00000 -0.00000
0.00043 -0.06596
0.00000 0.00000
-0.11139 -0.02399
0.00000 0.00000
0.15622 0.25056
-0.16820 -0.03622
0.06461 0.10363
-0.00354 -0.00076
0.01064 -0.29122
0.03458 0.05546
0.00000 0.00000
-0.03634 -0.00046
0.00000 -0.00000
0.00000 0.00000
0.00000 0.00000
0.00200 0.00205
0.10388 -0.01783
0.00000 0.00000
0.00000 0.00000
0.00240 -0.06576
0.00000 0.00000
0.00000 -0.00000
0.00786 -0.21513
0.00637 0.18889
0.00000 0.00000
-0.06220 -0.03078
0.16304 0.26149
0.00394 -0.10773
0.00537 -0.14703
0.15494 0.24850
0.00000 0.00000
0.00000 0.00000
0.15607 -0.12872
0.00000 0.00000
0.06224 0.09982
0.00000 0.00000
0.00000 0.00000
0.00000 0.00000
0.10804 0.17329
0.05853 -0.02262
0.08999 -0.16674
0.03961 0.06353
0.05265 -0.15719
0.03043 0.04881
0.11112 -0.01907
0.00000 0.00000
0.00000 -0.00000
0.00000 0.00000
0.02439 -0.04520
0.09712 0.15577
0.03875 0.21436
0.00000 0.00000
-0.21063 -0.04536
0.12582 -0.37564
0.00358 0.10613
0.00000 0.00000
0.00000 -0.00000
0.00807 0.23943
0.07965 0.09307
0.00000 0.00000
0.00000 0.00000
0.00000 0.00000
0.00858 0.25447
0.17350 -0.14310
0.00062 0.01826
0.00000 0.00000
0.00417 -0.00072
0.09183 -0.27416
0.00000 0.00000
0.00000 0.00000
0.00858 -0.23487
0.00000 0.00000
0.23185 -0.19122
0.07299 -0.01253
0.00000 0.00000
0.13714 0.40844
0.08454 -0.05204
0.13683 -0.02348
0.00000 -0.00000
0.12125 -0.14791
-0.03924 0.05792
0.00000 0.00000
0.01712 -0.01054
0.00000 0.00000
-0.02905 0.01123
0.00068 -0.10525
0.04783 0.14244
0.00000 0.00000
0.17857 -0.06901
0.00000 0.00000
0.13112 0.21030
0.00555 0.16450
0.00000 0.00000
0.14824 -0.12226
0.01651 -0.45181
0.00000 -0.00000
-0.34918 0.05992
0.00000 0.00000
0.00000 -0.00000
0.00000 0.00000
0.02253 -0.02748
0.00894 -0.01091
0.16224 0.26021
0.11226 -0.06910
0.01470 -0.40245
0.05760 0.06730
0.00000 0.00000
0.00000 0.00000
0.00000 0.00000
0.14309 0.22949
-0.11991 -0.00151
-0.13753 0.24867
-0.10437 -0.00131
0.08686 -0.25931
0.00361 0.10712
0.00000 0.00000
0.00000 0.00000
-0.38215 -0.00481
0.00000 0.00000
0.00000 0.00000
0.00000 0.00000
0.00032 -0.04948
0.00000 0.00000
0.00457 0.00733
-0.04720 -0.00059
0.15871 -0.02723
0.00183 -0.05007
0.00000 0.00000
0.09960 0.10220
-0.16619 -0.03579
0.00000 0.00000
0.01265 0.07000
0.04986 0.07997
0.15923 0.18605
0.00000 0.00000
0.17348 -0.21163
0.06963 0.11168
0.04827 0.07741
-0.01113 -0.00240
0.00000 0.00000
0.00000 -0.00000
0.00285 0.04318
-0.16477 -0.00207
0.02791 0.04477
0.00000 0.00000
0.10492 0.31247
0.06432 0.10316
-0.31316 0.04352
-0.20039 0.10702
0.00195 0.02955
-0.12159 -0.00153
-0.02406 0.04351
0.00000 -0.00000
-0.21394 -0.04607
-0.33615 -0.00423
0.00000 0.00000
0.00000 0.00000
-0.11452 -0.02466
0.13476 -0.32140
-0.08359 0.01434
0.12639 0.20271
0.03655 0.05862
-0.07640 -0.01645
-0.32138 -0.00405
-0.43208 0.06004
0.00000 0.00000
-0.05889 -0.01268
0.00000 0.00000
0.00000 0.00000
-0.02197 -0.00473
0.00453 -0.12404
0.00000 0.00000
0.00000 0.00000
0.00000 0.00000
0.05054 0.08106
-0.03118 0.05638
0.12708 0.20383
-0.06936 -0.01494
0.00000 -0.00000
0.06487 0.35881
0.00000 -0.00000
0.00000 0.00000
-0.06621 -0.00083
0.05504 0.08828
0.15882 0.25472
0.16949 -0.11157
0.00000 0.00000
-0.03977 0.07191
0.03736 -0.08910
0.00000 0.00000
0.16590 -0.20238
0.00000 0.00000
0.00000 0.00000
-0.09301 0.16818
0.00000 0.00000
0.00000 0.00000
0.27284 -0.16795
0.00000 0.00000
0.21552 0.34567
-0.04265 0.06294
0.11919 -0.35585
0.05433 0.08713
0.00000 0.00000
0.28955 -0.17823
-0.00635 0.17369
-0.01049 0.01897
0.00000 0.00000
0.00000 0.00000
-0.18438 -0.03970
0.10346 0.16594
0.00000 -0.00000
0.00000 0.00000
0.03798 -0.03343
-0.16777 -0.00211
0.00000 0.00000
0.00590 -0.16140
0.00000 -0.00000
0.00000 0.00000
-0.11499 0.20792
0.09506 0.01248
0.00000 0.00000
0.01553 -0.42497
0.00847 -0.23172
-0.05112 0.02730
-0.03871 -0.00834
0.12218 -0.04722
0.00000 0.00000
0.00000 0.00000
0.02976 -0.03631
0.15894 0.25492
0.00093 -0.02536
0.00000 0.00000
0.00000 0.00000
0.07304 0.11714
0.00000 0.00000
-0.08135 0.14709
0.01016 0.08314
0.09968 -0.06136
-0.00176 0.04808
0.13352 -0.11012
0.00647 -0.17707
0.00000 0.00000
0.00000 0.00000
0.00000 0.00000
0.00304 0.09031
0.00440 0.13041
0.00000 0.00000
0.00000 -0.00000
0.00000 0.00000
0.00000 0.00000
0.00000 0.00000
0.01469 -0.40212
0.00000 0.00000
-0.38828 -0.00489
0.00000 0.00000
0.00000 0.00000
0.00000 0.00000
0.00000 -0.00000
0.00000 0.00000
0.00000 0.00000
-0.09609 0.05131
-0.17813 -0.03836
0.16410 0.26319
-0.06313 0.11415
0.00831 0.24648
0.09979 0.29719
0.00000 0.00000
0.06342 0.10172
0.00000 0.00000
0.00000 0.00000
-0.22438 -0.00283
-0.20045 -0.00252
-0.02716 0.04911
0.02269 0.03640
0.00124 -0.03403
0.01448 -0.39635
0.01224 -0.33504
0.00315 -0.08629
0.00000 0.00000
0.12128 -0.07465
0.00000 0.00000
0.00339 -0.09276
0.03306 -0.09871
0.00000 0.00000
0.08456 -0.10315
0.00000 0.00000
-0.04086 -0.00880
0.19549 -0.17206
0.00000 0.00000
0.00000 0.00000
0.03236 -0.01992
0.00049 -0.07648
0.00000 0.00000
0.10814 -0.01856
0.00117 0.03462
0.00000 -0.00000
0.00467 -0.12779
0.01301 -0.35599
-0.07843 -0.00099
0.00000 0.00000
0.00000 0.00000
0.13350 0.21412
0.00000 0.00000
0.12796 0.20523
0.00000 0.00000
0.00000 0.00000
0.00000 0.00000
0.07123 -0.21264
0.13110 -0.08070
0.00000 0.00000
0.07962 -0.23771
0.01854 -0.02262
0.00000 -0.00000
0.00019 -0.02869
0.00000 0.00000
-0.01857 0.01222
0.03252 -0.00558
-0.23166 -0.00292
0.06252 0.10027
-0.16439 -0.03540
0.00000 0.00000
0.02995 0.04804
0.00000 0.00000
0.00000 0.00000
-0.09021 -0.04465
0.05997 -0.17905
0.00000 0.00000
-0.03829 0.00564
0.00000 0.00000
0.00000 0.00000
-0.00809 0.22131
0.00000 0.00000
0.08704 0.13959
0.00000 0.00000
0.00543 0.16100
0.00000 0.00000
0.04787 0.07678
-0.06283 -0.01353
-0.01361 -0.00673
0.00324 0.09596
0.15959 0.25596
0.00000 0.00000
0.24852 -0.20497
-0.03209 -0.04739
-0.00551 0.00997
0.00000 0.00000
0.00000 0.00000
0.00000 0.00000
0.17785 0.28524
-0.05016 0.04414
0.08761 0.14051
-0.00830 0.01979
0.00000 0.00000
0.00000 0.00000
0.00000 0.00000
0.00000 0.00000
0.00000 0.00000
0.06899 0.38161
0.00401 0.11908
0.14386 -0.11865
0.00000 0.00000
0.00000 0.00000
0.07390 -0.17624
-0.00754 -0.00162
-0.26501 0.03683
0.20634 -0.18160
0.00060 -0.01637
0.02173 0.02230
0.12402 0.12726
0.00000 0.00000
0.00000 0.00000
0.00019 0.00568
0.08169 0.13102
0.00000 0.00000
0.08087 -0.09866
0.00384 -0.10512
0.05475 -0.04516
0.00000 0.00000
0.13716 0.16026
0.00000 0.00000
0.00000 0.00000
0.00507 -0.13868
0.04406 0.07066
0.05527 -0.06742
-0.07385 -0.01590
0.00000 0.00000
-0.10230 0.18496
0.03423 -0.08163
0.00000 0.00000
0.00000 -0.00000
0.00004 -0.00549
0.01078 -0.01949
0.00511 -0.13992
-0.08837 0.03415
0.05703 0.09147
-0.24977 -0.05378
0.09242 0.14823
0.00022 -0.03469
0.00000 0.00000
0.01231 -0.33692
0.00000 0.00000
0.15300 -0.18665
0.00000 0.00000
0.00000 0.00000
0.22804 -0.20070
0.01126 0.01806
0.00170 0.05034
0.20538 -0.16939
0.06177 -0.09117
-0.32024 -0.00403
0.19075 0.28174
-0.21105 -0.00266
0.00000 0.00000
-0.29142 -0.00367
-0.36880 0.05125
0.00000 0.00000
-0.23409 -0.00295
-0.10210 -0.00129
0.07184 0.11523
0.08424 -0.07414
0.10622 -0.01823
0.00000 0.00000
0.00000 0.00000
0.00869 -0.23771
0.07064 -0.04348
0.01383 -0.37859
0.03100 -0.02557
-0.28548 0.11033
0.00000 -0.00000
-0.16976 -0.03656
-0.28140 -0.00354
0.00000 -0.00000
-0.02425 0.00357
-0.02958 -0.00637
0.07644 -0.06304
0.00035 -0.05490
0.13253 0.15485
0.09344 -0.01603
0.00282 -0.07707
0.00000 0.00000
0.00000 0.00000
0.05910 0.06064
0.00000 0.00000
0.06393 -0.03935
0.00000 -0.00000
0.00828 -0.22654
-0.06837 -0.01472
0.00000 0.00000
0.05946 0.09537
0.05306 -0.03266
-0.02471 -0.00031
0.00000 0.00000
0.09186 0.10733
0.00010 -0.01502
0.04510 0.07233
0.00974 0.01563
0.04781 0.39139
-0.16746 -0.00211
0.02539 -0.01563
0.03569 -0.00612
0.00000 0.00000
-0.04840 -0.01042
0.04065 0.06519
0.00652 0.19332
0.00000 0.00000
-0.10944 0.05845
0.00000 0.00000
0.00000 0.00000
0.16861 0.27042
0.00000 0.00000
-0.05652 0.10220
-0.20829 -0.00262
0.04940 0.07923
0.07652 -0.06311
0.07256 0.11638
-0.01225 0.01808
0.00000 0.00000
-0.05269 -0.00066
-0.17485 0.02576
0.20157 -0.07791
0.00000 0.00000
-0.00179 -0.00002
-0.31223 0.05358
0.00000 0.00000
0.00000 0.00000
0.00000 0.00000
0.00000 0.00000
0.09722 0.15593
0.09906 -0.12084
0.00000 0.00000
0.00000 0.00000
0.12374 0.19846
0.00000 0.00000
0.05070 0.28046
0.07657 0.01005
-0.45787 -0.00576
0.00000 0.00000
-0.05824 -0.01254
0.18632 0.29883
-0.05102 0.04491
0.00000 0.00000
0.20470 -0.03513
0.00000 0.00000
0.00000 0.00000
0.00000 0.00000
0.00252 0.00033
0.10431 -0.01790
0.18426 -0.03162
0.00000 0.00000
0.00000 0.00000
0.00873 0.01400
0.01003 0.29736
-0.06618 -0.00083
0.09522 0.15273
0.00000 0.00000
0.00000 0.00000
0.00000 -0.00000
0.00000 -0.00000
-0.14195 0.25666
-0.11219 -0.00141
0.05706 0.16994
0.12729 -0.07835
0.00453 -0.12388
-0.28952 -0.00365
-0.01868 0.00722
-0.13588 -0.00171
0.00000 0.00000
0.04366 0.07002
0.00000 0.00000
0.09030 0.09266
0.00000 0.00000
0.00000 0.00000
0.00410 0.12167
0.00000 0.00000
-0.12535 -0.02699
-0.06319 -0.00080
0.00000 0.00000
0.05330 -0.06503
0.00000 0.00000
0.00288 0.00463
0.01667 -0.45614
0.00000 0.00000
-0.16889 -0.00213
0.00000 0.00000
0.06952 0.11151
0.09783 -0.29205
0.07094 0.11377
0.21050 0.33762
-0.03750 -0.01856
0.21500 -0.03689
0.04150 0.04849
0.00000 0.00000
0.12469 0.19999
0.00000 0.00000
0.00000 0.00000
-0.07726 -0.00097
0.00000 -0.00000
0.00000 0.00000
0.00000 0.00000
-0.07179 0.00998
0.00124 -0.03401
0.09790 0.10046
-0.01089 -0.00014
-0.10884 -0.05386
-0.17993 -0.03875
0.04351 0.06978
0.00000 0.00000
0.07643 -0.04705
0.00426 0.00684
0.17762 -0.03048
0.00000 0.00000
0.03115 0.04996
0.00000 0.00000
-0.08173 -0.01760
0.00000 0.00000
-0.23065 0.03958
0.00000 0.00000
0.20014 0.32099
0.00000 -0.00000
0.00000 0.00000
0.19232 0.30845
0.01165 -0.00717
-0.16287 0.06295
0.00000 0.00000
0.00000 -0.00000
0.00000 -0.00000
0.18170 0.29142
0.13401 -0.24830
-0.07816 -0.01683
0.04851 -0.02986
-0.16006 -0.00202
0.01538 -0.00947
0.00000 0.00000
-0.19762 -0.00249
0.00000 0.00000
0.00000 0.00000
0.03532 0.05665
-0.08885 -0.00112
0.00000 0.00000
0.18663 -0.03202
0.18502 0.29674
0.00070 -0.10849
0.00000 0.00000
0.00000 0.00000
0.00000 0.00000
-0.32231 0.04479
0.23250 0.37289
0.20739 -0.17104
-0.26992 -0.00340
0.00000 0.00000
-0.10567 0.05643
0.00000 0.00000
0.00000 0.00000
0.07171 -0.21409
0.01417 -0.38785
-0.14309 -0.03081
0.00009 -0.01425
0.00000 0.00000
0.00000 0.00000
0.00000 0.00000
-0.21840 -0.00275
0.01191 -0.32605
0.00884 -0.24187
0.00000 0.00000
0.00000 0.00000
0.00000 0.00000
0.01293 -0.35401
0.00000 0.00000
0.28061 -0.23144
0.03663 0.00481
0.00000 -0.00000
0.01494 0.02397
0.06658 -0.01142
0.00570 -0.15589
-0.26398 -0.00332
0.00000 0.00000
0.00000 0.00000
0.00000 0.00000
-0.11051 -0.02380
0.00463 0.00475
0.00000 0.00000
0.00000 0.00000
0.00000 0.00000
0.13831 -0.05345
0.00000 0.00000
0.00000 0.00000
0.00000 0.00000
0.15247 -0.12575
0.00000 0.00000
0.00000 0.00000
0.14451 -0.08895
0.00000 0.00000
-0.04168 0.02744
0.00864 -0.23638
-0.19369 0.10344
0.00126 0.03739
0.00000 0.00000
0.00000 0.00000
-0.21254 -0.00268
0.10278 0.16485
0.00000 -0.00000
-0.05868 -0.01264
0.07911 -0.18866
0.10974 -0.15909
0.00000 -0.00000
0.00000 0.00000
0.00000 0.00000
0.18008 -0.14852
0.00000 0.00000
0.00000 0.00000
0.00000 0.00000
0.13260 -0.10937
0.00268 0.07945
0.18361 -0.15143
-0.11812 0.21358
-0.00991 0.27134
-0.29642 -0.00373
0.00174 0.02644
0.00000 0.00000
-0.13500 0.24410
0.04098 -0.00703
0.00000 0.00000
0.09556 -0.28530
0.00000 0.00000
0.11373 0.33871
0.00000 0.00000
0.00000 -0.00000
0.00582 0.00934
0.13994 0.22444
-0.00469 0.00251
0.00381 -0.10427
0.00000 0.00000
-0.08203 -0.04060
0.00000 0.00000
0.00000 0.00000
0.00000 0.00000
-0.09477 0.13987
-0.04933 0.04342
0.25688 -0.21187
0.00111 0.03289
0.13228 -0.10910
0.00000 0.00000
-0.17561 -0.08691
0.00176 -0.04821
-0.06533 0.11812
-0.06451 -0.00081
0.04081 0.06545
-0.17906 -0.03856
0.00000 0.00000
0.00000 0.00000
0.00029 -0.04469
0.15785 0.25317
0.02587 0.21176
0.08048 -0.14552
0.00000 -0.00000
-0.02418 -0.00521
0.18795 0.30145
0.00331 0.09814
0.00000 0.00000
0.00000 0.00000
0.00598 0.00959
-0.16820 -0.00212
0.07295 0.07485
0.00118 0.03510
0.00000 0.00000
0.00667 -0.18260
0.00000 0.00000
-0.13966 -0.03007
0.00268 0.07956
0.00000 0.00000
0.09830 0.15767
0.08548 -0.07050
0.00720 -0.19716
0.00000 0.00000
0.00000 0.00000
0.13401 -0.40008
0.00000 0.00000
0.00643 -0.17608
0.09731 -0.29050
0.04178 0.06701
0.23068 0.36998
-0.00089 0.00267
0.00083 0.02455
-0.12492 -0.00157
-0.29034 -0.00366
0.00000 -0.00000
0.00059 0.01748
0.00000 0.00000
-0.16466 0.08794
0.00000 -0.00000
0.00000 0.00000
0.00000 0.00000
-0.13142 -0.02830
0.00000 0.00000
0.02037 -0.02485
0.04018 0.06445
0.20367 -0.03495
0.00000 0.00000
0.00000 0.00000
0.01488 0.01527
0.00000 0.00000
0.00000 -0.00000
0.20282 0.32530
0.17721 0.28423
-0.07035 -0.01515
0.00000 0.00000
-0.00210 0.32579
0.00000 0.00000
-0.27569 -0.05937
0.18216 0.29215
0.05048 0.41317
0.00000 0.00000
0.02651 0.04252
-0.02672 0.04830
0.11206 0.17973
0.13242 -0.24534
0.00615 -0.16821
0.00000 0.00000
0.09991 0.16025
0.00000 0.00000
-0.40951 -0.00516
0.00000 0.00000
0.00000 0.00000
0.00000 0.00000
0.00432 0.12828
0.12740 -0.02186
0.00247 -0.06764
-0.00478 0.01141
0.00000 0.00000
0.12602 -0.37623
0.00960 0.28487
0.00115 -0.03151
0.00026 -0.04093
0.05788 0.09282
0.00000 0.00000
0.00000 0.00000
0.05711 -0.06967
-0.11578 -0.00654
0.00000 0.00000
0.00000 0.00000
-0.32019 -0.00403
0.00000 0.00000
0.16942 -0.20668
-0.30820 0.11912
0.00000 0.00000
-0.22895 -0.00288
0.01119 0.01307
0.00588 0.17451
0.00720 -0.19702
0.00000 0.00000
0.00000 0.00000
0.00000 0.00000
-0.28130 -0.06058
0.17374 0.20300
-0.03295 0.05958
0.09926 -0.06110
-0.22516 -0.00283
0.00000 0.00000
0.01376 -0.37660
-0.00656 -0.00141
-0.00503 0.13774
0.00421 -0.11521
0.00000 -0.00000
0.04738 -0.02916
0.00000 0.00000
-0.18578 -0.04001
0.00000 0.00000
0.00000 0.00000
0.01447 -0.39610
-0.21331 -0.04593
-0.06392 0.09434
0.00000 0.00000
0.00000 0.00000
0.15839 -0.19322
-0.14647 -0.03154
0.14940 -0.02564
0.00000 0.00000
-0.06391 -0.01376
-0.25342 -0.00319
0.05282 0.43237
-0.12596 0.04868
0.00093 -0.14376
0.00000 0.00000
0.00074 0.01125
0.05735 0.09199
-0.19675 0.10507
-0.00646 -0.00008
0.16512 -0.13619
0.00000 -0.00000
0.10306 -0.15211
-0.08766 -0.01888
0.09558 -0.07883
0.00000 0.00000
0.00000 0.00000
0.01381 -0.37809
0.01388 -0.00854
0.00000 0.00000
0.18807 0.30163
0.00000 0.00000
0.00000 0.00000
0.00000 0.00000
0.00000 0.00000
-0.06004 0.03206
0.00044 -0.06840
0.15275 0.24499
0.00269 0.07975
-0.03575 -0.00770
0.00000 0.00000
0.00095 -0.02587
0.18030 -0.21994
0.05220 0.08372
0.00999 0.01026
0.04889 -0.04032
0.01607 -0.00989
-0.00000 0.00000
0.00000 0.00000
0.00000 0.00000
0.08326 -0.05125
-0.20261 -0.00255
0.00000 0.00000
0.00000 0.00000
0.00000 0.00000
0.31143 -0.19170
-0.24730 -0.00311
0.00047 -0.07349
0.22320 0.35798
-0.33052 -0.00416
0.00000 0.00000
-0.04213 -0.00053
0.13219 0.21202
0.16035 -0.29710
0.08525 0.08747
0.00000 0.00000
0.00000 0.00000
0.16771 0.26898
0.09322 0.14951
-0.22704 -0.04889
0.00000 0.00000
0.00555 0.08421
0.04697 -0.05730
-0.00301 0.00161
0.09515 -0.28405
-0.23264 -0.00293
0.10195 0.16351
0.00000 0.00000
0.25274 -0.20845
0.00000 0.00000
0.18600 -0.03192
0.00000 0.00000
0.00485 -0.13277
0.08931 -0.26662
0.01550 0.02486
-0.15661 -0.03372
0.00000 0.00000
0.11898 0.35434
0.00000 -0.00000
0.12762 -0.10525
-0.16163 -0.03481
-0.04428 -0.00056
0.00000 0.00000
-0.12863 -0.06366
0.00527 -0.14423
0.00894 0.26502
0.00329 0.00528
0.03424 0.05491
0.00104 -0.02843
0.00000 0.00000
0.00000 0.00000
0.09137 0.01200
0.00167 -0.00203
0.00000 0.00000
0.03457 0.05545
0.00000 0.00000
0.00408 -0.11159
0.00000 0.00000
-0.13743 -0.02959
0.00000 0.00000
0.00661 -0.18101
0.00000 0.00000
0.03494 -0.02150
0.00000 0.00000
0.12184 0.19542
-0.09975 0.01386
0.18364 -0.03151
0.06772 -0.04169
0.07859 0.12605
-0.06199 -0.00078
0.01070 -0.29287
0.00000 0.00000
-0.26942 0.04623
-0.15035 -0.00189
-0.05122 -0.00064
0.00000 0.00000
0.00000 0.00000
0.00656 -0.17960
0.19026 0.30515
0.17647 0.28303
0.00149 -0.00123
0.08846 -0.04724
0.00812 -0.22225
0.03757 0.04390
0.00000 0.00000
0.00451 -0.00277
0.00000 -0.00000
-0.13271 -0.02858
0.00000 0.00000
0.09938 0.10197
0.00000 0.00000
0.00000 0.00000
0.19709 -0.07617
-0.24528 -0.05282
0.00000 0.00000
0.00000 0.00000
0.06467 -0.19306
0.00789 -0.21596
-0.30988 0.04306
0.01494 -0.40899
0.00000 0.00000
0.05495 -0.00943
0.00000 0.00000
0.07178 0.39701
-0.30227 -0.00381
0.00000 0.00000
0.00000 0.00000
0.18482 -0.22546
0.02981 -0.02458
0.06101 0.09785
0.01148 0.01178
0.18308 -0.15099
0.00000 0.00000
0.00000 -0.00000
-0.31279 0.12089
0.00000 0.00000
0.00000 0.00000
0.08932 0.09165
0.00000 -0.00000
0.16490 -0.06373
-0.07427 0.02871
0.01312 0.10741
0.00215 -0.05896
0.00819 -0.22426
0.06150 0.34016
-0.14092 0.25480
0.00000 0.00000
0.10852 0.17406
0.03870 0.04522
0.00000 0.00000
0.00000 0.00000
-0.08718 0.15764
0.00000 -0.00000
0.00000 0.00000
0.00000 -0.00000
0.00000 0.00000
0.13285 0.39565
0.04332 -0.02667
-0.00668 0.01593
0.07884 0.12645
0.00576 0.17092
0.00000 0.00000
0.00000 0.00000
0.00830 -0.22721
0.00000 0.00000
0.03822 0.06130
0.03117 -0.09306
0.00000 0.00000
0.00000 0.00000
0.00000 0.00000
0.00000 0.00000
0.00000 0.00000
0.00000 0.00000
0.08693 0.25888
0.00000 0.00000
0.00704 -0.19271
0.00000 0.00000
0.00000 0.00000
-0.08283 -0.01784
0.03341 -0.02756
0.04339 -0.05293
0.09689 -0.01663
0.00000 0.00000
-0.19437 -0.04186
-0.12230 -0.00154
0.00000 0.00000
0.06508 0.06678
0.21127 -0.17425
0.01592 -0.43575
0.00000 0.00000
0.00578 0.17138
0.01262 -0.34532
0.01793 0.02876
0.00000 0.00000
0.00000 0.00000
0.00638 -0.17457
-0.18602 0.02585
0.00000 0.00000
0.01678 0.02691
-0.20387 0.10888
0.11616 0.34595
-0.23761 -0.05117
0.00000 0.00000
0.02373 0.02435
0.00000 0.00000
0.06860 -0.01177
0.00498 -0.13631
0.00071 -0.10994
0.12389 0.19870
0.00000 0.00000
0.00000 0.00000
0.00000 0.00000
-0.11911 0.01755
0.00000 0.00000
0.00000 0.00000
0.04431 -0.02728
-0.01659 0.00641
0.00000 0.00000
-0.41873 -0.00527
-0.13238 0.07070
0.08345 -0.24914
0.00000 0.00000
0.10582 0.16972
0.00000 0.00000
-0.22988 -0.00289
0.15366 -0.18745
0.00000 0.00000
0.00000 0.00000
-0.39850 -0.00502
0.00000 0.00000
0.00000 0.00000
-0.39392 -0.00496
0.00000 -0.00000
0.00134 -0.03667
0.19641 -0.03370
-0.24732 -0.05326
0.00000 -0.00000
0.00169 0.05020
0.00000 0.00000
0.01470 0.43602
0.00000 0.00000
-0.19818 0.10584
0.04329 -0.05282
-0.16838 -0.03626
0.00000 -0.00000
0.11954 -0.07358
0.00544 0.08260
0.00962 -0.26328
0.00000 0.00000
-0.01465 -0.00083
0.00000 0.00000
0.00879 0.00902
0.00000 0.00000
0.00000 -0.00000
0.00000 0.00000
0.11665 -0.27821
-0.24714 -0.00311
0.00348 -0.00214
0.00637 -0.00392
0.00209 0.06201
-0.24001 -0.05168
0.02686 -0.03277
-0.15130 0.05848
-0.14977 0.27079
0.03336 -0.02053
0.00354 0.10515
0.12794 0.13128
0.00000 0.00000
0.00000 0.00000
-0.20425 -0.00257
-0.10708 -0.02306
-0.01940 -0.00418
0.00000 -0.00000
-0.24607 0.10550
0.08358 0.13405
0.00124 -0.03393
0.16517 0.26491
0.00000 0.00000
0.00000 0.00000
-0.44048 -0.00555
-0.08254 -0.01777
0.03219 -0.03927
0.10625 0.17041
0.00000 0.00000
0.00000 0.00000
-0.13002 -0.00164
0.00000 0.00000
0.02351 0.03771
0.17569 -0.10814
0.00000 -0.00000
-0.09996 0.18074
0.00000 0.00000
0.00000 0.00000
0.09341 0.14982
0.00000 0.00000
-0.04009 0.01549
0.16869 -0.02895
-0.23395 0.09042
0.00000 0.00000
-0.00079 -0.00001
0.00906 0.26865
0.00000 0.00000
0.00000 0.00000
0.02957 -0.08827
0.00251 -0.06866
0.00559 -0.15288
-0.13151 -0.00166
-0.29398 0.11362
0.00000 -0.00000
-0.04708 0.04144
0.00000 0.00000
0.14706 -0.02523
0.00000 -0.00000
-0.21279 -0.04582
0.00000 0.00000
0.17930 -0.14788
0.15383 -0.18766
0.04539 -0.05537
0.00000 -0.00000
0.18330 0.27074
0.00000 0.00000
-0.17721 -0.00223
0.23887 -0.19701
0.00351 -0.09597
0.00000 0.00000
0.14324 0.22974
0.00000 0.00000
-0.08544 -0.01840
0.01007 -0.27568
0.00000 0.00000
0.00000 0.00000
-0.24372 -0.05248
0.00000 0.00000
0.00000 0.00000
0.00000 0.00000
-0.11682 -0.02516
0.00000 0.00000
0.00000 0.00000
0.00000 0.00000
0.08595 0.13786
0.00000 0.00000
0.00468 -0.12803
0.00915 -0.25050
-0.00519 -0.00112
0.00681 0.00699
0.17674 -0.14577
0.01024 -0.28019
-0.29947 -0.00377
0.00000 0.00000
-0.06392 -0.01377
0.08586 -0.05285
0.01797 0.02100
0.01211 -0.33135
0.00000 0.00000
-0.01392 -0.00689
0.01397 0.11435
0.00000 0.00000
-0.21271 0.11360
0.00000 -0.00000
-0.33972 0.05829
0.00000 0.00000
0.00000 0.00000
0.00000 0.00000
0.01476 -0.40390
0.03448 0.05530
-0.07827 -0.03874
0.16741 -0.13807
0.00484 -0.13259
0.00000 0.00000
0.06242 -0.03842
0.04962 0.07328
0.00000 0.00000
0.00000 -0.00000
0.00000 0.00000
-0.07031 0.12713
0.08518 -0.05243
-0.03953 0.02111
0.01045 -0.28600
0.01107 0.01775
0.00000 0.00000
-0.01783 -0.00384
-0.21711 -0.00273
0.02139 -0.00367
-0.21297 -0.04586
0.01126 0.01806
0.11874 -0.14486
0.00000 0.00000
0.18174 0.29148
0.00000 -0.00000
0.00009 0.00264
-0.23854 0.09219
0.00000 0.00000
0.00000 -0.00000
0.06590 0.10569
0.00000 -0.00000
0.01252 -0.34255
0.00000 0.00000
-0.14681 0.02519
-0.05409 -0.01165
0.00103 -0.02824
0.00727 0.21570
0.03971 0.06369
-0.29440 -0.00371
0.00578 0.00927
-0.12819 0.04955
-0.17123 -0.00216
0.04073 -0.04968
0.00000 0.00000
0.13875 -0.11444
0.13743 -0.02358
0.07263 0.21632
0.01017 -0.27832
0.00000 0.00000
0.10117 -0.30204
0.00000 0.00000
0.00000 0.00000
0.03953 0.06340
0.00000 0.00000
0.00000 0.00000
0.03241 0.05198
-0.03876 0.03411
0.00000 0.00000
0.00000 0.00000
0.18631 -0.03197
-0.03158 -0.01563
0.09720 0.15590
0.00000 0.00000
0.00000 0.00000
0.00000 0.00000
0.00000 0.00000
0.00936 -0.00576
-0.12484 0.02142
0.00640 0.01026
-0.04960 -0.01068
0.03997 -0.11934
0.05440 0.08725
0.00000 0.00000
0.00000 0.00000
0.00049 -0.07543
-0.07661 0.13852
-0.23851 -0.00300
-0.18991 0.02639
0.00000 0.00000
0.00809 -0.22149
0.00000 0.00000
-0.12312 0.04758
-0.00248 0.38501
0.00205 -0.05618
0.06193 0.09932
-0.18484 0.09872
0.00093 -0.14391
-0.08935 -0.00113
0.00468 0.13876
0.00000 0.00000
-0.17411 -0.03749
0.00000 0.00000
0.01354 -0.37061
0.10828 0.17366
-0.17772 0.09491
0.00000 0.00000
0.00000 0.00000
0.14113 -0.12421
-0.01255 -0.00621
-0.00556 -0.00120
0.00000 0.00000
-0.13714 0.24797
-0.36382 0.06243
0.07148 -0.05895
0.00000 0.00000
0.00953 -0.26074
0.01141 0.01829
0.17857 -0.03064
0.11628 -0.14184
0.00000 0.00000
0.04227 0.06780
0.05530 -0.16509
0.00000 0.00000
0.00000 0.00000
-0.06382 0.02466
-0.26460 -0.00333
0.00000 0.00000
0.00000 0.00000
-0.02313 -0.03416
0.02564 0.02631
0.00000 -0.00000
0.00004 -0.00101
0.00000 0.00000
0.08824 0.09054
0.00000 0.00000
-0.26637 -0.00335
0.00000 0.00000
0.08621 0.25676
0.11930 0.12241
0.13051 -0.02239
0.01228 -0.33598
-0.00093 0.14458
0.00099 -0.02720
-0.00848 0.01251
0.00000 0.00000
0.00593 -0.16226
0.00000 -0.00000
-0.25442 -0.00320
-0.01067 -0.01577
0.00000 0.00000
0.00889 -0.24342
0.00000 0.00000
0.00000 0.00000
-0.37547 -0.00473
0.00000 0.00000
0.00000 0.00000
0.00000 0.00000
-0.32798 -0.00413
0.00000 0.00000
0.06393 -0.11559
0.00000 0.00000
0.14917 -0.26972
0.00000 0.00000
0.00000 0.00000
0.00684 -0.18716
0.05548 0.08899
0.00000 0.00000
0.10093 -0.08324
-0.02994 -0.00645
0.06397 0.10260
-0.09327 0.01296
0.10275 -0.30674
0.04655 -0.05679
0.06548 0.36217
-0.30011 -0.00378
0.00774 0.01241
0.21021 -0.25644
0.00457 -0.12494
-0.00784 -0.00169
0.00000 0.00000
0.00000 0.00000
0.11420 -0.21159
0.10212 -0.06286
0.00000 0.00000
-0.09527 0.03682
0.00000 0.00000
0.08812 -0.26306
-0.17135 0.02381
0.00227 0.06727
0.00000 0.00000
-0.07297 0.02820
0.08432 0.13523
0.14527 -0.17721
0.07733 0.12403
0.00000 0.00000
0.00620 -0.16962
-0.01047 0.01893
-0.17644 0.09423
0.00000 0.00000
0.00000 -0.00000
0.14198 -0.17320
0.01047 -0.28645
0.00000 0.00000
-0.21583 0.11526
0.22158 0.35538
0.00000 0.00000
0.15465 0.24804
0.04245 -0.02613
-0.01499 0.00801
0.00000 -0.00000
0.00000 0.00000
-0.24917 -0.05366
0.00000 0.00000
0.00523 -0.14302
0.01727 0.02770
0.01695 0.02718
0.02572 0.04125
0.07514 0.12052
0.00000 0.00000
0.00000 -0.00000
-0.01949 0.03524
0.00000 0.00000
-0.00881 -0.01301
-0.06779 -0.03355
0.00000 0.00000
-0.12981 -0.00163
-0.25234 -0.00318
0.00000 0.00000
0.00000 0.00000
0.00000 0.00000
0.00272 0.08069
0.00388 -0.10617
0.00000 0.00000
0.00000 0.00000
0.05184 0.08314
0.00000 0.00000
-0.01663 -0.00021
0.05691 0.05839
0.00000 0.00000
-0.00978 -0.00211
-0.08817 -0.00111
0.00000 0.00000
0.00000 0.00000
0.00000 -0.00000
0.00000 0.00000
0.00000 0.00000
0.00000 0.00000
0.01351 -0.36986
0.08950 -0.05509
-0.36652 -0.00461
0.02022 -0.01245
0.15153 -0.02600
0.08952 -0.05511
-0.22664 0.12104
0.01639 0.02628
0.00000 0.00000
0.18206 -0.22210
0.04616 0.07403
0.00000 0.00000
-0.16453 -0.03543
-0.25953 -0.00327
0.00000 0.00000
0.00000 0.00000
0.00000 0.00000
0.00000 0.00000
0.00000 0.00000
0.05916 0.09488
0.01286 -0.35205
0.08602 0.13796
0.20498 -0.07922
0.01178 -0.32243
0.00000 0.00000
-0.28181 0.10892
-0.02624 -0.00565
0.05149 0.08258
-0.14443 0.07713
0.06223 -0.07592
0.00962 0.28547
0.00000 0.00000
0.00000 0.00000
-0.01836 0.00710
0.00000 0.00000
0.00000 0.00000
0.06130 0.09831
-0.00587 0.00087
-0.19223 -0.04139
0.00019 -0.02900
0.16913 0.27127
0.07802 -0.14455
0.12023 0.17758
0.00000 -0.00000
0.05944 -0.01020
0.06353 -0.01090
0.00000 -0.00000
0.00000 0.00000
-0.16524 0.02835
0.12701 0.20371
-0.05169 -0.00292
-0.03884 -0.00049
0.00000 0.00000
0.09469 0.15187
-0.02324 -0.03433
0.00000 0.00000
0.08303 -0.10129
0.09912 -0.29591
0.00000 -0.00000
0.00000 0.00000
0.00000 0.00000
-0.00041 0.06370
0.00000 0.00000
0.07886 0.12648
0.00000 0.00000
0.00000 0.00000
0.00858 -0.23485
0.06935 0.38358
0.00000 0.00000
-0.34905 -0.00439
0.06249 0.18612
-0.17704 -0.03812
0.17361 0.27845
0.10046 0.16113
-0.22888 -0.00288
-0.04368 -0.02162
0.09182 -0.05652
0.00000 0.00000
0.00569 -0.15580
-0.28141 -0.00354
0.08181 -0.09980
0.00000 0.00000
-0.26433 -0.00333
0.00000 0.00000
0.08091 0.09454
0.00000 0.00000
0.00000 -0.00000
-0.02408 0.01286
0.00000 0.00000
0.02941 0.03437
0.07684 -0.22939
0.00000 0.00000
0.00000 0.00000
0.02496 0.04004
0.00090 0.02665
0.00824 -0.22564
0.14085 0.20804
0.11373 -0.16488
0.08805 -0.12765
0.00000 0.00000
-0.03619 -0.00046
0.00000 0.00000
0.00000 0.00000
0.14341 0.23000
-0.21912 0.11702
0.00000 0.00000
0.00000 0.00000
-0.04577 0.00674
0.01310 0.01344
0.00000 0.00000
0.00032 -0.04884
0.03006 0.04820
0.00000 0.00000
-0.01777 -0.02625
0.00000 -0.00000
0.00000 0.00000
-0.10992 -0.05440
0.00000 -0.00000
-0.22970 -0.00289
0.00000 0.00000
-0.03165 0.05723
-0.12624 0.22826
-0.00684 0.00264
0.12214 -0.36464
0.00658 -0.18020
0.00005 -0.00828
-0.00406 -0.00087
0.00000 0.00000
-0.08169 -0.00103
0.00000 0.00000
0.22665 -0.03889
0.00696 -0.19062
0.06826 -0.05629
0.04348 -0.05304
-0.02554 -0.00032
0.04340 -0.05295
0.10503 -0.12813
0.13546 0.21727
0.00000 0.00000
0.00000 0.00000
0.00000 0.00000
0.00000 0.00000
0.01559 -0.01902
0.00000 0.00000
0.00076 0.00123
0.01876 0.03009
0.01164 -0.31850
0.09090 -0.05595
0.00138 -0.03774
0.00000 0.00000
0.08440 0.13536
0.00513 -0.14050
0.00076 -0.02084
0.00000 0.00000
0.01555 -0.42554
0.00000 -0.00000
0.05176 -0.00888
-0.06834 0.12357
0.00000 0.00000
0.00011 -0.01646
-0.10093 -0.00127
0.00000 0.00000
0.00000 -0.00000
0.00000 -0.00000
0.00000 0.00000
-0.16604 -0.03576
-0.04125 -0.02041
0.10673 0.31787
0.00000 0.00000
0.13924 -0.08571
0.00000 -0.00000
0.08580 0.13761
0.00000 0.00000
0.00000 0.00000
-0.13099 -0.00165
0.01779 -0.00305
0.00000 0.00000
0.16456 0.19227
0.00967 -0.26473
0.05584 -0.16670
0.07668 -0.09354
-0.16800 -0.00212
-0.29637 -0.00373
0.00000 0.00000
0.00000 0.00000
-0.37117 0.05158
0.10497 0.31262
-0.11695 -0.02518
0.01599 -0.43762
-0.25539 -0.00322
0.00323 0.00332
0.16262 -0.19839
0.00000 0.00000
0.04921 0.05049
0.04335 0.06952
0.00000 0.00000
0.16859 -0.02893
-0.09782 0.01441
-0.16255 -0.00205
0.10577 -0.08724
0.00000 0.00000
0.18908 -0.07308
-0.23602 0.10119
-0.09338 -0.02011
0.00000 0.00000
-0.03117 0.00459
0.00000 -0.00000
0.00000 0.00000
-0.11520 0.17002
0.03381 0.05423
-0.06567 0.02538
0.00018 -0.02735
0.00000 0.00000
-0.06352 0.09375
0.02408 0.03861
0.19807 0.23143
0.02595 -0.01597
0.09491 0.28265
0.00000 -0.00000
-0.27545 0.10646
-0.04580 -0.00259
0.00000 0.00000
0.02437 0.36974
-0.15375 -0.03311
0.06442 -0.03966
0.14344 -0.11831
0.02222 0.03563
-0.01191 0.00175
-0.19380 -0.04173
0.00000 0.00000
0.19255 -0.15881
-0.01993 0.00294
0.00000 0.00000
0.07281 -0.04793
0.00000 0.00000
0.00000 0.00000
0.00000 0.00000
0.12200 0.19568
-0.17020 -0.03665
-0.01958 0.02890
0.00000 0.00000
-0.05509 -0.00069
0.00000 0.00000
0.00000 0.00000
0.00000 0.00000
0.00000 0.00000
-0.32315 -0.00407
0.00000 0.00000
0.08048 0.44516
-0.16170 -0.08003
0.00141 0.02133
-0.00364 -0.00078
0.13824 -0.08509
0.00000 0.00000
0.01193 -0.32655
0.00855 -0.23397
0.06857 0.10997
0.11722 0.18801
0.00000 0.00000
-0.35388 -0.00446
0.09834 -0.01687
0.00000 0.00000
0.01528 -0.41829
0.12645 -0.37751
-0.00031 0.00005
0.00000 0.00000
-0.08940 0.03833
0.11927 -0.05113
0.00000 0.00000
0.00186 0.02825
0.00000 0.00000
0.10888 -0.01868
0.00000 0.00000
-0.06589 0.03519
0.00340 -0.00058
0.00759 -0.20774
0.03695 -0.04508
0.00038 -0.05881
0.00000 0.00000
0.00000 0.00000
0.00229 0.06795
0.13732 0.14091
0.00000 -0.00000
0.00000 0.00000
-0.09553 0.05102
0.05468 0.08770
-0.16950 -0.03650
0.03263 -0.09742
0.00000 0.00000
0.00000 0.00000
0.01083 0.01737
0.16148 -0.23833
-0.05076 0.09178
0.11372 -0.33950
0.08614 -0.01478
0.07805 0.12518
-0.16316 0.29501
0.15778 -0.19248
0.00000 0.00000
0.20258 0.32491
-0.01716 0.00917
0.01324 -0.36235
0.00467 -0.00287
-0.18985 -0.00239
0.06090 0.33683
-0.17465 -0.03761
0.00000 0.00000
0.14424 -0.17596
0.18586 0.29809
0.29013 -0.17859
0.09071 -0.07481
0.00000 0.00000
0.00000 0.00000
0.03608 0.03702
0.20687 -0.03550
0.00048 -0.07374
0.00185 0.05475
0.00000 0.00000
-0.11296 -0.02432
0.19243 0.30863
0.00000 0.00000
0.21009 -0.03605
0.00000 0.00000
-0.34180 -0.00430
0.02061 -0.00354
0.02292 -0.01411
0.00000 0.00000
0.09786 -0.06024
0.00000 0.00000
0.00000 -0.00000
0.03677 0.05897
0.09176 -0.27393
0.00077 -0.11945
0.00000 0.00000
-0.11576 -0.00146
-0.01056 0.28894
0.00000 0.00000
0.00000 0.00000
0.00747 -0.20449
0.00000 0.00000
0.17203 0.27591
0.16658 0.26716
0.00000 -0.00000
0.00000 0.00000
-0.21853 -0.00275
0.00000 0.00000
0.09030 0.14483
0.00000 0.00000
0.00000 0.00000
-0.04659 0.08423
0.06668 -0.19908
0.00000 0.00000
0.00000 -0.00000
0.00000 0.00000
0.00439 -0.12017
-0.28611 -0.00360
0.00000 0.00000
0.01340 -0.36684
0.12102 -0.06463
0.00726 -0.19883
0.07066 -0.21096
-0.33558 0.05758
0.00000 0.00000
0.14311 0.22952
0.27520 -0.22697
0.00000 0.00000
-0.19895 -0.04284
0.00000 -0.00000
0.00879 -0.24057
0.00000 0.00000
-0.02226 -0.01101
0.00429 0.12733
-0.06619 0.03535
-0.06619 0.03535
0.11319 -0.33793
0.01024 -0.00844
0.00000 -0.00000
0.06208 -0.07574
0.21293 -0.14017
0.03050 0.16868
0.17862 -0.21790
0.10171 -0.06261
-0.03018 0.04454
-0.11425 -0.00646
0.01395 -0.38167
0.00651 -0.17812
0.04837 0.04963
0.03822 -0.04662
0.00000 0.00000
0.00083 -0.02281
0.10564 -0.19102
0.00301 0.08923
0.00000 -0.00000
0.03041 -0.01872
0.05248 -0.06402
0.00000 0.00000
-0.17997 -0.00227
0.00000 0.00000
0.00000 0.00000
0.00000 0.00000
-0.13036 -0.02807
0.00331 -0.09051
0.21210 0.34018
0.01321 -0.36143
-0.00098 0.15131
0.00000 0.00000
0.06969 0.11178
0.00070 -0.10895
0.00000 0.00000
0.00000 0.00000
0.00000 0.00000
0.00000 0.00000
0.00000 0.00000
0.00331 -0.09048
0.00000 0.00000
-0.25719 -0.05538
0.00000 0.00000
0.00000 0.00000
0.09461 -0.13715
0.09210 0.14772
-0.08948 -0.01927
0.00000 0.00000
0.15346 -0.18720
0.00000 0.00000
0.04270 0.06849
0.04780 0.00627
0.00246 -0.00203
0.00000 0.00000
0.00000 0.00000
0.14342 -0.17496
0.00337 -0.09217
-0.09442 0.01312
0.00000 0.00000
0.14186 0.22753
0.00702 -0.19217
-0.25007 -0.00315
0.00000 -0.00000
-0.35312 0.04907
0.07067 -0.08621
0.00000 0.00000
0.13364 -0.11022
-0.17684 -0.03808
0.20696 0.33193
0.00000 0.00000
0.00000 0.00000
0.00000 0.00000
0.00000 0.00000
-0.06852 -0.00086
0.14982 -0.02571
0.00000 -0.00000
0.01491 -0.40807
0.00000 0.00000
0.00000 0.00000
0.11345 0.33789
0.17457 -0.21296
0.00000 0.00000
0.00000 0.00000
0.02559 0.04104
0.00048 -0.07491
0.05735 -0.08464
0.00000 0.00000
0.02560 0.02626
0.00000 0.00000
0.00000 0.00000
-0.25043 -0.00315
0.00000 0.00000
0.00000 0.00000
0.00256 -0.00044
0.10526 0.16882
-0.06830 -0.01471
0.00000 0.00000
0.00000 0.00000
0.01543 -0.01883
0.12824 0.20567
-0.04032 0.00594
-0.21071 -0.00265
0.00000 0.00000
-0.14727 -0.00185
0.01000 -0.27358
0.00000 0.00000
0.00000 0.00000
0.00000 0.00000
0.00000 0.00000
0.09763 -0.01675
-0.08329 -0.00105
0.00000 0.00000
0.01523 -0.01858
0.00612 0.18162
0.00000 0.00000
-0.16564 -0.03567
0.09018 0.14464
0.21646 -0.26406
0.00000 0.00000
-0.24279 -0.00306
-0.14658 0.05665
0.00096 -0.02627
0.21405 0.34330
0.12501 -0.10311
-0.10382 -0.02236
0.00773 -0.21144
0.00000 0.00000
0.00000 0.00000
-0.25648 -0.05523
0.08337 0.13371
0.11537 -0.17026
0.00000 -0.00000
0.00000 0.00000
0.00422 -0.00515
-0.16872 -0.00212
0.00000 0.00000
-0.20675 -0.00260
-0.24567 0.09495
0.00000 0.00000
0.09778 -0.29193
0.12103 -0.36133
0.00000 0.00000
0.01162 0.06425
-0.23490 -0.00296
0.03941 -0.02426
0.00381 0.00445
0.04163 0.06677
0.00000 0.00000
0.11234 -0.33539
0.07526 0.12071
0.00000 0.00000
0.07257 0.11639
0.14890 -0.09802
-0.02417 -0.00030
0.01000 -0.27375
0.00000 0.00000
-0.05450 -0.01174
0.04235 0.04949
0.17441 -0.14385
0.00000 -0.00000
0.11588 0.34511
0.00000 0.00000
-0.14610 -0.03146
0.00000 0.00000
0.00000 0.00000
0.00000 0.00000
0.04953 -0.04085
-0.00148 0.00057
0.03549 -0.04330
0.00921 0.27320
0.16879 -0.24469
-0.22727 0.12137
-0.11947 0.21601
0.00000 0.00000
0.00000 0.00000
-0.32271 0.04485
-0.03598 -0.05315
0.00798 -0.21843
-0.23840 -0.00300
0.00000 0.00000
-0.07774 0.11473
0.08577 0.13756
0.00000 0.00000
-0.13079 -0.06473
-0.00251 -0.00054
0.06345 0.10177
0.00000 0.00000
0.04878 -0.00837
-0.00891 0.24386
-0.30110 -0.00379
0.06045 0.06203
0.00000 0.00000
0.00000 0.00000
0.05105 0.28235
0.07820 0.12542
0.00000 0.00000
-0.01918 0.04573
0.01500 -0.41048
0.05092 0.08167
-0.08061 0.03116
0.00000 0.00000
0.00000 0.00000
0.18062 -0.06981
0.09683 -0.11813
0.00000 0.00000
0.12249 0.12569
-0.18959 0.03253
-0.26111 0.13945
-0.35697 0.04961
0.00000 0.00000
0.00300 0.08888
-0.04462 0.08068
0.00622 -0.17021
0.00000 0.00000
-0.00581 -0.00007
0.00000 0.00000
0.04560 -0.05562
0.12210 0.01603
0.19113 -0.03280
0.17729 0.28435
0.00000 0.00000
-0.20872 0.11147
0.06603 0.36524
0.00000 0.00000
0.03147 -0.01937
0.07338 -0.10637
0.14442 0.23163
0.04782 0.05587
0.03594 0.05764
0.00000 0.00000
-0.20236 -0.00255
-0.11127 -0.00629
0.00000 0.00000
0.00292 -0.08005
0.00000 0.00000
0.27844 -0.22965
-0.17667 -0.03804
0.00000 -0.00000
0.11672 0.18721
0.00166 -0.04540
0.11904 0.19092
0.01689 0.02709
0.00018 -0.02753
0.00000 0.00000
0.00018 -0.02854
0.10996 0.17636
-0.09703 -0.02089
0.07577 -0.06250
0.00000 0.00000
0.00000 0.00000
-0.21404 -0.04609
0.00000 0.00000
0.16168 -0.02774
-0.00236 0.06451
0.00000 0.00000
0.03150 -0.02598
-0.20003 -0.00252
0.00349 0.00408
0.00000 0.00000
0.00000 0.00000
0.00000 0.00000
0.24271 -0.20018
-0.00265 0.00479
0.00000 0.00000
0.00000 0.00000
0.12481 0.20018
0.00000 0.00000
0.00000 0.00000
0.00000 -0.00000
0.00000 0.00000
0.00000 0.00000
0.09941 0.15944
0.00000 0.00000
-0.00000 0.00000
0.00000 0.00000
-0.03635 -0.00046
0.17337 0.20258
0.15868 -0.09768
-0.06033 0.10908
0.00000 0.00000
-0.04603 -0.00058
0.00000 0.00000
-0.26341 -0.05672
0.00442 0.00516
0.01575 0.02526
0.05163 0.06032
0.00000 0.00000
0.00000 0.00000
0.06502 -0.07932
0.00902 -0.24695
0.00000 0.00000
0.00000 0.00000
0.09229 -0.01584
0.00000 -0.00000
0.16286 0.26120
0.31126 -0.25672
0.00029 -0.04571
0.00000 0.00000
0.00000 0.00000
-0.08348 0.03226
-0.06398 -0.00081
0.00360 -0.09865
0.03930 0.06303
0.11114 0.17825
0.02712 0.03168
0.10681 0.17131
-0.00718 0.00383
0.00000 0.00000
0.18089 0.29012
0.03047 -0.05646
0.00000 -0.00000
0.00000 0.00000
0.01182 0.17931
0.00022 0.00657
0.00000 0.00000
0.00000 0.00000
0.00000 -0.00000
-0.00000 0.00000
0.00033 -0.05061
0.01427 -0.00878
0.09228 -0.11258
0.00011 -0.01745
0.01040 -0.28473
0.00000 0.00000
0.02354 0.03775
0.12088 0.36002
0.07848 -0.04831
0.07448 0.08702
0.12042 -0.02066
0.21611 -0.12311
0.00000 0.00000
0.00000 0.00000
0.00000 0.00000
0.00331 -0.09061
0.14571 0.23370
-0.25732 -0.00324
0.00027 -0.04209
0.00000 -0.00000
0.00000 0.00000
0.00000 0.00000
-0.30010 -0.00378
0.08164 0.24315
-0.02574 -0.00554
0.00000 0.00000
0.00000 0.00000
0.00000 0.00000
-0.20214 0.10796
-0.15154 -0.07500
0.00348 -0.00214
0.00000 0.00000
0.00000 0.00000
0.00000 0.00000
0.00000 0.00000
0.00000 0.00000
0.00000 0.00000
0.03516 0.05638
-0.32486 -0.00409
0.00000 0.00000
0.03525 0.05653
0.10110 0.16215
0.00000 0.00000
0.00000 0.00000
0.00430 -0.11767
0.06433 0.19158
-0.05669 0.08367
0.00000 0.00000
-0.14827 -0.00838
0.00000 0.00000
0.00000 0.00000
0.00936 -0.25607
0.04615 0.05392
0.00291 -0.00179
-0.15231 -0.03280
-0.19112 -0.04116
0.00000 0.00000
0.00703 -0.00433
0.00000 0.00000
0.00000 0.00000
0.05808 0.06786
0.00301 0.08930
0.11595 -0.04481
0.03675 0.30086
-0.08885 0.13113
0.10621 0.17035
0.16252 0.26066
0.00000 0.00000
0.00184 0.02784
0.00000 0.00000
0.00000 0.00000
0.01186 -0.32468
0.17971 -0.26522
0.00000 0.00000
-0.06167 -0.01328
0.27603 -0.22766
0.00000 0.00000
-0.01468 -0.02168
0.01349 -0.01645
-0.21434 -0.00270
0.12519 0.20079
0.05712 0.09161
-0.17835 -0.03841
-0.16561 -0.03566
0.00771 0.01237
0.00000 0.00000
0.00000 0.00000
0.06081 -0.03743
0.21871 0.35077
0.14572 0.23371
0.16691 0.26770
0.15201 0.22452
0.01334 -0.36509
-0.00000 0.00000
-0.16457 -0.00207
0.00000 0.00000
-0.20435 -0.00257
0.03811 0.06112
-0.00407 0.00060
0.00000 0.00000
0.00000 0.00000
0.07548 0.12105
0.00000 -0.00000
0.11175 0.17924
0.19341 -0.23594
0.00457 0.13566
-0.14930 0.07974
0.11024 -0.01892
0.00070 0.02082
0.00000 0.00000
0.00000 -0.00000
-0.20769 0.11092
0.09492 0.15223
-0.06104 -0.01315
-0.10961 0.01615
-0.02354 -0.00507
0.00028 -0.04394
0.00000 -0.00000
0.00377 -0.10311
0.11409 0.11706
0.00090 -0.13980
0.02320 0.02380
-0.22936 -0.04939
0.00000 -0.00000
0.04278 -0.05218
0.00000 0.00000
0.00373 -0.10206
0.00000 0.00000
-0.02184 -0.03226
0.00000 0.00000
0.20820 -0.03573
0.00000 0.00000
-0.06284 -0.01353
0.00000 0.00000
0.00000 0.00000
0.00545 0.16169
-0.23380 -0.05035
0.05426 0.08703
0.00000 -0.00000
0.00000 0.00000
0.08571 -0.05276
-0.16469 -0.08151
0.00000 -0.00000
0.09143 -0.16531
0.00000 0.00000
0.00000 0.00000
0.00247 0.07318
0.00030 -0.04588
-0.05474 0.08079
0.00000 0.00000
0.00000 0.00000
0.00000 -0.00000
0.11792 0.18912
0.00000 0.00000
-0.16912 -0.03642
0.00113 -0.03081
0.05676 0.09103
0.00000 -0.00000
0.09759 -0.11905
-0.00163 0.25213
0.16757 -0.20443
0.00000 -0.00000
0.00000 0.00000
0.00547 0.00878
0.01465 -0.40083
0.18145 -0.09690
0.07977 -0.14780
0.13856 -0.05940
0.19283 -0.03309
0.01396 0.21184
0.00000 0.00000
0.13698 0.21970
-0.28005 0.10824
0.01519 0.23046
0.00763 -0.20890
-0.11434 -0.00144
-0.22028 0.11764
0.00000 0.00000
-0.04644 0.01795
0.05525 0.08862
0.00000 0.00000
0.01101 -0.30128
0.00000 0.00000
-0.06602 -0.00083
0.00000 0.00000
0.00000 0.00000
-0.17037 -0.03669
0.00000 0.00000
0.00000 0.00000
0.08572 -0.12651
0.00000 0.00000
0.15690 0.25164
-0.10049 0.18170
0.05116 0.08206
0.00000 0.00000
-0.00181 -0.00002
0.10228 0.16405
0.00000 0.00000
0.21575 -0.17794
-0.23013 0.09866
0.00000 0.00000
0.00217 -0.00134
0.01194 -0.32668
0.00000 0.00000
0.00284 -0.07771
0.00108 -0.16715
-0.05460 -0.01176
-0.09630 0.04128
0.18998 -0.15669
-0.06957 -0.01498
0.12145 0.19479
0.00000 0.00000
-0.34516 -0.00435
-0.19300 -0.04156
0.00000 0.00000
0.12000 -0.22233
0.12817 -0.10571
0.10737 0.17220
0.00000 0.00000
0.00000 0.00000
0.00000 -0.00000
0.00000 0.00000
0.10690 0.17145
0.00000 -0.00000
0.01578 -0.43186
0.00000 0.00000
-0.20810 -0.04481
0.00000 0.00000
0.00000 0.00000
-0.35866 -0.00452
0.00000 0.00000
0.13426 0.21533
0.02327 0.00305
0.00000 0.00000
-0.27381 0.10583
-0.19104 -0.00241
-0.26158 -0.00329
-0.00000 0.00000
0.00000 0.00000
0.04639 0.37970
0.00000 0.00000
0.00000 0.00000
-0.18713 -0.04030
-0.08505 0.15379
0.12197 0.19563
0.00000 -0.00000
0.00000 0.00000
-0.00206 0.31885
0.00000 -0.00000
0.00000 0.00000
0.00000 0.00000
0.00000 0.00000
0.00000 -0.00000
0.02564 0.04112
0.00000 0.00000
0.00000 0.00000
0.13429 0.21539
-0.07208 -0.01552
0.00030 -0.00025
0.06606 -0.05448
-0.20502 0.07924
0.23759 -0.20911
-0.28420 -0.00358
-0.17727 -0.00223
0.00000 0.00000
0.17191 -0.24922
0.00000 0.00000
0.00000 0.00000
0.00000 0.00000
-0.27843 -0.00351
0.00000 -0.00000
0.00000 0.00000
0.00000 0.00000
0.00000 0.00000
0.00743 0.01191
0.00000 0.00000
0.02008 -0.02449
-0.14866 -0.07357
0.03147 0.05048
0.00000 0.00000
0.00516 -0.14114
0.17473 -0.14411
0.00000 0.00000
0.00000 0.00000
-0.19608 -0.04222
0.00825 -0.01529
0.00000 0.00000
0.00960 0.28469
0.04786 0.14254
0.00000 0.00000
0.08799 0.14113
0.00000 0.00000
0.00548 0.00879
0.00000 0.00000
0.00000 0.00000
-0.07181 -0.01546
-0.14703 0.05683
0.05598 0.30962
-0.13361 -0.02877
0.00000 0.00000
-0.06902 -0.10194
0.00000 0.00000
0.00979 -0.26807
0.00000 0.00000
0.00679 -0.18573
0.00000 0.00000
0.00000 0.00000
0.00000 0.00000
0.02241 0.03594
0.00000 0.00000
0.00000 0.00000
0.00000 0.00000
0.00000 -0.00000
0.05943 -0.04902
0.00000 0.00000
0.13151 0.21093
0.00322 -0.08816
0.00000 0.00000
0.00000 0.00000
0.00000 0.00000
0.10048 -0.14830
0.00000 0.00000
0.00000 0.00000
-0.16846 -0.03628
0.00000 0.00000
0.00000 -0.00000
-0.00170 0.26310
0.00000 0.00000
0.00000 0.00000
0.00000 0.00000
0.00000 0.00000
0.00000 0.00000
0.00363 -0.09946
0.00000 0.00000
0.12607 -0.37638
0.20062 -0.03442
-0.02008 0.03631
0.18982 0.30444
-0.05138 0.07583
0.03901 0.06257
0.00000 0.00000
0.00000 0.00000
0.00339 -0.09282
0.00000 0.00000
0.00000 0.00000
-0.05274 0.02039
0.13529 -0.02322
0.00000 0.00000
-0.10903 0.04214
-0.06520 -0.01404
0.00123 -0.03353
0.00000 0.00000
0.01416 -0.00243
0.00000 0.00000
0.00000 0.00000
0.00000 0.00000
0.01289 0.38243
0.19661 -0.03374
0.06907 -0.01185
-0.16823 -0.00951
0.00000 0.00000
0.13190 0.39282
0.07920 0.12703
0.00000 0.00000
0.00052 -0.01433
0.00000 0.00000
0.08144 0.13062
0.00016 -0.02512
-0.20551 -0.04425
-0.07927 -0.00100
0.00000 0.00000
0.10059 0.16133
0.01377 -0.37698
0.00000 0.00000
-0.15138 -0.00191
0.14930 -0.12314
-0.33797 0.04696
0.00000 0.00000
0.00000 0.00000
0.00000 0.00000
-0.14604 0.05644
-0.13901 -0.06880
0.00000 0.00000
0.13291 -0.10962
0.00833 -0.22807
0.18944 -0.23109
0.10978 -0.06758
0.06754 -0.01159
0.02850 0.03330
-0.06951 -0.00088
0.22034 -0.18173
0.01617 -0.44249
0.12408 0.36954
0.00000 0.00000
-0.01337 0.00714
0.00000 0.00000
-0.18285 -0.00230
0.00000 -0.00000
0.12986 0.20828
0.19655 0.31524
0.10965 0.17586
-0.02204 -0.00475
0.00000 0.00000
0.00755 -0.20655
0.00000 0.00000
0.00319 -0.08729
0.00000 0.00000
0.00205 -0.05604
-0.16303 -0.00205
0.00000 0.00000
-0.05870 0.08663
-0.29130 -0.00367
0.00000 0.00000
-0.11975 -0.02579
0.00000 0.00000
0.08355 -0.15107
0.10876 -0.20151
-0.27925 0.10793
0.10650 -0.19733
-0.14375 0.07677
0.00349 -0.09547
0.00350 -0.09576
-0.05882 -0.01267
-0.07481 0.13527
-0.03878 0.07012
-0.11836 0.01645
0.00000 -0.00000
0.00000 0.00000
0.00000 0.00000
0.00000 0.00000
0.00000 0.00000
0.04857 -0.14501
0.00000 0.00000
0.00000 0.00000
-0.01721 -0.00371
-0.25235 -0.00318
0.08717 0.25962
0.00000 0.00000
0.07940 -0.04887
0.00000 0.00000
0.04753 0.07624
0.00000 0.00000
0.00000 -0.00000
0.07565 -0.01298
0.00000 0.00000
0.00000 0.00000
0.05800 -0.03570
0.00000 0.00000
0.03123 -0.03810
0.00000 0.00000
0.00000 0.00000
0.00000 0.00000
0.00000 0.00000
0.00000 0.00000
-0.07723 -0.03822
-0.01707 0.00660
0.00000 0.00000
0.00048 -0.07424
0.00000 0.00000
0.00000 0.00000
-0.00000 0.00000
0.00414 0.06282
0.00541 -0.00093
0.12410 0.18330
0.00000 0.00000
-0.18899 0.03243
-0.14961 0.02079
0.12078 0.14112
0.00047 -0.01273
0.10402 0.30978
0.00000 0.00000
0.18534 0.29726
0.01032 -0.28258
0.00000 0.00000
0.00000 0.00000
0.00818 -0.22396
-0.09310 -0.04608
0.00014 -0.00371
0.14299 -0.17444
0.01047 -0.28667
0.00000 0.00000
-0.15998 -0.03445
0.00000 0.00000
-0.25720 0.09941
0.00000 -0.00000
0.00000 0.00000
0.22669 -0.08761
0.14660 -0.09024
0.00000 0.00000
0.00000 0.00000
-0.13484 -0.00170
0.00544 -0.14882
0.21485 -0.17720
0.00000 0.00000
0.00000 0.00000
0.00000 0.00000
0.00000 0.00000
-0.12280 -0.00155
0.02942 0.04719
0.00137 -0.03747
0.05502 -0.04538
0.09673 0.15515
0.13028 -0.19227
0.00000 0.00000
-0.05208 -0.01122
0.00000 0.00000
-0.39528 -0.00498
-0.09698 -0.00122
0.00500 -0.13680
0.00000 0.00000
0.00000 0.00000
0.19753 0.31682
0.00000 0.00000
0.00000 0.00000
0.00000 0.00000
-0.11105 0.20080
0.00000 -0.00000
-0.15788 0.28546
0.00000 0.00000
-0.04982 -0.01073
0.14685 -0.21288
0.00000 0.00000
-0.15249 -0.03284
0.06371 0.10218
0.00000 0.00000
0.01440 -0.39421
0.10114 0.11818
0.00000 0.00000
0.12995 0.20843
0.00999 0.01167
0.07751 -0.06393
0.00000 0.00000
0.00237 -0.06477
-0.22028 0.11764
0.00000 0.00000
0.05761 0.05912
0.00000 0.00000
-0.12831 0.06852
-0.05706 -0.00072
0.04281 -0.12781
0.09693 -0.11825
0.16978 0.27231
0.00000 0.00000
0.01594 -0.00851
0.00000 0.00000
0.00000 0.00000
0.00000 0.00000
0.01010 -0.27652
0.00000 0.00000
0.00000 0.00000
0.00000 0.00000
0.00000 0.00000
0.01524 -0.41697
-0.25688 -0.00323
-0.20713 -0.04460
-0.00073 -0.00036
0.00000 0.00000
0.00000 0.00000
-0.06145 -0.00077
-0.15147 0.08089
0.00000 0.00000
-0.02711 0.06465
0.00063 -0.09736
-0.01357 -0.00017
0.08091 0.12977
0.01499 -0.41035
0.00000 0.00000
0.00216 -0.05909
0.13753 0.40961
0.01457 -0.39885
0.00027 -0.04255
-0.18483 -0.03980
0.00000 0.00000
0.07345 -0.06464
0.00000 0.00000
0.00128 -0.03516
0.10452 0.16764
0.00000 0.00000
0.17673 -0.06830
0.12994 -0.15851
0.00974 -0.00804
0.00329 0.04998
0.12130 0.19454
-0.08153 -0.01756
0.00000 0.00000
0.00000 0.00000
0.00000 0.00000
0.00067 -0.01836
0.00000 0.00000
0.01391 0.41262
0.00109 -0.16867
0.10100 0.16199
0.00000 -0.00000
0.02945 -0.01813
0.03913 0.06275
0.00000 0.00000
0.00653 -0.17865
0.06005 -0.05285
0.00000 0.00000
0.00010 -0.01554
0.00000 0.00000
-0.01693 0.03060
0.19620 0.31468
0.02973 0.04769
0.00132 -0.03615
0.00264 0.07824
0.00000 0.00000
0.00000 0.00000
0.00012 -0.01859
0.09980 0.16007
0.01487 0.44095
-0.02140 0.03869
0.00000 0.00000
-0.20415 -0.04396
0.00779 0.23094
0.11816 -0.21891
0.00000 0.00000
0.00000 0.00000
0.00000 0.00000
0.00000 0.00000
-0.07358 0.13303
0.00000 0.00000
-0.08406 -0.01810
0.00000 0.00000
0.01483 0.00195
-0.14998 -0.03230
0.00403 0.11956
-0.00499 -0.00737
0.01504 -0.00258
0.01183 -0.32369
0.00000 0.00000
0.04868 -0.02996
0.01560 -0.42688
0.00000 0.00000
0.00000 0.00000
0.13412 -0.31987
0.00000 0.00000
0.00000 0.00000
-0.14398 -0.03101
-0.26832 -0.05778
0.23295 0.37362
0.00000 0.00000
-0.19502 -0.00246
0.11127 -0.33219
0.00000 -0.00000
-0.00000 0.00000
0.00000 0.00000
0.00000 0.00000
0.09925 -0.17946
0.19503 0.31280
0.00000 0.00000
0.09630 -0.05928
-0.03949 -0.00050
0.00000 0.00000
0.00375 -0.10256
0.00000 0.00000
0.00000 0.00000
0.06247 0.06410
-0.00000 0.00000
0.00000 0.00000
0.00000 0.00000
0.14144 -0.08706
-0.37219 -0.00469
0.00000 0.00000
0.12465 0.37123
0.03566 -0.04350
0.20990 -0.25606
-0.11778 -0.00148
0.00000 0.00000
0.15919 0.25533
-0.19202 -0.04135
-0.14925 0.07971
0.00000 -0.00000
-0.18832 -0.04055
-0.20593 -0.04434
0.00000 0.00000
0.00000 0.00000
0.00000 0.00000
0.16731 -0.02871
0.00000 0.00000
0.00000 -0.00000
0.11790 0.13776
0.15114 0.22324
0.22589 -0.08730
0.00412 -0.11276
0.15708 -0.19162
0.00000 -0.00000
0.00997 -0.27297
0.01101 -0.30120
0.24785 -0.20442
-0.08917 0.16123
0.00000 0.00000
-0.21828 0.11657
-0.05978 -0.02958
0.01514 0.02428
0.00000 0.00000
-0.18150 -0.00229
0.00000 0.00000
-0.01609 -0.00020
0.00000 0.00000
0.13916 -0.16976
0.00000 0.00000
0.06148 0.34004
0.05965 -0.17809
0.00000 0.00000
0.00000 0.00000
0.17050 -0.06590
0.00000 0.00000
0.00000 0.00000
0.00000 0.00000
0.18095 -0.11138
0.00000 0.00000
0.00115 0.03404
0.00735 -0.20105
-0.01465 -0.00725
0.00000 0.00000
0.00826 0.24503
0.00000 0.00000
0.21749 -0.03732
0.14988 0.24038
0.00000 0.00000
0.02887 0.43796
0.00064 -0.01751
0.00000 0.00000
0.09603 0.11220
0.00000 0.00000
0.00000 0.00000
-0.02319 0.03422
0.00000 0.00000
0.00000 -0.00000
-0.16696 -0.03595
0.00000 0.00000
0.00000 0.00000
0.05872 0.09418
0.00000 -0.00000
0.22756 0.36497
0.00558 -0.15262
0.00034 0.01003
-0.11930 0.02047
-0.10073 -0.02169
0.00000 0.00000
0.13393 0.21481
0.00000 0.00000
0.04984 0.07993
0.00000 0.00000
0.01438 -0.39359
0.00000 -0.00000
-0.07264 -0.01564
0.00000 -0.00000
0.01558 -0.42647
0.00000 0.00000
0.00000 -0.00000
0.06569 -0.04043
-0.14623 0.05651
0.00000 0.00000
0.00000 0.00000
-0.04797 -0.00060
0.00000 0.00000
-0.09083 -0.01956
0.00000 0.00000
0.00000 0.00000
-0.10319 -0.02222
-0.21800 -0.04695
-0.05169 -0.01113
-0.23698 -0.00298
0.01514 -0.41434
0.02915 -0.03555
0.07111 0.11406
0.13209 -0.16113
0.19151 -0.07402
0.00000 0.00000
-0.04978 0.00733
0.00000 0.00000
0.00000 0.00000
0.00000 0.00000
0.00013 -0.00359
0.00779 -0.21333
-0.16670 0.30141
0.00000 0.00000
-0.16406 -0.00207
0.00000 0.00000
0.00000 0.00000
-0.00052 0.00094
0.00000 0.00000
0.03516 0.05640
0.05193 -0.00891
0.22111 -0.03794
0.22893 -0.18881
0.00000 -0.00000
0.01530 0.02454
0.00000 0.00000
-0.08237 -0.00104
-0.01907 0.03448
0.00000 0.00000
0.00393 0.05964
0.00000 -0.00000
-0.03940 -0.00848
0.07922 0.12707
0.07807 0.01025
0.00000 -0.00000
0.10316 -0.12584
0.00000 -0.00000
-0.44258 -0.00557
0.11613 0.34587
0.03178 0.09466
0.00000 0.00000
0.02256 0.03618
-0.08952 -0.00113
0.05202 -0.03202
0.03803 -0.09070
-0.21690 -0.04671
0.05248 0.05385
0.00005 -0.00130
0.05875 -0.17539
-0.07516 -0.01618
0.00434 0.12881
0.02191 0.03513
-0.04003 0.07237
0.00000 0.00000
0.00000 0.00000
-0.00479 -0.00006
0.01527 -0.02829
0.12489 0.18446
0.03594 0.10702
0.00000 0.00000
0.00000 0.00000
0.00000 0.00000
0.00992 -0.27141
0.00901 0.26733
0.00000 0.00000
0.00000 0.00000
0.00000 0.00000
0.00000 0.00000
0.05504 0.06431
0.00000 0.00000
0.00000 0.00000
-0.14874 -0.00187
-0.30955 -0.00390
0.04011 -0.02640
0.00000 0.00000
-0.06955 0.12575
0.00069 -0.10637
0.00051 0.01506
0.00155 0.04606
0.00000 0.00000
0.00000 0.00000
-0.02433 0.00940
0.23746 -0.19585
0.00969 -0.26529
0.00485 0.14385
0.00033 -0.00899
0.00000 0.00000
0.00000 0.00000
0.00799 -0.00659
0.00633 -0.17326
0.00476 0.14119
0.00775 0.22988
0.00000 0.00000
0.16523 0.26500
0.01681 0.01964
-0.22188 -0.04778
0.00000 0.00000
-0.13557 -0.02919
-0.07426 -0.01599
-0.13637 0.24657
-0.16616 -0.03578
0.00000 -0.00000
-0.17979 -0.03872
-0.01916 0.03464
0.00000 0.00000
-0.00693 0.18980
-0.01538 -0.00331
0.09046 0.14508
0.00000 0.00000
0.00000 0.00000
0.00321 0.09508
-0.13942 -0.00176
-0.13218 0.05109
0.00000 0.00000
0.03514 0.28764
-0.32286 -0.00407
0.00000 0.00000
-0.25020 -0.00315
0.07221 0.11582
0.00000 0.00000
-0.09210 0.16653
0.00000 0.00000
0.00000 0.00000
-0.12895 -0.02777
0.00000 0.00000
0.00000 0.00000
0.00000 0.00000
0.15996 0.25655
0.00000 0.00000
0.00816 -0.22331
0.00000 0.00000
0.01471 -0.40262
0.00000 0.00000
0.06506 0.10434
-0.28214 0.10904
0.20110 -0.16586
0.00197 -0.05385
0.00000 0.00000
-0.00000 0.00000
0.00000 0.00000
-0.05573 0.04905
-0.06970 0.00969
0.00000 0.00000
-0.12347 0.22324
0.04065 -0.12137
0.00000 -0.00000
0.12383 -0.36967
0.00000 0.00000
0.00040 -0.06135
-0.15972 -0.00201
0.04691 0.07524
0.00000 0.00000
0.00000 0.00000
0.00000 0.00000
0.05324 -0.03277
-0.00000 0.00000
0.00000 0.00000
0.00000 0.00000
0.05055 0.08108
0.11366 0.16788
0.00000 -0.00000
-0.05243 -0.01129
-0.29579 0.12681
0.00000 0.00000
0.00000 0.00000
0.00966 0.01550
0.11415 0.18308
0.07504 0.07700
0.00000 0.00000
0.00000 0.00000
0.00000 0.00000
-0.11165 -0.05526
0.00000 0.00000
0.02939 0.04714
0.03533 -0.00606
0.00000 0.00000
0.05890 -0.03625
0.13597 0.13952
-0.09884 -0.02128
-0.19974 -0.04301
0.00000 0.00000
-0.13889 -0.02991
0.00000 -0.00000
0.00000 0.00000
0.00000 0.00000
0.01596 0.02560
0.00077 0.02297
0.00571 -0.00351
0.04885 -0.03007
0.00000 0.00000
0.00116 0.03429
0.23603 -0.20773
-0.01664 -0.00823
0.00000 0.00000
0.22870 -0.18862
-0.09311 -0.02005
-0.22214 -0.00280
0.00000 0.00000
0.04214 0.00553
0.00275 -0.07532
-0.22238 -0.00280
0.00000 0.00000
0.17510 -0.03005
0.00000 0.00000
0.00000 0.00000
0.00000 -0.00000
0.04926 -0.04063
0.00000 0.00000
0.00000 0.00000
0.00000 0.00000
0.07863 -0.23475
0.03155 0.00414
-0.26303 -0.00331
0.23562 -0.10101
0.15841 0.25407
0.04275 0.06314
-0.01495 0.00578
-0.11497 0.16968
0.14882 -0.12274
0.01833 0.02941
0.20531 -0.12638
0.00000 0.00000
0.00000 -0.00000
0.09445 -0.28196
0.06590 -0.04057
0.00000 0.00000
-0.14167 -0.03051
0.07887 0.12650
0.00000 0.00000
0.09394 0.15067
0.06651 0.10668
0.00000 0.00000
-0.11653 -0.02509
-0.12804 -0.02757
0.00798 -0.21843
0.00882 0.26170
0.17758 -0.14646
0.00000 0.00000
0.00000 0.00000
0.00000 0.00000
-0.09606 0.05130
0.23678 0.37977
0.00000 0.00000
-0.21824 -0.04700
0.16932 -0.06544
0.01317 -0.36050
0.00000 0.00000
0.08171 -0.01402
0.00000 0.00000
0.21800 0.34964
0.00000 0.00000
0.00000 0.00000
0.00000 0.00000
0.03544 0.04140
-0.23063 -0.00290
0.01585 0.02543
0.00000 0.00000
0.04384 0.24250
0.00000 0.00000
0.19473 0.31232
-0.07343 -0.01581
-0.22072 0.08531
0.00000 0.00000
0.21010 -0.17328
-0.23119 0.03213
