OK
10000
0.00000 0.00000
0.06313 0.18801
0.00000 0.00000
-0.00097 0.00175
-0.31242 -0.06728
0.00000 0.00000
-0.32639 -0.07028
0.18775 -0.27218
0.23683 -0.34333
0.01157 0.34327
0.00000 0.00000
0.06821 -0.09889
0.12301 -0.17833
-0.36999 0.05142
0.00000 0.00000
-0.00390 0.00054
0.17503 -0.25374
0.07459 -0.10813
0.00029 -0.00042
0.00000 0.00000
0.00014 -0.02129
0.06759 -0.09799
0.00000 0.00000
0.00000 0.00000
-0.02983 0.05393
0.23552 -0.34143
0.03826 -0.05547
0.15359 -0.22266
0.12685 0.20345
0.00000 0.00000
0.15406 0.24709
0.08077 -0.11709
0.04407 -0.06388
0.15850 0.25421
0.00000 0.00000
0.00000 0.00000
0.00000 0.00000
0.03970 0.11824
0.10524 0.16879
0.00000 0.00000
0.00000 0.00000
0.06882 0.20496
0.01588 0.04728
-0.29590 -0.06372
0.00000 0.00000
0.00000 0.00000
-0.19791 -0.04262
0.00000 0.00000
0.00000 0.00000
0.18635 -0.27015
0.05201 0.08341
-0.27598 0.03835
-0.14968 0.02080
0.14833 0.23791
0.15983 0.25634
0.00000 0.00000
0.00000 0.00000
0.00000 0.00000
0.00000 0.00000
0.00000 0.00000
0.00000 0.00000
0.13403 -0.08250
-0.22774 -0.04904
0.08676 -0.12578
0.05727 0.17057
0.10820 0.17354
0.04701 0.14000
-0.01830 0.03310
0.00000 0.00000
0.01637 0.02626
0.08963 0.14375
0.00000 0.00000
0.20670 -0.29965
0.00000 0.00000
0.00000 0.00000
0.00000 0.00000
-0.21831 0.03034
-0.35133 0.04882
0.08396 0.25005
0.00896 0.26568
-0.10938 0.16143
0.00000 0.00000
0.04643 0.13827
0.00000 0.00000
0.01594 -0.02311
0.00000 0.00000
0.00642 -0.00930
-0.15712 -0.03383
0.00000 0.00000
0.13030 0.20899
0.00000 0.00000
0.08121 0.24186
-0.12524 0.22645
0.02728 -0.03955
0.06848 0.10983
0.00000 0.00000
0.16066 -0.23291
0.00000 0.00000
0.00672 0.19932
0.00089 0.00092
-0.00103 -0.00022
-0.31957 -0.06882
0.00000 0.00000
-0.22425 0.03116
0.00000 0.00000
0.00000 0.00000
-0.33093 0.04599
0.16645 0.26697
-0.08275 0.01150
0.02777 -0.04025
-0.31498 -0.06783
-0.05947 0.00826
0.15203 0.24383
0.02995 0.04803
0.00000 0.00000
0.00000 0.00000
0.00000 0.00000
0.00000 0.00000
0.06479 0.10392
0.03707 0.05946
0.00000 0.00000
0.01384 0.02220
0.11351 0.33805
0.01272 0.19306
0.05035 -0.07299
-0.15039 0.02090
-0.21781 0.03027
0.27332 -0.39623
0.00000 0.00000
0.00000 0.00000
-0.06600 -0.01421
0.00000 0.00000
0.00000 0.00000
0.04622 -0.06700
-0.04209 0.07610
0.06273 0.18682
-0.08745 0.03380
0.04743 0.14125
0.02416 -0.01487
-0.26831 0.03729
0.09117 -0.05612
0.01205 0.03588
0.00000 0.00000
0.22859 0.36662
0.03737 -0.05418
0.03713 0.11057
-0.09096 -0.01959
0.00000 0.00000
0.00000 0.00000
-0.09839 0.01367
0.00000 0.00000
-0.42852 0.05955
0.05578 -0.08086
-0.05396 0.00750
-0.16808 -0.03619
0.11745 -0.07229
0.00000 0.00000
0.13862 -0.20096
-0.20963 -0.04514
0.04144 0.06646
0.10589 -0.15350
0.00000 0.00000
0.00000 0.00000
0.00000 0.00000
0.00040 -0.06244
-0.00464 0.00840
0.11769 -0.17061
-0.23349 -0.05028
-0.39449 -0.08495
0.00000 0.00000
0.00000 0.00000
0.15322 0.45633
0.00000 0.00000
-0.02589 -0.00557
0.01043 0.03105
0.00000 0.00000
0.01639 0.24870
0.00000 0.00000
0.16525 0.26503
0.25071 0.40211
0.00000 0.00000
0.00000 0.00000
0.00000 0.00000
0.00524 0.15555
0.00336 0.00539
0.00000 0.00000
0.00000 0.00000
0.04563 0.04682
0.00000 0.00000
0.00000 0.00000
0.00000 0.00000
0.00000 0.00000
-0.40614 0.05644
-0.02946 0.00409
-0.45159 0.06275
-0.23675 -0.05098
0.07171 -0.10395
-0.30369 -0.06540
0.00000 0.00000
0.03449 -0.05000
0.03429 0.10214
0.24549 -0.35589
0.04915 -0.07125
0.19933 -0.28896
0.02812 -0.04077
-0.31895 -0.06868
-0.24096 -0.05189
0.00000 0.00000
0.00000 0.00000
0.13202 -0.19139
0.01353 -0.01961
0.01008 0.01616
-0.22256 -0.04793
0.00000 0.00000
0.11156 0.33224
0.00280 -0.00405
0.11672 -0.16921
0.04310 -0.06248
0.00000 0.00000
0.10254 -0.14865
0.00000 0.00000
0.00515 0.15283
0.04290 -0.06219
-0.22754 -0.04900
-0.38149 0.05301
0.00000 0.00000
-0.13465 -0.02900
0.00000 0.00000
-0.24809 0.03448
0.06581 -0.09541
0.00000 0.00000
-0.26177 0.03638
0.06374 -0.09240
0.05857 -0.08491
-0.04981 0.09005
-0.16346 0.02271
0.00000 0.00000
-0.24836 0.03451
-0.48430 0.06730
0.00000 0.00000
-0.12408 -0.02672
0.00000 0.00000
-0.07796 -0.01679
0.23022 -0.33374
0.08616 -0.12491
0.08692 -0.12600
-0.03678 0.00511
0.00000 0.00000
0.00000 0.00000
0.06019 -0.08726
-0.08149 0.01132
0.17451 0.27989
0.00000 0.00000
0.00000 0.00000
0.00000 0.00000
0.00000 0.00000
0.01163 0.34491
0.04215 0.12554
0.17964 -0.26042
0.00000 0.00000
0.05593 -0.08109
0.00549 -0.00338
0.00000 0.00000
0.03100 0.04972
0.20854 -0.30232
0.03048 -0.04419
0.01876 0.05588
-0.32812 0.04560
0.04750 0.14146
0.00000 0.00000
0.00000 0.00000
0.23790 0.38156
0.00019 -0.00028
0.09586 -0.13897
0.10972 -0.15907
0.19169 -0.27789
0.00000 0.00000
0.00000 0.00000
0.00000 0.00000
0.00000 0.00000
-0.38566 0.05359
-0.27477 0.03818
0.00000 0.00000
-0.03834 -0.01898
0.00313 -0.00454
-0.23698 0.03293
0.00000 0.00000
0.00000 0.00000
0.00000 0.00000
0.14832 -0.21501
0.00000 0.00000
0.18668 0.29940
0.10627 -0.15405
0.12249 0.19645
0.02391 0.03835
0.00115 -0.17752
-0.38309 0.05324
-0.43606 -0.09390
0.06311 -0.09149
0.08860 -0.12845
0.07434 -0.10776
-0.01431 0.00199
0.15217 -0.22059
0.08940 -0.12961
0.13002 -0.18849
-0.15897 -0.03423
0.06594 -0.04059
0.00000 0.00000
-0.22576 -0.04861
0.00656 -0.00951
-0.40141 0.05578
0.17914 0.28731
-0.12636 0.01861
0.00000 0.00000
0.00000 0.00000
0.07095 0.00931
0.00000 0.00000
0.19766 0.31701
0.05475 -0.07938
0.07919 0.08126
0.00000 0.00000
-0.00623 -0.00134
0.05626 -0.08156
-0.14993 0.02083
0.03476 0.10352
0.00000 0.00000
0.13076 0.20972
0.08408 0.13485
-0.09847 0.17805
0.00000 0.00000
0.01224 0.00161
0.03676 -0.05329
-0.10819 0.01503
0.02805 0.04499
0.00000 0.00000
-0.09581 0.17323
0.00000 0.00000
0.00586 0.17373
0.00000 0.00000
0.08932 -0.12948
0.00000 0.00000
0.00000 0.00000
-0.10445 -0.02249
-0.13845 0.01924
0.00000 0.00000
0.00000 0.00000
0.00000 0.00000
0.15669 0.25130
0.00000 0.00000
0.00000 0.00000
-0.13908 0.01933
0.00000 0.00000
-0.36924 0.05131
-0.21105 -0.04545
-0.20655 0.02870
-0.00535 -0.00115
0.07529 -0.10915
-0.15717 0.02184
0.10982 0.17613
0.00000 0.00000
0.00000 0.00000
0.08714 -0.12633
0.00000 0.00000
0.00000 0.00000
0.00000 0.00000
0.08308 0.24743
0.05028 -0.07289
-0.06215 -0.01338
0.00000 0.00000
0.00000 0.00000
0.03297 -0.04779
0.05074 -0.07356
0.00992 0.02953
0.00285 -0.00175
0.00800 0.01283
0.04946 -0.07170
-0.21224 0.02949
0.19723 -0.28592
-0.27345 -0.05888
0.10702 0.17164
0.02117 0.06306
-0.13186 0.01832
0.07229 0.21528
0.00000 0.00000
-0.07665 0.01065
-0.06616 -0.03274
0.00000 0.00000
0.01101 0.01129
0.00000 0.00000
-0.00055 0.00031
0.07248 -0.10508
-0.00010 0.00024
0.13479 0.21618
0.18369 -0.26630
-0.12032 0.21755
0.12763 0.20471
-0.07240 0.01006
0.00000 0.00000
-0.02255 0.04078
0.03803 -0.05513
0.00000 0.00000
0.01922 -0.03561
0.00000 0.00000
0.16983 -0.24619
0.04077 -0.05910
0.00000 0.00000
-0.08266 0.01149
0.00000 0.00000
0.00357 0.00573
-0.00216 0.00390
0.00000 0.00000
0.06627 -0.09608
0.14231 -0.20631
0.12939 -0.18757
-0.09156 -0.01972
0.01462 -0.02120
0.00000 0.00000
-0.06076 -0.01308
-0.06606 0.00918
-0.07448 0.01035
0.00000 0.00000
0.01802 0.02890
0.00000 0.00000
0.14143 -0.20503
-0.20162 0.02802
0.05204 -0.07544
0.10537 -0.15275
0.15141 0.24283
0.00000 0.00000
0.14255 0.42454
0.25889 -0.37530
0.11340 0.18188
0.11961 -0.17340
0.00660 0.19565
0.00000 0.00000
0.00000 0.00000
-0.35340 0.04911
0.14928 -0.21642
-0.00047 -0.00069
-0.00586 0.00081
0.00000 0.00000
0.00989 -0.01434
0.00000 0.00000
0.23466 -0.34019
0.13073 -0.18952
0.10526 -0.15259
0.00000 0.00000
0.00000 0.00000
0.06259 0.18640
0.15367 -0.22278
0.06998 0.00919
0.00000 0.00000
0.00000 0.00000
-0.16066 -0.03460
0.13500 -0.19571
0.00000 0.00000
0.00000 0.00000
0.00000 0.00000
-0.17653 0.02453
0.12486 -0.18101
-0.01808 -0.00389
0.12546 -0.18188
0.00000 0.00000
0.11207 -0.16246
0.00000 0.00000
-0.04378 -0.00943
0.16170 -0.23441
0.25934 0.41595
0.01876 0.05588
0.04933 -0.07151
0.04394 -0.06370
0.00000 0.00000
-0.34327 -0.07392
0.00000 0.00000
0.07611 0.12208
0.00000 0.00000
0.09103 -0.13197
0.00000 0.00000
0.00000 0.00000
-0.08160 -0.01757
0.00259 0.00416
0.00000 0.00000
0.00000 0.00000
0.00000 0.00000
0.00000 0.00000
0.00000 0.00000
0.00000 0.00000
0.05585 -0.03438
0.03029 0.09021
-0.23698 0.03293
0.00000 0.00000
0.00119 0.03539
0.00000 0.00000
0.22545 -0.32684
0.09492 0.15223
0.00000 0.00000
-0.42365 0.05887
0.00000 0.00000
0.00000 -0.00019
0.00000 0.00000
0.21553 -0.31245
0.08766 -0.12708
0.06443 -0.03966
0.04037 0.04142
0.00000 0.00000
0.00592 0.00949
0.14085 0.41949
0.04601 0.07380
0.00000 0.00000
0.00000 0.00000
-0.22062 -0.04751
-0.35204 0.04892
0.00429 0.12717
0.00000 0.00000
0.00000 0.00000
0.10756 0.11037
-0.01170 -0.00579
0.00000 0.00000
-0.03732 -0.00804
0.09247 -0.13406
-0.00810 -0.00174
0.00000 0.00000
-0.19279 0.02679
0.16445 -0.23840
0.00000 0.00000
0.14365 0.23040
-0.09254 0.16732
-0.07216 0.01003
0.18864 0.30254
0.00000 0.00000
0.00000 0.00000
0.00000 0.00000
0.08961 0.01176
-0.10242 -0.02206
0.00406 -0.00589
0.00000 0.00000
-0.07644 -0.01646
0.00000 0.00000
0.08801 0.14115
-0.31399 -0.06761
0.23703 -0.34362
0.00000 0.00000
-0.16507 -0.03555
0.00000 0.00000
0.00000 0.00000
0.05777 0.05927
-0.17775 -0.03828
0.00000 0.00000
0.20245 0.32470
-0.26134 -0.05628
0.00000 0.00000
0.00000 0.00000
-0.00180 0.00025
0.00000 0.00000
0.00000 0.00000
0.00296 -0.00430
0.05655 0.16843
0.12336 0.19785
0.00000 0.00000
0.06579 -0.09538
0.00000 0.00000
0.00000 0.00000
0.00000 0.00000
0.00128 -0.19805
0.00009 0.00015
-0.17782 0.02471
0.08154 -0.11821
-0.01198 0.02166
-0.00157 -0.00034
0.09306 -0.13491
0.24075 -0.34901
-0.31944 -0.06879
0.00216 0.00346
0.01609 0.04793
0.00000 0.00000
-0.03869 0.05710
0.00329 0.00527
0.07414 0.11891
-0.28192 -0.06071
0.00000 0.00000
-0.46897 0.06517
0.00000 0.00000
-0.37493 0.05210
-0.03508 -0.00198
0.08335 0.24823
-0.30534 -0.06575
0.00000 0.00000
-0.11774 0.17377
0.00000 0.00000
0.00000 0.00000
0.00000 0.00000
0.00000 0.00000
0.05647 0.09057
0.03584 -0.05195
0.00000 0.00000
0.00000 0.00000
0.11437 0.34064
0.00000 0.00000
0.15119 0.24249
0.00000 0.00000
-0.17505 0.31651
0.10827 0.17365
-0.02430 0.04394
0.12904 0.01694
-0.10872 0.01511
0.00000 0.00000
0.00000 0.00000
0.14228 0.22820
0.00000 0.00000
0.02229 -0.03231
0.00000 0.00000
-0.04238 -0.02097
0.05172 0.08294
0.26723 -0.38740
0.00000 0.00000
0.00879 0.00902
0.00000 0.00000
0.00000 0.00000
-0.05546 -0.01194
-0.01477 0.00205
0.00000 0.00000
-0.46479 0.06459
0.00290 0.00863
0.00315 0.09329
0.00000 0.00000
-0.04447 -0.02201
0.01241 -0.01799
-0.05315 0.00739
-0.25520 0.03546
0.00000 0.00000
0.00000 0.00000
0.28395 -0.41163
0.14204 -0.20591
0.00000 0.00000
0.23269 -0.33732
0.00000 0.00000
-0.21535 -0.04637
0.00000 0.00000
0.00000 0.00000
-0.00127 0.00018
0.03814 0.06117
-0.04075 -0.00878
0.10990 -0.15932
0.00000 0.00000
0.00000 0.00000
0.00004 -0.00560
0.00000 0.00000
0.18654 -0.27043
0.00000 0.00000
0.00000 0.00000
-0.14112 0.01961
0.16801 0.26947
0.24753 -0.35885
0.00000 0.00000
0.00000 0.00000
0.00000 0.00000
0.23596 0.37845
0.08669 -0.05336
-0.03642 0.00506
0.11226 0.18005
0.00883 0.26197
0.00406 0.01210
0.20946 0.33595
0.10683 0.17135
-0.20890 -0.04499
0.01844 0.02957
0.18908 -0.27410
0.09592 -0.13905
0.04160 0.06671
0.00000 0.00000
0.08084 -0.11720
0.21418 0.34351
0.12811 -0.18572
0.08714 -0.12633
0.00000 0.00000
0.00000 0.00000
-0.10389 0.01531
0.00000 0.00000
0.00000 0.00000
0.00000 0.00000
0.10016 -0.14520
0.00000 0.00000
0.00042 -0.06519
-0.07144 0.00993
-0.01842 -0.00397
-0.00671 -0.00332
-0.07543 0.01048
0.00000 0.00000
0.00000 0.00000
0.00000 0.00000
-0.01571 -0.02320
0.06980 -0.04296
0.00000 0.00000
-0.02701 0.04884
0.05887 0.17533
-0.03153 0.05701
0.03684 -0.05340
-0.19719 -0.04246
0.00000 0.00000
0.00000 0.00000
0.01965 0.03152
0.00000 0.00000
0.04084 0.06550
0.19881 0.31886
0.03118 0.09286
-0.11582 0.01609
0.00000 0.00000
-0.09134 0.01269
0.00000 0.00000
0.00000 0.00000
0.00641 0.19003
0.00000 0.00000
-0.00683 0.01235
-0.23898 0.03321
0.00000 0.00000
0.08007 -0.11608
-0.40412 0.05616
-0.10883 0.01512
0.00000 0.00000
0.21834 0.35019
0.00000 0.00000
0.00000 0.00000
0.00023 -0.03526
0.19649 -0.28484
0.08544 0.08767
-0.03863 -0.01912
0.00913 0.01464
0.15587 0.25000
0.00000 0.00000
0.09235 -0.13388
-0.06845 0.12376
0.00000 0.00000
0.00000 0.00000
0.10742 0.17229
0.00808 0.23960
0.00000 0.00000
-0.22802 -0.04910
0.16336 0.26201
0.00000 0.00000
0.00697 0.20663
-0.05149 -0.02548
-0.20544 0.02855
0.01792 -0.02598
0.18240 0.29255
0.00000 0.00000
0.00000 0.00000
-0.01119 0.00156
0.14918 -0.21626
-0.01059 0.01915
0.04107 -0.05954
0.07779 -0.11277
0.00000 0.00000
-0.11715 -0.02523
0.00895 0.13585
0.12182 -0.17660
0.01417 -0.02055
-0.05699 0.10304
-0.20371 -0.04387
0.13529 0.40294
0.25529 -0.37009
0.06406 -0.09287
0.00000 0.00000
0.00000 0.00000
-0.15151 -0.03263
-0.45702 0.06351
0.00000 0.00000
0.26727 -0.38746
0.15997 -0.23190
0.00000 0.00000
0.00000 0.00000
0.06397 0.10260
0.02060 0.03305
0.23302 -0.33781
0.19039 0.30536
0.01498 0.02402
0.01971 -0.02858
0.00000 0.00000
0.12552 -0.18197
-0.03530 0.00491
0.01389 0.01425
0.00015 -0.02351
0.00000 0.00000
0.14921 -0.21631
0.08630 0.13842
0.00000 0.00000
0.00000 0.00000
0.18650 0.29912
0.00000 0.00000
-0.02671 -0.01322
0.06831 -0.09903
0.05374 -0.07790
0.21813 0.34985
0.00000 0.00000
0.25967 0.41648
0.00599 0.17759
0.00757 -0.01097
0.07729 0.12395
0.04831 -0.07004
0.11922 0.35507
0.00000 0.00000
0.04011 -0.02469
-0.43289 -0.09322
0.08630 -0.12510
0.00000 0.00000
0.08747 0.26050
0.00000 0.00000
0.02144 -0.03108
0.00000 0.00000
0.09875 0.29410
0.00000 0.00000
-0.41983 -0.09041
0.00000 0.00000
0.05740 0.09206
0.00608 0.00624
-0.02635 -0.00568
0.01550 0.01591
-0.19304 0.02683
0.10461 0.16778
0.13625 -0.19752
-0.02950 -0.00635
0.00000 0.00000
0.01594 -0.00981
0.00000 0.00000
-0.37428 0.05201
0.03769 0.11225
0.00496 0.14703
0.00000 0.00000
0.13569 -0.19671
-0.03052 -0.00657
-0.38149 0.05301
-0.37902 -0.08162
0.00000 0.00000
0.00000 0.00000
0.00000 0.00000
0.00000 0.00000
0.15890 -0.23036
-0.00782 0.00109
0.18205 -0.26392
0.15542 -0.22531
0.04269 -0.06188
0.07607 0.12201
0.00000 0.00000
-0.11983 0.01665
0.22530 -0.32661
0.00895 0.01435
-0.43228 0.06007
-0.00156 -0.00231
0.00873 0.13251
0.06993 -0.10137
0.00000 0.00000
0.00000 0.00000
0.05343 -0.07746
0.01597 -0.02315
-0.21900 0.03043
0.00000 0.00000
0.10905 -0.15809
-0.06738 0.00936
0.10301 0.16521
0.00456 -0.00662
0.07898 0.12668
0.00000 0.00000
0.20958 -0.30383
0.00586 0.01746
0.00849 0.25172
-0.31219 -0.06723
0.00000 0.00000
0.00000 0.00000
0.09816 -0.14230
0.00032 -0.00047
0.00000 0.00000
0.14177 0.22738
-0.05159 0.09328
0.16764 -0.24303
0.00000 0.00000
0.05210 0.05347
-0.06512 -0.01402
0.12888 -0.18683
0.00000 0.00000
0.00000 0.00000
0.00000 0.00000
0.00000 0.00000
0.05102 -0.07396
0.00000 0.00000
0.01981 0.03177
0.10850 0.32314
0.00000 0.00000
0.09760 -0.14149
-0.21383 0.02971
0.00000 0.00000
0.09678 -0.14030
0.00000 0.00000
0.15936 -0.23102
0.00000 0.00000
0.00000 0.00000
-0.00056 -0.00028
-0.07290 0.01013
0.00000 0.00000
0.09096 0.14588
-0.43677 0.06070
0.00000 0.00000
0.00000 0.00000
0.00000 0.00000
0.00000 0.00000
0.00000 0.00000
0.00000 0.00000
-0.25635 0.03562
0.00000 0.00000
0.15609 0.46486
0.00000 0.00000
0.00000 0.00000
0.00000 0.00000
0.00000 0.00000
0.14390 -0.20861
0.00000 0.00000
0.10475 -0.06448
0.00000 0.00000
0.23969 -0.34748
0.11100 0.17802
0.19059 -0.27630
0.07247 -0.04461
0.00000 0.00000
0.07027 -0.10187
0.00754 -0.01093
-0.03835 -0.00826
0.00111 0.00178
0.08842 -0.12819
0.23438 -0.33978
-0.41652 0.05788
0.17176 0.27547
0.00000 0.00000
0.00000 0.00000
0.00000 0.00000
-0.07987 0.14441
-0.25846 0.03592
0.00000 0.00000
0.22486 0.36064
0.09137 -0.13246
0.00000 0.00000
0.18429 -0.26717
0.07521 0.07717
-0.11065 0.20007
-0.05220 0.00769
0.07621 0.12222
0.04189 -0.06073
0.00000 0.00000
-0.02500 -0.00538
0.14347 -0.20799
0.00000 0.00000
0.00028 -0.04349
0.04599 -0.02831
0.00000 0.00000
0.00000 0.00000
-0.23157 -0.04987
0.00000 0.00000
0.00000 0.00000
-0.42225 0.05868
0.00000 0.00000
0.11239 0.18025
0.15651 0.25102
-0.06358 -0.01369
-0.08019 0.14498
0.00000 0.00000
-0.29660 0.04122
-0.26008 -0.05601
-0.03281 0.05932
-0.36931 0.05132
0.00000 0.00000
0.03921 -0.05685
0.00000 0.00000
0.00000 0.00000
0.01660 0.01703
0.09271 -0.13440
0.02156 0.32706
-0.29714 0.04129
0.00000 0.00000
-0.24272 -0.05227
-0.09413 -0.04659
0.00000 0.00000
0.00000 0.00000
0.00000 0.00000
0.00000 0.00000
0.00000 0.00000
0.06526 0.19437
0.00000 0.00000
-0.00309 0.00043
0.05053 0.08104
0.08660 0.13890
0.23712 0.38030
0.12906 0.20699
-0.51792 0.07197
0.00000 0.00000
0.15737 0.25240
0.10184 0.30331
0.01461 0.00192
0.01595 0.02558
0.01600 -0.02319
0.00000 0.00000
-0.13635 -0.02936
0.08190 -0.11873
0.00000 0.00000
0.10746 -0.15578
0.00000 0.00000
-0.10941 0.19782
0.00000 0.00000
0.04956 0.07948
-0.08891 -0.01915
0.02538 -0.03679
0.00000 0.00000
0.16653 -0.24142
0.00000 0.00000
0.08697 -0.12608
0.09572 -0.13877
-0.19187 0.02666
0.00000 0.00000
0.00000 0.00000
0.19220 -0.27863
0.00473 -0.00686
0.00000 0.00000
0.00000 0.00000
0.12945 -0.18766
0.06198 -0.08985
0.03630 -0.05262
0.27848 0.44665
0.00000 0.00000
0.03944 -0.05718
0.08676 0.13915
0.11902 -0.07326
-0.07785 0.01082
0.08773 -0.12718
0.07146 0.21284
-0.00920 -0.00455
0.00000 0.00000
0.16225 -0.23521
-0.04708 0.00654
-0.18513 -0.03987
0.00000 0.00000
-0.07881 0.01095
0.00000 0.00000
0.20759 -0.30094
0.00000 0.00000
-0.15431 -0.03323
0.00000 0.00000
0.09917 0.15906
0.00000 0.00000
-0.16611 -0.03577
0.12373 -0.17937
-0.24659 -0.05310
0.00413 0.01229
0.13382 0.21463
0.00000 0.00000
0.00000 0.00000
0.07118 -0.04381
0.00000 0.00000
0.00000 0.00000
0.09980 0.10240
-0.13073 0.01817
0.01029 0.30509
0.10584 -0.15343
-0.05517 -0.02731
0.00000 0.00000
0.00000 0.00000
0.09626 -0.13954
-0.02400 -0.00517
0.00000 0.00000
0.19781 -0.28676
-0.18066 0.02510
0.00000 0.00000
0.00000 0.00000
0.16071 -0.23297
0.00000 0.00000
0.00000 0.00000
0.11594 0.18596
0.20475 0.32839
-0.14127 0.01963
0.00000 0.00000
-0.06322 0.11431
-0.22995 0.03195
0.10107 -0.14653
0.08492 -0.12310
0.15375 -0.22289
0.20052 -0.29069
0.13432 -0.19472
0.01488 0.22579
-0.33430 0.04646
-0.09701 -0.02089
0.10140 0.16263
0.00270 0.00035
0.00000 0.00000
0.07784 -0.11284
0.00000 0.00000
0.01557 0.02497
0.00000 0.00000
0.00000 0.00000
0.06709 -0.09727
0.01596 -0.02313
0.00000 0.00000
-0.09831 0.01366
0.00000 0.00000
-0.07307 -0.00413
-0.31971 0.04443
-0.37637 0.05230
-0.08650 -0.00489
0.14935 -0.21651
0.11262 0.18062
0.00000 0.00000
0.12706 -0.18420
0.17512 0.28087
0.00000 0.00000
0.00000 0.00000
0.08521 -0.05245
0.10380 -0.15048
0.07704 -0.11168
0.05216 -0.07561
0.06536 0.10483
-0.07422 0.01031
0.13036 0.20908
0.00000 0.00000
0.17855 -0.25884
0.00000 0.00000
0.00000 0.00000
0.00000 0.00000
0.19118 0.30662
0.00000 0.00000
-0.28678 0.03985
0.00166 0.04927
0.00000 0.00000
-0.14753 0.02050
-0.13409 0.01863
-0.27739 -0.05973
0.11840 0.12149
0.00000 0.00000
0.16266 -0.23580
0.00000 0.00000
-0.28723 0.03991
-0.00788 0.00305
-0.09848 -0.04874
0.07885 0.12646
0.22242 -0.32244
0.00000 0.00000
0.07528 -0.10914
0.00000 0.00000
-0.01077 0.01947
0.12520 -0.18151
0.00000 0.00000
0.00000 0.00000
0.00000 0.00000
-0.46660 0.06484
-0.39522 0.05492
0.00000 0.00000
-0.01257 0.02273
-0.05691 0.00838
0.00000 0.00000
0.00000 0.00000
0.00000 0.00000
0.00000 0.00000
0.00000 0.00000
-0.10183 -0.02193
0.00000 0.00000
0.00000 0.00000
0.17320 -0.25108
0.00000 0.00000
0.10579 -0.15336
0.00000 0.00000
0.00000 0.00000
0.00000 0.00000
-0.04228 0.06240
0.00000 0.00000
-0.00782 0.00109
0.16202 -0.23487
0.00000 0.00000
0.00000 0.00000
0.00000 0.00000
0.00000 0.00000
0.17052 -0.24721
0.05499 -0.07972
0.22611 0.36265
0.00000 0.00000
0.01701 0.02728
0.00913 -0.01323
-0.19576 0.02720
0.00000 0.00000
0.24322 -0.35259
0.00000 0.00000
0.00000 0.00000
0.06831 0.10956
0.00000 0.00000
0.00000 0.00000
0.00469 0.01398
0.23760 -0.34445
0.04631 -0.06713
-0.03567 0.00496
0.04876 -0.07069
0.11502 -0.16675
0.09533 0.28392
0.00000 0.00000
0.03583 0.10670
0.17408 -0.25237
0.15736 -0.22812
0.04661 -0.06758
0.00000 0.00000
0.00000 0.00000
0.00000 0.00000
0.00000 0.00000
-0.21086 0.02930
-0.11913 -0.02565
-0.15699 -0.03381
0.05332 -0.07729
0.03337 0.05352
0.10893 -0.15792
-0.38073 -0.08199
0.11508 -0.16683
-0.12382 0.22389
0.01998 0.03205
0.11638 0.18665
0.00000 0.00000
-0.14928 -0.03215
0.00000 0.00000
0.24721 0.39649
0.11658 0.34719
-0.00577 -0.00124
-0.04829 0.00671
0.00000 0.00000
0.16379 -0.23744
-0.24846 -0.05350
-0.23636 0.03285
0.00000 0.00000
0.09587 0.15376
0.00000 0.00000
-0.14098 0.01959
0.00000 0.00000
-0.19093 0.02653
0.25024 -0.36277
0.08512 -0.12340
-0.04292 -0.00924
-0.37630 0.05229
0.08265 0.24616
0.03959 -0.05740
0.01324 0.02124
0.06081 0.06240
0.14976 -0.09219
-0.14156 0.25596
-0.08608 0.01196
-0.29571 0.04109
0.03814 -0.05529
0.02276 0.34526
0.16899 -0.24498
0.00000 0.00000
0.00000 0.00000
0.00000 0.00000
0.00000 0.00000
0.03748 0.11162
0.00000 0.00000
0.07794 0.01023
0.29786 -0.43181
-0.09928 -0.02138
-0.05620 -0.01210
0.00000 0.00000
0.12733 0.37923
0.00000 0.00000
0.00000 0.00000
0.13913 -0.20169
0.00000 0.00000
-0.17365 0.02413
0.00242 0.07179
0.00000 0.00000
0.00000 0.00000
-0.12295 0.22230
0.29807 -0.43211
-0.32612 0.04532
0.00000 0.00000
0.21669 -0.31414
-0.01073 -0.00531
0.11499 0.34245
0.18222 0.29226
0.08217 0.13179
0.00000 0.00000
0.20843 0.33429
0.10120 0.30140
0.00000 0.00000
0.10174 -0.14749
0.09372 -0.13587
0.17227 -0.24974
0.06789 0.20218
0.11215 -0.16258
0.00000 0.00000
0.13444 0.21562
0.00000 0.00000
0.00000 0.00000
0.00000 0.00000
-0.07872 -0.01695
-0.03040 -0.04490
0.01149 -0.01665
0.00037 -0.05686
-0.13406 0.01863
-0.08082 -0.04000
0.21092 0.33828
0.00000 0.00000
0.00000 0.00000
0.05057 -0.03113
0.09063 0.14536
0.19141 -0.27749
0.10687 0.17140
0.00000 0.00000
0.00000 0.00000
0.09403 0.28006
-0.17784 0.02471
0.00000 0.00000
0.02909 -0.04217
0.17406 0.27916
-0.07238 -0.01559
0.00000 0.00000
-0.06911 0.00960
0.09044 -0.13111
-0.03982 -0.00857
0.00000 0.00000
-0.04724 -0.02338
-0.46926 0.06521
-0.12416 0.01725
-0.13814 0.24976
0.12168 0.36239
0.10730 -0.15556
0.00014 -0.02198
0.00000 0.00000
-0.51350 0.07136
0.06815 0.10930
0.12567 0.37427
-0.25558 0.03552
0.00000 0.00000
0.14030 -0.20339
-0.06492 -0.01398
0.00000 0.00000
-0.13163 -0.06514
0.00000 0.00000
0.00412 0.01228
0.00000 0.00000
0.11916 -0.17274
0.18467 -0.26772
-0.07248 -0.01561
-0.16977 0.02359
-0.38385 0.05334
-0.15597 -0.03359
-0.07665 -0.00433
0.11553 0.18529
0.06847 -0.09926
0.12953 0.38576
-0.15602 -0.03360
0.17240 -0.24992
0.07893 -0.04858
0.10916 -0.15824
0.00000 0.00000
-0.04888 -0.02419
-0.09406 0.17008
0.04757 -0.02928
-0.38905 0.05406
0.16081 0.25792
0.00000 0.00000
0.00000 0.00000
-0.11767 0.01733
0.08191 0.13138
0.00000 0.00000
0.04437 -0.06433
0.00000 0.00000
0.00000 0.00000
0.07430 0.22129
0.00000 0.00000
0.27015 -0.39163
0.21770 -0.31560
-0.23972 0.03331
0.00000 0.00000
0.03866 0.06201
-0.02743 0.04959
-0.02298 -0.03394
0.24865 -0.36047
0.00000 0.00000
-0.12657 -0.02726
0.00244 0.07229
0.00000 0.00000
0.00000 0.00000
0.09853 -0.14283
0.00000 0.00000
-0.02219 -0.00478
0.00000 0.00000
-0.17153 -0.03694
0.00000 0.00000
-0.46201 0.06420
-0.32762 -0.07055
0.00000 0.00000
0.00000 0.00000
0.00000 0.00000
0.00000 0.00000
0.00037 -0.05695
0.26662 0.42762
-0.22479 0.03124
0.00000 0.00000
-0.22833 -0.04917
0.00000 0.00000
0.10406 0.16690
0.03934 -0.05703
0.00000 0.00000
-0.10117 0.01406
-0.04396 0.07948
0.01239 0.01987
0.05896 -0.08547
0.00481 0.14263
-0.08608 0.01196
0.10892 -0.15789
0.08031 -0.11643
0.00000 0.00000
0.00000 0.00000
-0.29336 0.04077
-0.42724 0.05937
0.00000 0.00000
0.29446 -0.42688
-0.07062 -0.03495
0.07488 0.12010
0.00000 0.00000
0.00000 0.00000
0.13666 -0.19812
0.00000 0.00000
0.25274 -0.36639
0.00000 0.00000
0.09822 0.15753
0.00000 0.00000
-0.25603 0.03558
0.12651 -0.18341
0.02089 -0.03029
0.00000 0.00000
-0.29362 -0.06323
0.00000 0.00000
0.00515 -0.00317
-0.38116 0.05297
0.00000 0.00000
0.00000 0.00000
0.00000 0.00000
0.00000 0.00000
0.02439 0.07263
-0.10392 -0.02238
0.03445 -0.04994
0.00000 0.00000
-0.08792 -0.04351
0.13292 -0.19269
0.00000 0.00000
0.00000 0.00000
0.00000 0.00000
0.17950 -0.26022
0.06122 -0.08876
0.02287 0.06811
0.00793 0.02363
0.18827 0.30196
0.00000 0.00000
-0.37564 -0.08089
0.00000 0.00000
0.05538 -0.08028
0.00000 0.00000
0.13267 0.39512
0.22384 -0.32451
0.09738 -0.14117
0.00000 0.00000
0.01260 -0.01826
0.00000 0.00000
0.06861 -0.09946
0.00000 0.00000
-0.24670 0.03428
0.11502 0.34254
0.06581 -0.09540
0.00000 0.00000
0.00000 0.00000
-0.02185 0.03950
0.00000 0.00000
0.07878 -0.11420
0.00000 0.00000
0.02097 0.06247
0.02732 -0.03961
-0.00103 0.00014
0.06065 -0.08792
-0.23761 0.03302
0.00412 -0.00597
-0.49258 0.06845
0.00000 0.00000
0.00000 0.00000
0.05603 0.08986
0.00000 0.00000
0.00000 0.00000
-0.40864 0.05679
0.00000 0.00000
0.02216 -0.03212
0.28205 -0.40889
0.00000 0.00000
0.02506 0.07464
0.06227 -0.09027
0.00000 0.00000
0.00000 0.00000
0.00000 0.00000
0.15762 -0.22850
0.00000 0.00000
0.03748 -0.05433
0.12027 0.35818
0.00000 0.00000
0.15565 -0.22564
0.08825 0.14154
0.00000 0.00000
0.18660 0.29929
0.00000 0.00000
0.11237 -0.16290
0.00000 0.00000
-0.07442 0.13455
-0.16909 0.30574
0.00000 0.00000
0.00000 0.00000
0.08525 0.25391
0.01161 -0.01682
-0.11628 -0.02504
-0.05718 -0.01231
-0.29325 -0.06315
0.00000 0.00000
0.20152 0.32321
0.05350 0.08581
0.03674 -0.02262
0.24468 0.39243
-0.42836 0.05953
0.00000 0.00000
0.00000 0.00000
0.00000 0.00000
0.00000 0.00000
0.12724 -0.18445
-0.20953 0.02912
0.00000 0.00000
-0.37666 0.05234
0.00000 0.00000
0.00000 0.00000
0.00000 0.00000
0.00000 0.00000
0.00000 0.00000
0.24325 -0.35263
0.15048 0.24134
0.17774 -0.25767
0.04455 0.13269
0.04623 0.07415
-0.12540 0.01743
0.00000 0.00000
0.09847 0.15793
-0.04363 0.07888
0.00000 0.00000
0.13249 0.21250
0.25509 -0.36980
0.00530 0.15731
0.00000 0.00000
-0.46747 0.06496
0.06756 0.20120
0.25778 0.41345
0.00081 -0.12531
0.00000 0.00000
0.19209 -0.27847
0.00000 0.00000
0.23993 -0.34782
0.00000 0.00000
0.12516 0.37276
0.12839 -0.18612
0.00000 0.00000
-0.09997 -0.02153
0.13440 -0.19485
-0.10219 -0.02201
-0.23114 -0.04977
-0.12842 -0.02765
0.08275 -0.11996
0.17008 -0.24656
0.11016 0.17667
0.00000 0.00000
0.16575 0.26584
0.00000 0.00000
0.00000 0.00000
0.10862 -0.15746
0.17316 -0.25102
0.12580 -0.18237
0.15293 0.24528
0.00000 0.00000
0.00000 0.00000
0.00000 0.00000
0.02471 0.03962
0.24412 -0.35390
-0.14310 -0.03081
0.00000 0.00000
0.00000 0.00000
-0.18147 0.02522
0.00000 0.00000
-0.25251 -0.05438
0.00285 -0.00412
-0.02963 0.04373
-0.08698 0.12837
0.00000 0.00000
0.07559 -0.10957
0.03152 0.05056
0.00000 0.00000
-0.37486 -0.08072
0.00000 0.00000
0.15123 -0.21924
0.06747 0.10821
-0.03607 -0.00777
0.01408 -0.00867
0.00000 0.00000
0.10072 -0.14602
0.12097 -0.17537
0.07673 0.12306
-0.24036 0.03340
0.01092 -0.01583
0.00000 0.00000
0.07509 -0.10886
-0.21526 -0.04635
-0.02953 0.05340
0.11211 -0.16252
0.23747 -0.34426
0.01691 0.05036
0.00000 0.00000
0.03854 0.11477
0.00000 0.00000
0.01394 0.04152
-0.19006 -0.04093
0.21502 0.34487
0.00000 0.00000
0.00000 0.00000
-0.29705 -0.06397
0.00000 0.00000
0.00000 0.00000
0.00000 0.00000
0.27623 0.44304
0.00000 0.00000
0.00092 -0.14321
-0.11369 0.10006
0.00000 0.00000
0.25692 0.41207
0.00000 0.00000
0.00000 0.00000
0.00000 0.00000
-0.03937 -0.01949
0.07605 -0.11024
0.22658 -0.32846
0.00000 0.00000
0.05355 -0.07763
0.00000 0.00000
0.00000 0.00000
0.06479 -0.09392
0.00319 0.09476
0.16609 -0.24078
0.00000 0.00000
0.00000 0.00000
0.23784 -0.34479
0.01686 -0.02444
0.00000 0.00000
0.14606 -0.21174
0.16865 0.27048
0.00596 -0.00864
0.15475 -0.22433
-0.07575 0.01053
0.00000 0.00000
0.07751 -0.11236
0.00000 0.00000
0.07267 0.11656
0.02731 0.04380
0.00000 0.00000
0.00000 0.00000
0.00000 0.00000
-0.18629 -0.04011
0.00000 0.00000
-0.01363 0.01200
0.00000 0.00000
0.00000 0.00000
0.00000 0.00000
0.10176 0.30305
0.26518 -0.38443
0.00000 0.00000
0.00000 0.00000
-0.03598 -0.05315
0.00000 0.00000
0.00000 0.00000
-0.01611 0.02378
-0.13974 0.25266
0.01949 0.03126
0.00000 0.00000
0.23539 -0.34124
0.00000 0.00000
0.00000 0.00000
0.00098 -0.15114
-0.11607 0.01613
0.00000 0.00000
0.00000 0.00000
0.10968 0.17591
-0.50682 0.07043
0.00000 0.00000
0.00000 0.00000
0.09223 0.14793
0.00000 0.00000
0.04949 0.07937
0.13706 -0.19869
-0.00820 -0.00406
-0.11688 -0.02517
0.06412 -0.09295
-0.13445 0.01868
0.12195 -0.17679
0.08999 0.14433
0.00003 -0.00517
-0.27280 -0.05875
0.00000 0.00000
-0.14270 -0.03073
0.16301 -0.23631
0.00000 0.00000
0.03522 0.05648
0.01232 -0.01787
0.00000 0.00000
0.00000 0.00000
-0.07231 -0.01557
0.16578 0.26588
0.04513 0.07238
0.00088 0.02622
0.10018 0.16067
-0.11535 -0.02484
0.01126 0.01807
0.00000 0.00000
0.00703 0.20842
0.00000 0.00000
-0.06396 0.11565
-0.45635 0.06342
-0.23205 0.03225
0.00000 0.00000
0.04890 0.05018
0.14860 0.23833
0.00000 0.00000
0.00142 0.00228
-0.12946 -0.06407
0.10069 0.16150
-0.32869 0.04568
0.00000 0.00000
0.00000 0.00000
-0.15227 -0.03279
-0.37263 0.05178
0.00000 0.00000
-0.22386 -0.04821
-0.01402 0.00195
0.10876 -0.15766
0.00000 0.00000
0.00000 0.00000
-0.13799 0.24950
0.15741 -0.22819
-0.10699 -0.02304
-0.23024 -0.04958
-0.17570 0.02442
0.16910 0.27122
0.02753 -0.03992
0.00000 0.00000
0.21916 -0.31771
0.07847 0.12585
-0.33435 -0.07200
-0.09625 0.17403
0.00000 0.00000
-0.12925 0.23369
0.01082 0.32092
-0.02869 -0.01420
0.00000 0.00000
0.00000 0.00000
-0.16856 0.02342
0.00000 0.00000
0.00000 0.00000
-0.23357 -0.05030
0.00000 0.00000
0.00000 0.00000
-0.15605 -0.03360
0.00052 0.01547
-0.00459 -0.00026
0.04433 0.07111
0.00000 0.00000
0.15016 -0.21768
0.00000 0.00000
-0.46314 0.06436
-0.30108 -0.06483
0.06695 0.19940
0.00000 0.00000
0.11126 -0.16130
0.18299 -0.26527
0.00000 0.00000
0.12407 -0.17986
0.08565 -0.12417
0.00000 0.00000
0.19600 -0.28414
0.00000 0.00000
0.04371 0.07010
-0.03152 -0.04655
-0.05456 0.09865
0.00000 0.00000
0.06146 -0.08910
-0.14856 0.02064
0.21144 -0.30652
-0.37031 0.05146
0.00000 0.00000
0.02836 0.04549
-0.12691 0.01764
-0.41929 0.05827
0.00000 0.00000
0.21357 0.34253
0.00000 0.00000
-0.49445 0.06871
0.06669 0.19862
0.15313 -0.22199
0.00000 0.00000
-0.03456 0.06250
0.00315 0.09336
0.00000 0.00000
0.11000 -0.06771
0.00000 0.00000
-0.36256 0.05038
-0.06549 0.00910
0.00000 0.00000
-0.05126 -0.01104
0.07300 0.11708
-0.00314 -0.00018
0.00000 0.00000
0.00000 0.00000
0.19701 -0.28561
0.08285 0.13288
-0.03639 0.00506
0.14897 -0.21596
0.00000 0.00000
0.00000 0.00000
-0.01533 0.00213
0.26605 0.42670
0.00000 0.00000
0.00000 0.00000
0.00000 0.00000
-0.01989 0.00293
-0.01063 -0.00229
0.01892 0.03034
0.00000 0.00000
0.03534 -0.05123
0.00000 0.00000
0.06361 0.18945
0.09244 0.27530
-0.01625 0.00226
0.27822 -0.40333
0.00000 0.00000
-0.01572 0.01384
-0.30308 0.04212
-0.38343 0.05328
-0.47832 0.06647
-0.26075 0.03623
-0.02925 0.00406
0.00000 0.00000
0.03087 -0.04475
0.00000 0.00000
-0.28721 0.03991
0.00000 0.00000
-0.28026 0.03895
-0.17074 0.02373
-0.36219 -0.07799
0.00000 0.00000
0.00000 0.00000
0.00000 0.00000
0.17928 0.28755
0.00000 0.00000
-0.00209 0.00029
0.09386 0.15053
-0.14367 0.01996
-0.29018 0.04032
0.16468 -0.23874
0.00000 0.00000
0.16021 0.25695
0.15381 -0.22297
-0.24999 0.03474
0.00000 0.00000
-0.12507 0.01738
0.00431 0.00691
-0.34063 -0.07335
0.00000 0.00000
-0.05828 0.10537
0.00000 0.00000
0.05459 -0.07913
-0.25602 -0.05513
0.07311 0.21773
-0.00996 0.01470
-0.30942 -0.06663
0.13378 -0.19394
0.10546 0.31409
0.08635 -0.12518
0.00000 0.00000
-0.16801 0.02335
0.17312 -0.25097
0.02984 -0.04325
-0.29654 -0.06386
0.00000 0.00000
0.10047 0.16114
-0.05632 -0.01213
0.00000 0.00000
0.00000 0.00000
0.00000 0.00000
0.00050 -0.07715
-0.15804 0.02196
0.00800 0.23737
0.00771 -0.01429
0.00012 -0.01861
0.00000 0.00000
-0.45626 0.06340
-0.03842 -0.01902
0.00000 0.00000
0.00000 0.00000
0.00000 0.00000
0.00239 0.00711
0.07638 -0.11073
0.09899 0.15876
0.08620 0.13825
0.00000 0.00000
0.03864 -0.05602
0.00000 0.00000
0.02600 -0.01601
0.00935 -0.01356
-0.24924 -0.05367
-0.03867 0.00537
0.14755 0.23665
0.01784 -0.02587
0.00724 0.01161
0.00000 0.00000
0.00000 0.00000
0.00000 0.00000
0.00000 0.00000
0.00000 0.00000
0.11811 0.18943
0.00000 0.00000
0.10026 0.29858
0.17405 0.27915
0.16989 0.27249
0.02528 0.04054
0.00000 0.00000
0.08066 0.08276
0.00000 0.00000
0.00000 0.00000
0.00000 0.00000
0.00000 0.00000
-0.05467 0.00760
-0.19942 -0.04294
0.04815 0.14341
-0.26686 -0.05747
0.00000 0.00000
0.01365 0.04067
0.00000 0.00000
0.01832 0.05457
0.01306 0.02094
-0.07656 0.13843
0.00000 0.00000
0.00000 0.00000
0.19569 -0.28369
-0.20260 0.02815
-0.01857 0.03357
0.00000 0.00000
0.00000 0.00000
-0.00570 0.00079
-0.04962 -0.01068
0.00000 0.00000
0.00000 0.00000
-0.12396 0.01723
0.07487 -0.10854
-0.07458 0.13485
-0.29896 0.04154
0.00000 0.00000
0.00000 0.00000
-0.02140 -0.00461
-0.40542 0.05634
0.00000 0.00000
0.01112 0.32979
0.04098 0.06573
0.00000 0.00000
0.04134 0.06630
0.00000 0.00000
0.00000 0.00000
0.00000 0.00000
-0.00033 0.00013
0.21874 -0.31710
0.00000 0.00000
0.20063 -0.29085
0.03130 -0.04537
0.10928 0.17527
0.00000 0.00000
0.22660 -0.32851
-0.37793 0.05252
-0.24571 0.03414
0.19486 0.31254
-0.10419 -0.00589
0.06675 0.19879
-0.08462 0.01176
-0.47985 0.06668
0.00000 0.00000
0.00000 0.00000
-0.04421 -0.00952
-0.23233 -0.05003
0.00000 0.00000
-0.10602 0.19170
0.00000 0.00000
0.05527 0.08865
0.00000 0.00000
0.00000 0.00000
0.18438 -0.26729
-0.11000 -0.05444
0.00000 0.00000
0.12057 -0.17478
0.19272 -0.27938
0.08043 0.12899
-0.42892 0.05960
0.10841 0.32288
-0.10949 0.01521
0.00000 0.00000
0.00198 0.05885
0.08692 -0.12601
-0.06303 0.11397
0.00000 0.00000
-0.07405 0.13389
-0.03981 -0.05881
0.02451 -0.03553
-0.09642 -0.02076
0.16251 0.26064
0.05591 0.08967
0.08357 0.13404
0.00000 0.00000
0.08370 -0.12134
-0.07957 -0.01713
0.00000 0.00000
-0.00126 0.00018
-0.24785 -0.05337
-0.39144 0.05440
0.21421 -0.31053
-0.15549 -0.03348
0.00000 0.00000
0.13103 -0.18996
0.22775 -0.33016
0.00000 0.00000
0.03644 0.05845
0.03865 0.06198
0.00000 0.00000
0.00000 0.00000
-0.09296 -0.02002
-0.25121 -0.05410
-0.09330 -0.02009
-0.00880 -0.01300
-0.37350 -0.08043
0.05173 0.08296
-0.19525 -0.04205
0.00000 0.00000
-0.14017 0.01948
0.06235 0.06397
0.10946 -0.15868
0.23061 0.36986
0.09071 -0.13150
0.05155 0.08268
0.00000 0.00000
0.05659 -0.08204
0.00000 0.00000
-0.00383 0.00693
0.04727 0.04850
0.20696 -0.30003
-0.00431 0.00379
0.00000 0.00000
0.24347 -0.35295
0.00027 -0.04178
0.05279 0.05417
0.00000 0.00000
-0.04854 -0.02402
0.09382 -0.13601
0.05703 0.09147
0.07318 0.11737
0.07300 -0.10583
0.04028 0.04133
0.00000 0.00000
0.00000 0.00000
0.07521 -0.04629
-0.45274 0.06291
0.00000 0.00000
0.00000 0.00000
0.00000 0.00000
0.00899 0.01441
0.03373 0.00443
0.05685 0.00746
0.12177 -0.17652
0.00000 0.00000
0.00000 0.00000
0.14114 -0.20461
0.00000 0.00000
0.06085 0.09760
0.00000 0.00000
-0.11879 0.01651
0.09945 -0.14417
-0.36482 0.05070
0.16123 -0.09925
0.07211 0.21476
0.13663 0.21914
0.00000 0.00000
0.19521 -0.28300
0.00274 -0.00398
0.00000 0.00000
-0.06107 -0.01315
0.00010 -0.01596
0.06767 -0.09810
0.00000 0.00000
0.00000 0.00000
0.08754 0.26072
0.00000 0.00000
0.00000 0.00000
0.00000 0.00000
0.00020 0.00308
0.10759 -0.06623
0.00000 0.00000
0.06566 -0.09518
0.11895 0.19078
-0.03752 0.02470
0.09820 0.29247
0.06130 0.09832
-0.23775 -0.05120
0.03157 -0.04576
0.12726 -0.18449
0.00000 0.00000
0.00000 0.00000
0.00000 0.00000
0.00000 0.00000
0.00000 0.00000
0.00000 0.00000
0.00838 -0.01215
0.01341 0.02151
-0.26307 -0.05665
0.25344 0.40648
-0.29694 0.04126
0.00043 -0.06640
-0.12576 0.22739
0.10075 -0.14606
-0.03037 0.04482
0.00000 0.00000
-0.40136 0.05577
0.03873 0.06212
0.00000 0.00000
0.00000 0.00000
0.10240 0.16423
0.00000 0.00000
0.06549 0.19505
0.15642 -0.22675
0.00000 0.00000
-0.28638 -0.06167
0.00000 0.00000
0.02455 0.02519
0.00029 0.00865
-0.24502 -0.05276
0.00000 0.00000
0.00000 0.00000
-0.40924 -0.08813
0.00000 0.00000
-0.43572 0.06055
0.05918 0.17625
0.00000 0.00000
0.00000 0.00000
0.00000 0.00000
0.06871 0.11020
0.00000 0.00000
-0.12584 -0.02710
0.01402 -0.00863
0.00000 0.00000
0.00000 0.00000
0.06197 0.18457
0.12430 -0.18020
0.00000 0.00000
0.00156 0.00464
0.26181 -0.37955
0.05414 0.05556
-0.11711 0.01627
0.26611 0.42680
0.00000 0.00000
0.00000 0.00000
0.00000 0.00000
0.00000 0.00000
-0.33593 0.04668
0.17375 0.27868
0.15577 -0.22582
0.00000 0.00000
-0.37342 0.05189
-0.13638 -0.02937
-0.21566 0.02997
-0.28080 0.03902
-0.12558 0.01745
0.12636 -0.18318
0.00000 0.00000
-0.09808 0.01445
-0.24593 0.03418
0.00000 0.00000
-0.01700 -0.00096
-0.01046 -0.00225
0.00000 0.00000
0.00021 -0.03320
-0.14757 -0.03178
0.12759 0.20464
0.12004 -0.17402
0.10460 -0.15164
0.00000 0.00000
0.00000 0.00000
0.00000 0.00000
0.06911 0.11084
0.13552 -0.19647
-0.05123 0.00712
0.00730 0.21646
0.07605 0.12197
0.00000 0.00000
0.03713 -0.05383
-0.11798 0.21331
0.00000 0.00000
0.03168 -0.04593
0.04764 0.07641
0.00000 0.00000
0.21126 -0.30626
0.00044 -0.06844
0.11648 -0.16885
0.20903 -0.30303
-0.32945 -0.07094
-0.15202 0.27487
-0.16780 0.30340
0.17314 -0.25100
0.26514 -0.38437
0.00641 0.09730
0.00000 0.00000
-0.11771 -0.02535
0.10520 0.16872
0.00000 0.00000
0.01308 0.38791
0.00000 0.00000
-0.47704 0.06629
0.11756 -0.17042
0.00000 0.00000
0.00000 0.00000
-0.42534 0.05911
0.16866 -0.24450
-0.28207 0.03920
0.09766 -0.06011
-0.20184 -0.04346
0.06944 -0.10067
0.11313 -0.16400
0.00000 0.00000
-0.06990 0.00971
0.00000 0.00000
0.00000 0.00000
0.11141 0.33181
0.00000 0.00000
0.01958 0.05832
0.00000 0.00000
0.01447 -0.02098
0.00000 0.00000
0.13462 -0.19515
0.00738 0.11191
0.02076 -0.03010
0.14119 -0.20468
0.00166 0.04917
-0.14309 -0.03081
-0.46810 0.06505
0.08010 0.23856
0.00000 0.00000
-0.11391 0.20596
-0.03314 0.02182
0.21479 -0.31139
0.06277 0.10068
0.00000 0.00000
0.07690 -0.11147
-0.01524 0.02756
0.00791 0.11999
0.00980 0.29055
0.02473 -0.03585
0.08076 -0.04971
-0.10718 0.09433
0.11476 -0.16637
0.07973 0.12788
0.00000 0.00000
0.05159 0.08274
0.13280 -0.19252
0.04620 0.13760
0.00000 0.00000
0.00072 -0.11209
0.14493 0.23245
-0.08095 0.14637
0.00000 0.00000
-0.36333 -0.07824
-0.00113 0.00205
-0.12688 -0.02732
-0.15906 -0.07872
0.00000 0.00000
0.16220 0.26015
0.04143 0.04251
0.08053 -0.11674
0.05715 0.09166
0.04621 0.04742
-0.16380 0.06331
0.04207 -0.06099
0.00000 0.00000
-0.23220 0.03227
0.00000 0.00000
0.00000 0.00000
-0.14198 0.25672
0.00000 0.00000
-0.25971 0.03609
-0.00781 -0.00387
-0.11394 0.20602
0.02769 -0.04014
-0.31639 0.04397
0.13846 0.41238
-0.29122 0.04047
-0.14513 0.02017
-0.12561 0.22712
0.00000 0.00000
0.00000 0.00000
0.00000 0.00000
0.00000 0.00000
-0.47489 0.06599
0.08491 0.13618
0.00000 0.00000
0.06709 -0.09726
-0.31262 0.04344
0.16827 0.26988
0.00000 0.00000
-0.08529 -0.01837
0.04144 0.12342
0.05261 -0.07627
0.08941 -0.12962
0.00618 0.18332
-0.14947 0.02077
0.01262 -0.01829
-0.49359 0.06859
0.14209 0.42318
0.00000 0.00000
0.00000 0.00000
0.10307 -0.06344
-0.10250 -0.02207
0.00000 0.00000
0.13311 -0.19297
0.00000 0.00000
0.00699 -0.01014
0.00000 0.00000
0.00000 0.00000
0.00000 0.00000
0.24736 -0.35859
0.02692 0.02763
0.12928 -0.18741
0.07884 -0.11429
0.00000 0.00000
0.00000 0.00000
-0.24073 -0.05184
-0.02250 0.00313
0.04908 0.14617
0.00000 0.00000
-0.29829 0.04145
0.00000 0.00000
0.00000 0.00000
0.07639 -0.11074
0.00000 0.00000
0.00000 0.00000
0.02519 -0.03652
0.00000 0.00000
-0.15400 -0.03316
-0.26714 -0.05753
0.00000 0.00000
0.22166 -0.32134
0.25900 -0.37547
0.00000 0.00000
0.00000 0.00000
0.00175 0.00281
0.02391 -0.01472
0.00000 0.00000
0.00000 0.00000
-0.09375 0.01303
-0.32358 -0.06968
-0.10094 -0.02174
0.23181 -0.33605
0.14180 -0.20556
0.00000 0.00000
0.27647 -0.40080
0.03873 -0.05615
0.00000 0.00000
0.00000 0.00000
0.02149 -0.03116
0.11232 -0.16283
-0.18910 0.02628
0.23012 0.36908
0.15087 0.24198
0.04231 -0.06133
0.18814 0.30176
0.00000 0.00000
0.04579 -0.06638
0.00000 0.00000
0.00000 0.00000
0.00000 0.00000
-0.10581 0.01470
0.20595 -0.29857
0.00000 0.00000
0.00000 0.00000
0.13009 -0.18860
0.03002 -0.04351
0.24369 -0.35328
0.00000 0.00000
0.10477 0.31204
0.06583 -0.09543
0.15906 0.25511
0.02879 0.08576
-0.48118 0.06687
0.12477 0.37161
0.00000 0.00000
0.16652 0.26708
0.17060 -0.24732
0.24469 -0.35472
0.00000 0.00000
-0.08506 0.15380
0.13196 0.21164
-0.05001 0.09042
0.12921 0.38482
0.00000 0.00000
0.00000 0.00000
0.00000 0.00000
0.06170 0.09896
0.15996 -0.23190
0.27645 0.44339
0.00000 0.00000
0.03419 0.05483
0.04464 -0.02748
0.00000 0.00000
-0.19864 0.02760
0.17043 -0.24707
0.00000 0.00000
-0.13289 -0.02862
0.00000 0.00000
0.06304 0.18775
-0.04295 0.03780
-0.12854 0.01786
0.03425 0.00450
0.00000 0.00000
0.13138 0.21072
0.02695 0.04323
0.00000 0.00000
0.00000 0.00000
0.00000 0.00000
0.00000 0.00000
-0.04168 -0.00898
0.02255 -0.03269
0.01528 0.23178
0.26557 -0.38500
0.00000 0.00000
0.00416 0.12351
0.00000 0.00000
0.00000 0.00000
0.00937 -0.01359
0.00000 0.00000
-0.16600 -0.03575
0.00048 -0.07482
0.00000 0.00000
0.00000 0.00000
0.00000 0.00000
0.00606 0.00622
-0.33612 0.04671
0.00000 0.00000
0.01906 0.03058
-0.05203 -0.01120
0.14867 0.23845
-0.15972 -0.03439
0.05675 -0.08227
0.00000 0.00000
0.19992 -0.28983
0.00000 0.00000
0.00000 0.00000
0.20830 -0.30198
0.06645 -0.09633
0.02891 0.04637
0.00000 0.00000
-0.02971 -0.00640
0.04769 0.07649
0.05019 -0.03089
-0.00112 -0.00006
-0.27683 0.03847
0.10147 0.16274
0.06731 0.10796
0.00000 0.00000
0.00000 0.00000
0.00000 0.00000
-0.29269 -0.06303
0.00000 0.00000
0.03037 0.00399
0.00000 0.00000
0.13001 -0.18848
0.00859 0.02559
0.08997 0.14430
0.00000 0.00000
0.04269 0.12713
0.00000 0.00000
0.08627 -0.12506
0.00000 0.00000
0.02994 0.08917
0.14390 -0.20861
0.06002 0.00788
0.13281 -0.19253
0.12496 0.20043
0.00000 0.00000
0.10837 -0.15710
-0.32435 0.04507
0.10215 0.01341
-0.08799 0.15909
0.00000 0.00000
0.00000 0.00000
0.00000 0.00000
0.00000 0.00000
0.01357 0.04040
-0.23369 -0.05032
0.00012 -0.01841
0.07531 -0.10918
0.00000 0.00000
0.14665 -0.21259
0.00071 -0.10970
0.12497 -0.18116
-0.16814 0.02337
0.16108 0.25834
-0.46367 0.06443
0.08143 0.13060
0.19159 0.30729
0.05634 0.09037
0.00000 0.00000
-0.03955 0.00550
0.00000 0.00000
0.00000 0.00000
0.00000 0.00000
0.00000 0.00000
0.00000 0.00000
0.00000 0.00000
0.00000 0.00000
0.00000 0.00000
0.00000 0.00000
0.00000 0.00000
0.00000 0.00000
0.00000 0.00000
0.00000 0.00000
0.00000 0.00000
0.22505 -0.32625
0.00000 0.00000
0.00000 0.00000
-0.39321 0.05464
0.06597 0.10581
0.20525 0.32919
0.00000 0.00000
0.19723 -0.28592
0.00000 0.00000
0.00000 0.00000
0.00000 0.00000
0.00000 0.00000
0.11065 0.17747
0.00000 0.00000
0.00000 0.00000
0.10752 0.32022
0.00000 0.00000
0.00376 -0.00546
-0.34814 -0.07497
0.00000 0.00000
0.00000 0.00000
0.00000 0.00000
0.00000 0.00000
0.01879 0.28504
-0.18772 0.02609
0.13110 0.21027
-0.24496 0.03404
-0.33816 0.04699
0.16334 0.16760
0.00000 0.00000
0.13074 -0.18953
0.05423 0.08697
-0.26696 -0.05749
0.04116 0.12259
0.06996 0.20834
0.00000 0.00000
0.10673 -0.15473
-0.14409 -0.03103
0.02291 -0.03322
-0.08094 0.14635
0.08827 -0.12796
0.10960 -0.15888
-0.30669 0.04262
0.15407 -0.22336
0.04121 0.12273
-0.21654 0.03009
-0.02383 0.05683
0.00075 0.00223
0.10251 0.16441
0.00242 0.07181
0.00000 0.00000
-0.10240 -0.02205
0.00000 0.00000
-0.19917 0.02768
0.17030 0.27314
0.11370 0.18236
0.00000 0.00000
-0.02726 -0.01349
0.12169 0.19517
0.00000 0.00000
0.00000 0.00000
-0.30953 -0.06665
0.05837 -0.08462
0.08886 -0.12881
0.14172 -0.20545
0.02815 -0.05215
0.17670 -0.25616
0.15001 -0.21747
0.00000 0.00000
0.00027 -0.04198
0.00000 0.00000
0.03309 0.09855
0.00000 0.00000
0.23998 0.38489
0.01255 -0.00772
0.03849 -0.05580
0.00000 0.00000
0.11567 0.18552
0.14740 -0.21369
0.13421 0.21525
0.00000 0.00000
0.01360 -0.01972
0.00021 -0.03198
0.01871 -0.02712
0.05295 0.08492
-0.02302 0.04162
0.00000 0.00000
-0.34329 -0.07392
0.00000 0.00000
0.05292 -0.07671
-0.33019 0.04588
-0.35364 0.04914
-0.26185 0.03639
-0.06759 -0.01455
0.09627 0.15440
-0.02138 0.00315
0.09261 0.27580
-0.15095 0.02098
-0.02760 -0.00594
0.00980 0.00129
0.11748 0.18842
0.00000 0.00000
0.00000 0.00000
0.00000 0.00000
0.06504 -0.09428
0.07526 -0.10911
0.00000 0.00000
-0.47663 0.06623
0.05249 -0.07610
0.00000 0.00000
0.06607 0.10596
-0.18404 0.02558
0.00000 0.00000
0.00572 0.01705
0.00000 0.00000
0.00000 0.00000
-0.44269 0.06152
0.04827 -0.02971
0.00000 0.00000
0.04374 -0.06341
0.00000 0.00000
-0.02424 0.02133
0.00000 0.00000
-0.15618 0.02170
0.24690 0.39599
0.00000 0.00000
0.00935 -0.01356
0.15839 -0.22962
-0.25185 0.03500
0.00885 0.01419
0.00000 0.00000
-0.32189 0.04473
0.04047 0.12052
0.00000 0.00000
-0.07586 0.13717
0.01004 -0.01456
0.21046 -0.30510
0.00000 0.00000
0.00000 0.00000
0.00000 0.00000
0.09857 -0.14290
-0.26114 0.03629
0.00000 0.00000
-0.05954 0.10765
-0.11901 0.01654
0.00000 0.00000
0.15023 -0.21779
-0.14104 0.01960
-0.14334 0.02112
0.00593 0.08998
0.00000 0.00000
0.09798 0.15715
0.00000 0.00000
0.00000 0.00000
0.20339 0.32620
-0.11978 0.01665
0.07091 0.07276
-0.04142 0.00576
0.00000 0.00000
0.12112 -0.17558
0.00000 0.00000
0.15232 0.24430
0.11481 0.18413
0.14030 0.22502
0.15669 -0.22715
-0.32751 -0.07053
0.12367 0.36832
0.03277 -0.04751
-0.00960 0.00632
0.00000 0.00000
0.00000 0.00000
0.11972 -0.17356
0.10660 0.31747
0.00000 0.00000
0.03222 -0.04671
0.17583 -0.25490
-0.08750 -0.01884
0.02415 0.03873
0.18601 0.29834
-0.33413 -0.07195
-0.29337 0.04077
0.02393 -0.03469
-0.01789 0.03234
-0.03747 0.00521
0.00000 0.00000
0.10369 -0.15032
-0.24583 -0.05294
0.00000 0.00000
0.09356 0.09601
0.04694 -0.06804
0.19470 0.31228
0.00000 0.00000
0.06762 -0.09803
0.02323 0.03726
-0.18977 0.02637
0.00000 0.00000
0.00000 0.00000
-0.25558 -0.05504
0.00000 0.00000
-0.10518 -0.02265
0.04482 0.07188
0.03839 -0.05566
0.00000 0.00000
0.00000 0.00000
0.00000 0.00000
0.00000 0.00000
-0.14622 0.02032
0.00000 0.00000
0.05857 0.17444
0.00000 0.00000
-0.04965 -0.02457
-0.12310 0.18168
0.00000 0.00000
0.00000 0.00000
-0.11753 -0.02531
0.10695 0.17153
0.00000 0.00000
0.14059 -0.20382
0.06138 -0.08899
0.27335 0.43842
-0.09093 -0.01958
0.02030 -0.02943
0.09505 -0.13779
0.00000 0.00000
0.25211 -0.36549
0.00365 -0.00530
-0.08936 -0.01924
-0.19105 0.02655
-0.36122 0.05020
0.00000 0.00000
-0.16509 0.02294
-0.15475 0.02150
0.08240 -0.11946
-0.19737 0.02743
-0.09124 -0.01965
0.00000 0.00000
0.00000 0.00000
-0.03293 0.00458
0.02780 0.04459
-0.40138 -0.08643
0.01365 0.02190
-0.17544 0.02438
0.00000 0.00000
0.00000 0.00000
0.13485 -0.19549
0.14382 0.23067
0.01825 -0.02646
0.00000 0.00000
-0.13196 -0.02842
-0.09914 0.01378
0.23288 -0.33760
0.01279 0.02052
0.00000 0.00000
-0.15379 -0.03312
0.00000 0.00000
0.12697 0.13028
0.02087 -0.03025
0.00000 0.00000
-0.29601 0.04113
0.07676 -0.11128
-0.27330 -0.05885
0.10449 -0.15148
0.00000 0.00000
0.00199 0.05901
-0.14784 -0.03184
0.08152 -0.11818
0.20798 0.33357
-0.06097 -0.01313
0.07999 0.23822
0.00000 0.00000
0.00000 0.00000
0.02901 0.04653
-0.26789 -0.05769
-0.11242 0.16592
0.22594 0.36238
0.00000 0.00000
0.13082 -0.18965
-0.00825 -0.00178
0.00000 0.00000
0.00000 0.00000
-0.08844 0.15992
-0.00209 0.00029
0.02377 0.03813
0.00000 0.00000
0.00000 0.00000
0.00000 0.00000
-0.16486 -0.03550
0.00000 0.00000
0.00000 0.00000
-0.07119 -0.10514
0.00000 0.00000
0.00000 0.00000
0.00245 0.00394
-0.17930 -0.03861
0.00000 0.00000
-0.03511 0.00488
-0.11346 0.20515
0.05291 -0.07670
0.10316 -0.06350
-0.16871 0.02345
0.03010 -0.01853
0.07778 0.12474
0.03659 -0.05305
-0.38468 0.05346
-0.20045 -0.04317
0.11616 -0.16839
0.05776 -0.08373
0.00000 0.00000
0.02455 -0.03559
0.00000 0.00000
0.25384 -0.36799
0.00313 0.09292
0.07776 0.12471
0.00000 0.00000
0.20602 -0.29867
0.00000 0.00000
0.00000 0.00000
-0.20784 0.02888
0.01062 0.03163
0.00000 0.00000
-0.05616 0.00780
0.00000 0.00000
0.08319 -0.12060
0.21649 -0.31385
0.13698 -0.19858
0.02150 -0.03117
0.00000 0.00000
0.10665 0.17105
0.06018 0.09652
0.06008 -0.08710
0.13393 0.21480
0.00000 0.00000
0.01214 -0.01760
0.03000 -0.04350
0.07349 -0.10654
-0.03738 -0.00805
0.00000 0.00000
-0.02971 0.00413
0.03359 -0.04869
0.00000 0.00000
0.00000 0.00000
0.00000 0.00000
-0.03418 -0.05049
0.03312 -0.04802
0.00000 0.00000
0.00000 0.00000
0.11704 0.01537
0.00000 0.00000
0.00000 0.00000
0.07977 0.12794
0.00000 0.00000
0.17243 0.27655
0.00000 0.00000
0.00000 0.00000
-0.04772 0.04200
0.00000 0.00000
0.00000 0.00000
0.00698 -0.01012
0.00000 0.00000
0.00000 0.00000
0.00000 0.00000
0.00000 0.00000
-0.09705 -0.02090
0.10942 0.32589
0.07152 0.21301
0.00684 0.20277
-0.05194 0.09391
0.07874 0.23450
-0.01392 -0.00689
0.00000 0.00000
-0.08674 0.01205
-0.29605 -0.06375
0.00000 0.00000
0.00004 -0.00597
0.01553 -0.02251
0.00000 0.00000
0.00000 0.00000
0.08922 -0.12934
0.00000 0.00000
0.00000 0.00000
0.00000 0.00000
0.00416 0.00427
-0.03403 -0.00733
0.02909 -0.04218
-0.24259 0.03371
0.13434 0.21546
0.12228 0.19612
0.03448 -0.04998
0.00000 0.00000
0.00000 0.00000
-0.06116 -0.01317
0.00000 0.00000
-0.27992 -0.06028
0.09519 -0.13800
-0.24965 -0.05376
0.00000 0.00000
0.00000 0.00000
0.00000 0.00000
0.00000 0.00000
0.00000 0.00000
0.20730 -0.30053
0.03446 -0.04995
0.06661 0.19837
0.00000 0.00000
0.01555 -0.02255
0.05003 -0.07253
0.00000 0.00000
0.00000 0.00000
0.26096 -0.37832
-0.04877 0.08819
-0.01077 0.00150
-0.27240 0.03785
-0.02148 0.03883
0.00000 0.00000
0.20592 -0.29852
0.17667 -0.25611
-0.40141 -0.08644
0.13707 0.21985
-0.04607 -0.02280
0.00116 -0.18039
0.00000 0.00000
0.00000 0.00000
0.00000 0.00000
-0.05685 -0.01224
0.10150 -0.14714
0.00000 0.00000
0.10457 -0.06437
0.00000 0.00000
0.00000 0.00000
-0.04381 0.00609
0.07013 0.20886
0.22866 -0.33149
0.00000 0.00000
-0.13505 0.01877
-0.08480 -0.01826
0.24325 -0.35263
0.00000 0.00000
0.09207 -0.13347
0.09226 0.14798
0.00000 0.00000
-0.23802 0.03308
0.00000 0.00000
0.07085 -0.10271
0.20356 0.32648
0.10690 -0.15498
0.16554 -0.23998
0.04576 0.07339
0.00000 0.00000
0.01849 -0.03425
0.00000 0.00000
0.02467 -0.03576
-0.02469 -0.00532
-0.14601 0.26400
0.14438 0.23156
0.00000 0.00000
0.00047 -0.07255
0.10431 0.31065
-0.41003 0.05698
0.00000 0.00000
0.02169 0.03479
0.12171 -0.17644
0.00069 -0.00100
0.06498 -0.09421
0.06772 -0.09817
-0.11454 0.20710
0.00000 0.00000
0.00000 0.00000
0.00000 0.00000
0.23522 -0.34100
-0.22214 -0.04783
0.05837 0.17383
0.20254 -0.29363
0.17022 -0.24677
-0.01684 0.00234
-0.15384 -0.03313
-0.22693 -0.04887
0.02954 -0.04283
0.01489 0.02388
0.21364 -0.30971
0.00000 0.00000
-0.20642 0.02869
-0.40112 0.05574
0.01350 0.20481
0.07040 0.11290
0.01929 -0.02797
-0.06312 0.11413
0.06719 0.20011
0.00000 0.00000
0.02349 0.02410
0.00000 0.00000
0.06783 -0.09834
-0.19145 -0.04123
0.00000 0.00000
0.00127 -0.00184
0.22427 -0.32512
0.04774 0.07657
0.13295 0.13642
0.08420 0.13504
0.00000 0.00000
0.14538 -0.21076
0.10504 -0.15227
-0.32905 -0.07086
0.00000 0.00000
0.00000 0.00000
0.13034 0.20904
-0.09727 -0.02095
-0.38523 0.05353
0.01071 0.03190
0.07930 0.12719
-0.06857 0.06035
0.00148 -0.00091
0.04427 -0.06418
0.00000 0.00000
-0.20588 0.02861
0.23364 -0.33871
-0.12793 -0.02755
-0.21379 0.02971
0.00660 0.10012
0.00000 0.00000
0.23582 -0.34187
0.06485 0.10402
0.00000 0.00000
0.07580 0.12157
0.00000 0.00000
0.05012 -0.07266
0.05971 0.09577
0.04688 -0.06796
0.12269 -0.17786
0.06571 0.10539
0.00000 0.00000
0.00000 0.00000
0.18314 -0.26549
-0.23036 0.03201
0.00278 0.08252
0.00000 0.00000
0.02498 -0.03621
-0.10566 -0.02275
0.00824 0.01321
0.00000 0.00000
0.00000 0.00000
-0.05306 0.07831
0.00000 0.00000
0.09394 -0.13618
-0.40244 0.05592
0.01463 0.04357
0.00000 0.00000
0.00000 0.00000
-0.18282 -0.03937
0.14058 -0.20380
0.04609 -0.06681
-0.33433 0.04646
0.15878 -0.23019
0.00000 0.00000
0.16559 0.26558
0.11315 -0.16403
-0.32162 0.04469
0.07618 -0.11043
0.00000 0.00000
0.00000 0.00000
0.00000 0.00000
-0.05655 0.00786
-0.23842 -0.05134
0.18491 -0.26806
0.08980 -0.13018
0.00000 0.00000
0.04301 -0.06235
0.03113 -0.04514
-0.15870 0.02205
0.00000 0.00000
0.00000 0.00000
0.12239 -0.17742
-0.38022 0.05284
0.08530 0.13681
-0.04415 -0.00951
-0.07343 0.02838
-0.12424 0.22463
0.00000 0.00000
-0.05182 -0.01116
0.00000 0.00000
-0.07061 -0.01521
0.01737 0.26346
-0.05020 0.09077
0.17046 -0.24712
0.00000 0.00000
-0.05770 -0.01243
0.00000 0.00000
-0.39763 0.05526
0.09286 0.14894
-0.02872 -0.00618
0.00000 0.00000
-0.26152 -0.05632
0.16936 0.27163
0.00000 0.00000
-0.23418 -0.05043
0.00000 0.00000
-0.22686 0.03152
0.00000 0.00000
0.00000 0.00000
0.03234 -0.04688
0.13559 -0.19657
0.05891 0.09448
0.00000 0.00000
0.04015 0.04120
0.00794 0.02364
0.00000 0.00000
0.04305 0.12822
0.00606 0.01805
0.00000 0.00000
0.00000 0.00000
0.12958 -0.18786
-0.02430 -0.00523
-0.12237 0.01701
0.00000 0.00000
-0.02241 0.03307
0.09483 -0.13748
-0.01771 0.00246
0.00039 -0.06053
0.05513 0.16420
-0.28228 0.03923
0.17096 -0.24784
0.13194 0.39294
0.08751 -0.12686
0.00000 0.00000
0.02417 0.07199
0.21605 0.34651
0.00000 0.00000
0.10064 0.29972
-0.07855 0.01092
0.00000 0.00000
0.03312 0.05312
-0.04099 -0.00883
0.02063 -0.02991
0.00000 0.00000
0.00000 0.00000
0.00000 0.00000
0.00106 -0.00065
0.00597 0.01779
0.14566 0.23362
0.00000 0.00000
0.00000 0.00000
0.07984 -0.11574
0.00658 0.19520
0.00000 0.00000
-0.26858 -0.05784
0.00000 0.00000
0.00000 0.00000
0.00047 -0.07330
0.14028 0.22499
0.20142 -0.29200
0.00000 0.00000
-0.36556 0.05080
-0.11132 -0.02397
0.00000 0.00000
0.19910 -0.28864
0.00000 0.00000
0.09837 -0.14260
0.19163 -0.27780
0.00000 0.00000
0.12415 -0.17998
0.00000 0.00000
0.00000 0.00000
0.16621 -0.24095
-0.05983 -0.01288
0.00000 0.00000
-0.21273 0.02956
-0.21874 0.03222
-0.25608 0.03559
0.00000 0.00000
-0.44020 0.06117
0.10358 -0.15015
-0.01235 -0.00266
0.00000 0.00000
0.15883 -0.23025
0.00000 0.00000
0.06209 -0.09001
0.02499 0.04007
0.00000 0.00000
0.25363 -0.36769
0.06361 -0.09222
0.24377 -0.35340
0.00000 0.00000
-0.27141 -0.05844
0.00012 0.00342
-0.36865 0.05123
0.00000 0.00000
0.00000 0.00000
0.08446 0.25155
0.07637 0.12249
0.00000 0.00000
0.09693 -0.14052
0.06385 -0.09256
0.05084 -0.07371
0.05319 -0.07711
0.02357 -0.03416
-0.07327 0.01018
0.25444 0.40809
0.00000 0.00000
0.13515 0.40250
0.10596 -0.15360
0.03626 0.10800
-0.03365 0.06085
-0.04074 0.00566
0.00720 0.01155
0.00000 0.00000
-0.25598 0.03557
0.00000 0.00000
0.19078 -0.27657
0.20143 -0.29201
-0.34111 0.04740
0.01171 0.01879
0.09992 0.16025
-0.24047 -0.05178
0.00366 0.10862
0.00000 0.00000
0.00000 0.00000
0.06876 -0.09968
0.00000 0.00000
-0.21075 0.02929
0.00000 0.00000
0.00000 0.00000
-0.44918 -0.09673
0.06179 -0.08958
-0.48417 0.06728
-0.10789 0.01499
0.00000 0.00000
0.09409 -0.13640
-0.13279 0.24009
0.00000 0.00000
0.26847 -0.38919
0.04802 0.07702
0.01863 0.05547
0.08738 -0.12667
0.00000 0.00000
0.00000 0.00000
0.06628 0.10630
0.00000 0.00000
0.00479 0.07262
0.00000 0.00000
-0.18963 0.02635
0.24208 0.38826
-0.03146 0.05688
0.00000 0.00000
0.10973 -0.15907
0.00000 0.00000
0.00000 0.00000
0.16273 0.26099
0.00000 0.00000
0.01641 -0.02379
-0.21036 0.02923
0.02368 0.35930
-0.28077 -0.06046
-0.00385 -0.00083
0.00000 0.00000
-0.08646 0.01201
0.27022 -0.39173
0.00000 0.00000
-0.24879 0.03457
-0.41094 0.05711
-0.13140 0.01826
0.00000 0.00000
-0.40702 0.05656
0.00000 0.00000
-0.06185 -0.00350
0.00000 0.00000
0.00000 0.00000
-0.08962 0.16204
0.00000 0.00000
0.00000 0.00000
-0.04227 -0.00910
-0.14192 -0.03056
0.10285 -0.14910
0.13855 -0.20085
-0.40809 -0.08788
-0.10408 -0.02241
0.02965 -0.04298
0.00000 0.00000
0.00000 0.00000
0.03666 0.05880
0.00000 0.00000
-0.20539 0.02854
0.03529 -0.02172
0.00000 0.00000
-0.21321 0.02963
0.09608 -0.13928
0.16634 -0.24114
-0.20795 0.02890
-0.02614 0.04726
0.08478 -0.12291
0.00000 0.00000
0.00000 0.00000
0.15260 0.24475
0.07842 0.23356
0.00000 0.00000
0.07773 0.12467
0.00000 0.00000
0.07256 0.21611
0.00000 0.00000
-0.16005 0.02224
0.09341 0.14982
0.00000 0.00000
0.00000 0.00000
0.00000 0.00000
0.00000 0.00000
-0.18559 0.02579
-0.44199 0.06142
0.00000 0.00000
0.00000 0.00000
-0.29515 -0.06356
-0.34959 0.04858
0.03164 -0.04587
0.00112 -0.17399
-0.12895 -0.02777
-0.01825 0.00254
0.00000 0.00000
0.03095 0.00406
0.00000 0.00000
0.10336 0.16577
0.25696 -0.37251
-0.15777 0.02192
0.13746 -0.19927
-0.05872 -0.02906
0.06695 -0.09706
0.00000 0.00000
0.00000 0.00000
-0.01522 -0.00753
-0.12039 -0.02592
-0.15502 -0.03338
-0.23378 -0.05034
0.13470 -0.19527
0.22072 -0.31997
0.01857 -0.02692
0.00000 0.00000
0.15263 -0.22126
-0.01918 0.02831
0.00000 0.00000
0.00000 0.00000
-0.22784 0.03166
-0.36975 0.05138
0.08822 -0.12789
0.00000 0.00000
0.00000 0.00000
0.02204 0.03535
0.00000 0.00000
0.04456 0.07147
-0.14600 -0.03144
0.02228 0.02286
0.17026 -0.24683
-0.04188 0.00582
0.03020 -0.04379
0.00526 0.01567
-0.11324 -0.05604
0.00000 0.00000
-0.16830 -0.03624
0.00000 0.00000
-0.18828 0.02616
0.07600 -0.11018
0.09589 -0.13901
0.11086 0.17781
-0.05457 0.00758
0.01699 0.02724
-0.10262 0.01426
0.02206 -0.03198
0.07330 0.00962
0.11258 -0.16320
0.12591 -0.18253
0.23604 -0.34218
0.00000 0.00000
0.18041 0.28935
-0.03793 -0.00817
0.00000 0.00000
0.13736 0.22030
0.09547 -0.13840
0.08029 0.12877
0.00000 0.00000
0.00000 0.00000
0.00000 0.00000
0.05587 -0.08100
-0.15798 -0.03402
0.09580 -0.13888
0.00000 0.00000
0.11670 0.18717
0.17140 0.27489
0.07460 0.11964
-0.09611 -0.02070
-0.03470 -0.00196
0.00000 0.00000
-0.07085 0.00985
0.00000 0.00000
0.13764 -0.19954
0.26086 -0.37817
0.13898 -0.20147
0.18138 -0.26294
0.00000 0.00000
-0.12806 0.01780
0.02921 -0.04235
-0.21141 0.02938
0.06086 -0.08823
0.06215 -0.09010
0.05852 -0.08483
0.00000 0.00000
-0.03191 0.00443
-0.11977 0.01664
0.00000 0.00000
0.00000 0.00000
0.00000 0.00000
0.05434 0.05576
0.00000 0.00000
-0.00676 0.00261
0.00000 0.00000
0.00550 0.00882
0.07316 -0.10606
0.00000 0.00000
0.12788 -0.18539
0.00000 0.00000
-0.22280 -0.04798
0.05341 0.15906
0.08535 -0.12373
0.00000 0.00000
-0.09645 -0.02077
0.00000 0.00000
0.12004 0.35752
0.05424 -0.07863
0.15042 -0.21807
0.00000 0.00000
-0.08060 0.14573
0.13165 -0.19086
0.02804 -0.04064
0.00000 0.00000
0.05934 0.09518
0.00578 -0.00838
-0.10049 0.18170
0.00441 0.00708
0.00000 0.00000
-0.20223 0.02810
-0.51084 0.07099
-0.03164 0.05722
0.00000 0.00000
0.20374 0.32677
0.00000 0.00000
-0.02008 0.02963
0.06169 0.09894
-0.26205 -0.05643
0.00000 0.00000
-0.00642 0.00565
0.04629 0.13787
0.00603 -0.00873
-0.00031 0.00056
0.21484 -0.31145
0.12359 0.36808
-0.04413 -0.00950
0.08967 0.26704
0.16219 -0.23513
0.00433 0.01289
0.05211 0.15521
0.14948 -0.21670
0.00000 0.00000
0.00000 0.00000
0.17017 -0.24670
0.08269 -0.11987
0.08578 -0.12435
-0.02622 0.00364
0.00000 0.00000
0.04399 -0.06378
-0.12182 0.01693
0.06314 0.10126
-0.00459 -0.00099
0.20621 0.33073
-0.16542 0.02299
-0.08702 -0.04306
0.00000 0.00000
0.00000 0.00000
0.00000 0.00000
-0.09228 -0.01987
0.00012 -0.01786
0.00000 0.00000
0.01806 0.27395
0.15957 0.25593
0.02235 0.03584
0.00000 0.00000
0.15283 -0.22155
0.00036 -0.05617
0.00000 0.00000
-0.28228 0.03923
0.15752 -0.22835
0.01429 0.01467
-0.02507 0.00348
0.00000 0.00000
0.26725 0.42862
0.03466 -0.06422
0.00000 0.00000
0.00000 0.00000
0.00000 0.00000
0.00000 0.00000
0.15125 0.24258
0.22060 -0.31981
0.12814 -0.18576
0.00000 0.00000
0.00000 0.00000
0.00000 0.00000
0.04382 0.07027
-0.21241 0.02952
0.05082 0.08150
-0.33745 0.04689
-0.09145 -0.01969
0.00000 0.00000
0.00000 0.00000
0.19385 -0.28102
0.00000 0.00000
0.21664 -0.31406
0.02107 -0.03055
-0.01491 -0.00321
-0.31791 0.04418
0.00552 0.00885
0.15186 -0.22015
0.00672 -0.00975
0.00000 0.00000
0.00000 0.00000
0.00000 0.00000
-0.05256 0.00730
0.00000 0.00000
0.13188 -0.19119
0.02286 0.06809
0.15534 0.24915
0.13999 -0.20294
0.09244 0.14826
0.09213 0.14777
-0.13171 0.01830
0.11762 0.18865
0.08570 -0.05275
0.00000 0.00000
0.00000 0.00000
0.06372 -0.09237
0.21329 0.34209
0.12554 -0.18200
-0.04867 0.00717
0.00000 0.00000
0.00000 0.00000
0.00000 0.00000
0.00000 0.00000
0.00000 0.00000
0.00000 0.00000
0.07692 0.12336
0.11871 -0.17209
0.00000 0.00000
-0.09338 0.01376
0.00000 0.00000
0.00701 0.20788
0.00000 0.00000
0.00000 0.00000
0.00000 0.00000
0.05365 0.08605
0.00000 0.00000
0.06989 0.07171
0.00000 0.00000
-0.04637 0.06844
-0.09433 0.01311
0.00297 0.00476
0.15601 0.25023
0.00000 0.00000
0.00000 0.00000
0.16334 0.26198
-0.15173 0.02108
0.01082 -0.01568
0.13185 -0.19114
0.00000 0.00000
0.00000 0.00000
-0.06481 0.05704
-0.06207 0.00863
0.00000 0.00000
-0.22774 -0.04904
-0.41238 0.05731
0.00000 0.00000
0.00000 0.00000
0.23977 0.38456
-0.24837 -0.05348
0.09316 -0.13505
-0.17164 0.02385
0.04416 -0.06401
0.00000 0.00000
0.00000 0.00000
0.00000 0.00000
0.00000 0.00000
0.00000 0.00000
0.09290 -0.13467
0.27173 -0.39392
0.00000 0.00000
0.07928 0.12715
0.22560 -0.32705
-0.23969 0.03331
-0.43954 -0.09465
-0.20672 -0.04452
0.08965 0.14378
0.15900 -0.23049
-0.01617 0.00225
0.04619 0.13757
0.05847 -0.08476
0.01038 0.30800
0.05888 -0.08536
0.04799 0.07697
-0.06022 0.02327
0.04791 0.14269
0.00000 0.00000
0.00000 0.00000
0.21036 -0.30495
0.15323 0.24577
0.03339 -0.06186
-0.07616 0.11240
0.17445 -0.25290
0.09886 0.29443
0.25412 -0.36839
-0.30347 0.04217
0.04694 -0.06805
0.24976 -0.36208
-0.10736 0.01492
0.00000 0.00000
-0.01496 -0.00322
0.00000 0.00000
-0.28492 -0.06136
0.27403 -0.39726
0.10633 -0.15414
0.00000 0.00000
0.01138 0.33759
0.14919 -0.21628
0.00000 0.00000
0.00000 0.00000
0.00000 0.00000
-0.14148 0.01966
0.00000 0.00000
-0.02036 0.03681
0.00000 0.00000
0.00000 0.00000
0.19890 -0.28835
0.14641 -0.21225
-0.41442 0.05759
-0.35711 -0.07690
-0.10361 0.01440
0.24847 -0.36020
0.00000 0.00000
0.02491 0.03995
-0.39053 0.05427
0.14248 0.22852
0.00000 0.00000
0.00000 0.00000
0.00000 0.00000
-0.25139 -0.05413
-0.05785 -0.01246
0.00000 0.00000
-0.43406 0.06032
0.00000 0.00000
-0.02461 0.04450
-0.03428 0.00476
0.13914 -0.20171
-0.07090 0.12819
0.00000 0.00000
0.00758 -0.01099
0.00000 0.00000
0.00000 0.00000
0.00000 0.00000
-0.33710 0.04684
0.00000 0.00000
0.00000 0.00000
0.00000 0.00000
0.13567 -0.19669
0.00000 0.00000
0.00434 -0.00629
-0.04599 -0.00260
-0.17005 -0.03662
-0.34879 0.04847
0.00000 0.00000
0.23407 0.37541
0.07215 -0.10459
0.08756 -0.12693
-0.04654 -0.01002
0.27431 0.43996
-0.08388 -0.01806
0.00000 0.00000
-0.07893 0.01097
0.00000 0.00000
0.00000 0.00000
0.00000 0.00000
0.00000 0.00000
0.00000 0.00000
0.08693 -0.12602
0.03688 -0.05347
-0.17327 -0.03731
0.00953 0.14458
-0.35248 0.04898
0.00000 0.00000
0.00000 0.00000
0.00000 0.00000
0.07562 -0.10963
-0.23089 -0.04972
0.10669 0.17112
0.00000 0.00000
0.00000 0.00000
0.00680 -0.00985
0.00000 0.00000
0.00000 0.00000
-0.03714 0.00516
0.00420 -0.00609
-0.14721 -0.03170
0.15371 -0.22283
0.10784 -0.15634
0.00000 0.00000
0.15310 -0.22195
0.00000 0.00000
0.23222 -0.33665
-0.21157 -0.04556
0.00000 0.00000
0.00114 0.03375
0.11331 0.18174
0.00000 0.00000
-0.15108 -0.07477
0.00000 0.00000
0.00365 0.00586
0.00000 0.00000
0.12694 -0.18402
-0.10949 -0.02358
0.00000 0.00000
-0.41990 0.05835
0.00000 0.00000
0.00000 0.00000
0.07183 0.21394
0.04279 0.12743
0.10972 -0.15906
0.00000 0.00000
0.17934 -0.25999
0.02465 0.07340
0.00594 0.00609
-0.15205 -0.00860
0.08669 0.13905
-0.00651 0.01176
0.00000 0.00000
0.11042 0.32885
0.00000 0.00000
0.00000 0.00000
0.05517 0.05661
0.00000 0.00000
0.05271 -0.07641
0.11017 -0.15972
0.00000 0.00000
0.01958 0.29704
0.00000 0.00000
0.16393 -0.23764
0.00000 0.00000
0.00000 0.00000
0.05842 0.09370
0.00000 0.00000
0.13568 -0.19670
-0.28719 0.03991
0.00000 0.00000
0.10573 -0.15328
0.00000 0.00000
-0.37394 0.05196
-0.23964 -0.05160
0.00000 0.00000
-0.01472 -0.00729
0.04496 0.07212
-0.39706 0.05518
0.20839 -0.30210
0.01654 -0.02398
0.00000 0.00000
0.12448 -0.18045
0.18540 0.29736
0.00000 0.00000
-0.09162 0.16566
0.18272 -0.26489
0.14040 -0.20354
0.04438 0.07119
0.01497 0.01536
0.03594 0.05764
0.00034 -0.05204
0.00000 0.00000
0.00000 0.00000
-0.18468 -0.03977
0.14259 0.22869
-0.11283 -0.02430
0.08276 0.13274
0.26738 -0.38761
0.14069 0.22566
0.02676 0.07969
0.14271 -0.20688
0.00000 0.00000
0.00000 0.00000
0.17175 0.27546
0.24775 -0.35916
0.00784 0.11896
0.00000 0.00000
0.06552 0.10508
0.00569 0.16888
0.00000 0.00000
-0.20677 -0.04453
0.00000 0.00000
0.02175 -0.03153
-0.10862 0.19640
0.01930 -0.02798
0.11799 0.18924
-0.13915 0.01934
0.00000 0.00000
-0.01641 -0.00353
-0.01425 -0.00081
-0.05057 -0.01089
0.00000 0.00000
0.07992 0.01049
0.00000 0.00000
0.00000 0.00000
0.00000 0.00000
0.15688 -0.22742
-0.32916 -0.07088
0.11370 -0.16483
0.02531 0.04059
0.00046 -0.07066
-0.04394 0.00611
0.00000 0.00000
-0.07787 0.01082
0.16913 0.27127
0.00000 0.00000
0.18386 0.29488
-0.23437 0.03257
0.02439 0.00320
0.00000 0.00000
0.11622 0.18640
0.10481 -0.06452
-0.07883 0.14254
-0.11493 0.01597
-0.26583 0.03694
0.00000 0.00000
0.00000 0.00000
0.00000 0.00000
-0.09784 -0.02107
0.03994 -0.05790
0.00000 0.00000
0.05614 0.05761
-0.15090 -0.03250
0.00000 0.00000
0.00000 0.00000
-0.02212 0.03265
0.00000 0.00000
0.00000 0.00000
0.07389 0.11851
-0.00630 0.00554
0.00416 0.00668
-0.07317 -0.10807
0.00000 0.00000
0.06050 -0.08770
0.10473 -0.15182
-0.21160 0.02940
0.17769 0.28499
0.00000 0.00000
0.03069 -0.04449
0.20478 -0.29687
0.00000 0.00000
0.03913 -0.05672
0.00000 0.00000
-0.29145 -0.06276
0.00000 0.00000
0.00000 0.00000
-0.02376 -0.01176
0.11333 0.33753
-0.22742 0.03160
0.07789 0.23198
-0.40266 0.05595
0.00000 0.00000
0.10894 -0.15793
0.00000 0.00000
0.00000 0.00000
-0.13824 -0.06842
0.04206 -0.06098
0.08912 0.14294
0.00000 0.00000
0.06074 -0.08806
-0.08005 -0.03962
0.03140 -0.04552
0.00000 0.00000
-0.35182 0.04889
-0.00762 -0.01125
0.09699 -0.14061
0.06600 0.10586
0.00915 0.00939
0.00000 0.00000
-0.36807 -0.07926
0.00000 0.00000
0.00440 -0.00638
0.00000 0.00000
0.00791 0.02356
0.00000 0.00000
0.07306 -0.10591
0.00000 0.00000
0.00000 0.00000
0.05683 0.00746
0.00000 0.00000
0.00525 -0.00761
0.02630 -0.03812
0.07681 -0.11134
-0.02353 0.00327
-0.00104 -0.00154
0.00000 0.00000
0.06498 -0.09421
0.00000 0.00000
0.15696 -0.22754
0.13833 -0.20053
0.00000 0.00000
-0.42888 0.05960
0.00000 0.00000
0.15945 -0.23116
0.00000 0.00000
0.11203 0.17968
0.08759 0.14048
-0.02454 0.04438
-0.10945 -0.00619
0.00000 0.00000
0.01264 0.02027
-0.20698 -0.04457
0.00000 0.00000
-0.03980 -0.00857
0.06724 -0.09747
-0.35594 0.04946
0.03280 -0.02019
0.00000 0.00000
0.04966 -0.07199
0.00037 -0.05727
0.00000 0.00000
-0.44151 0.06135
0.18654 -0.27043
0.00000 0.00000
0.00000 0.00000
0.09377 -0.13594
0.00000 0.00000
-0.41506 0.05768
0.21262 -0.30824
0.00000 0.00000
-0.10077 -0.02170
-0.15839 -0.03411
-0.10678 -0.00604
0.00000 0.00000
0.11401 -0.16528
-0.17801 0.02474
0.04640 -0.06726
0.05794 0.17256
0.00000 0.00000
0.00000 0.00000
-0.09003 -0.04456
0.00000 0.00000
0.00489 0.14501
0.23473 -0.34028
0.09392 0.15064
0.11941 0.19151
0.00622 0.18446
-0.10065 -0.02167
0.03857 -0.05592
0.21332 0.34214
-0.29690 0.04126
-0.43650 0.06066
-0.08581 0.15515
0.26929 -0.39039
0.26639 -0.38619
0.04052 -0.05875
-0.02831 0.05119
0.16202 0.25986
-0.15063 0.02093
0.00000 0.00000
0.21967 0.35233
0.00123 0.00366
0.00000 0.00000
0.04704 0.07544
0.07768 -0.11261
0.00000 0.00000
-0.02588 0.04680
0.08830 -0.12801
0.00000 0.00000
0.10959 0.32640
-0.15991 0.02222
-0.06457 0.00897
0.01184 0.03525
0.00000 0.00000
0.14192 -0.20574
0.02796 0.00367
0.06010 -0.08713
0.16729 0.26831
0.15980 0.25630
0.04118 -0.05970
0.00122 0.03613
0.11910 -0.17266
0.01129 -0.01637
0.05026 -0.03094
0.00000 0.00000
0.00000 0.00000
0.00000 0.00000
0.04817 -0.06984
0.00835 -0.01210
0.01354 -0.01962
0.17715 -0.25681
0.00000 0.00000
0.15783 0.25314
-0.32612 0.04532
0.00000 0.00000
-0.09728 -0.02095
0.03351 -0.04857
0.00000 0.00000
0.14535 0.23312
-0.17821 -0.03837
0.00802 -0.01163
0.00000 0.00000
-0.02778 0.05023
-0.12178 0.22018
0.09366 0.27896
0.15199 0.45266
0.24295 -0.35221
0.28449 -0.41242
0.20239 -0.29341
0.00000 0.00000
0.06004 -0.08704
0.10679 -0.15481
-0.01706 0.01123
0.00000 0.00000
0.05191 -0.07526
0.13977 -0.20263
-0.15393 0.02139
-0.24711 -0.05321
0.00000 0.00000
-0.45946 0.06385
0.23072 -0.33448
0.17948 -0.26019
0.09333 -0.13530
-0.21864 0.03038
0.00000 0.00000
0.12853 -0.18632
0.16225 0.16649
-0.13292 0.24034
0.01342 0.03998
0.00000 0.00000
0.21743 -0.31521
0.00000 0.00000
0.15555 0.24948
0.00668 0.19810
0.07398 -0.10725
0.03441 -0.04988
0.00000 0.00000
-0.05628 -0.02786
-0.02322 -0.01149
0.00000 0.00000
0.16799 0.26944
0.07425 0.07619
0.00347 -0.00503
0.02294 0.06833
0.03727 0.03824
-0.22665 0.03150
0.10135 -0.14692
0.06771 -0.09816
-0.05570 0.08220
-0.24318 -0.05237
0.00000 0.00000
0.08995 -0.13040
0.00085 0.00136
0.00000 0.00000
0.00000 0.00000
0.00000 0.00000
0.24552 -0.35593
0.09589 -0.13902
0.01241 0.36810
-0.39917 -0.08596
0.00000 0.00000
0.00000 0.00000
0.20982 -0.30417
0.10902 0.17485
-0.19703 0.02738
0.00880 0.01411
0.00000 0.00000
0.01257 0.02016
0.00000 0.00000
-0.15024 -0.03235
0.14825 0.23777
-0.22930 -0.04938
0.00000 0.00000
-0.16802 0.06494
0.00000 0.00000
-0.24541 -0.05285
-0.00133 0.00196
0.04113 0.06597
0.13898 0.41390
-0.23096 -0.04973
-0.09029 -0.01944
0.12372 0.36848
-0.09027 0.16322
0.05403 -0.07833
-0.30026 0.04172
0.00000 0.00000
0.11715 0.34889
-0.10926 0.04223
-0.07325 -0.01577
0.04501 0.07218
-0.06656 0.12034
0.20988 -0.30426
-0.30744 0.04272
-0.22079 -0.04754
0.00046 0.01352
-0.10481 0.04051
0.00000 0.00000
0.09116 -0.13215
0.23624 0.37890
0.00197 0.05847
0.16411 0.26320
0.11929 0.35528
-0.20098 0.02793
0.00000 0.00000
-0.36232 -0.07802
-0.00943 -0.00203
0.00000 0.00000
0.00000 0.00000
0.05298 -0.07680
0.19091 0.30619
0.22704 -0.32914
0.00000 0.00000
0.00118 -0.18319
0.03009 -0.01852
-0.15099 0.02098
0.04534 -0.06573
-0.06907 0.00960
-0.14155 0.01967
-0.41780 -0.08997
0.00046 0.01378
0.04994 -0.07240
-0.02995 0.01157
0.09092 0.14582
0.15214 -0.22055
-0.03507 0.06342
-0.33928 -0.07306
0.00000 0.00000
-0.04746 0.08582
0.08139 -0.11799
0.00000 0.00000
-0.33347 0.04634
-0.07199 -0.10633
0.00000 0.00000
-0.38838 0.05397
-0.15390 0.02139
0.17981 0.28838
0.00000 0.00000
0.00000 0.00000
0.07945 0.12742
0.10628 0.17046
-0.11868 0.01649
0.00000 0.00000
0.16441 -0.23835
0.01528 0.00201
0.18659 -0.27049
-0.03654 0.00508
-0.09488 0.17155
0.12482 -0.18095
0.00000 0.00000
0.06779 -0.09828
0.10474 0.16799
0.00000 0.00000
-0.02053 -0.00442
0.00189 0.00564
0.08091 -0.11730
0.00000 0.00000
-0.20886 0.02902
-0.03261 0.00453
0.00000 0.00000
0.01703 -0.02469
0.04398 0.07053
-0.21565 0.02997
0.00000 0.00000
0.01934 -0.02804
0.00000 0.00000
-0.11825 0.01742
0.00000 0.00000
0.11020 -0.15976
0.02920 -0.04233
0.00000 0.00000
0.00000 0.00000
0.00000 0.00000
0.02901 0.00381
0.00000 0.00000
-0.27458 -0.05913
-0.01905 -0.00410
0.00000 0.00000
0.12497 0.20044
0.00000 0.00000
0.14644 0.15027
-0.50855 0.07067
0.00000 0.00000
0.01796 0.02881
0.13393 -0.19416
-0.37617 0.05227
0.00000 0.00000
0.05482 -0.07947
0.13977 0.22417
-0.30117 -0.06485
0.00119 0.00191
0.00000 0.00000
0.15375 -0.22288
0.12988 -0.18828
0.05312 -0.07701
0.00000 0.00000
0.00000 0.00000
-0.07532 0.01047
0.00000 0.00000
0.00000 0.00000
0.00000 0.00000
0.00000 0.00000
0.10704 -0.15517
-0.13009 0.23522
0.02288 0.00300
0.15859 -0.09762
0.00000 0.00000
0.00000 0.00000
0.16814 0.26967
0.00000 0.00000
0.08009 0.12845
0.02420 0.07206
-0.35330 0.04910
0.21368 0.34272
0.00000 0.00000
0.03396 -0.04924
0.00000 0.00000
-0.08694 -0.01872
0.00000 0.00000
0.04253 0.04364
0.00000 0.00000
-0.29548 0.04106
0.20096 -0.29132
0.04738 -0.06869
0.05655 -0.08198
0.00000 0.00000
0.00000 0.00000
-0.23351 0.03245
0.12027 0.35818
0.00000 0.00000
0.06268 0.10053
0.00000 0.00000
0.00000 0.00000
-0.26519 -0.05711
0.00000 0.00000
0.00000 0.00000
0.00000 0.00000
0.14371 -0.20833
0.00000 0.00000
0.06412 0.10284
0.13361 -0.19369
-0.31285 0.04347
0.00007 -0.01008
0.06485 0.19314
-0.24592 0.03417
0.00000 0.00000
-0.22791 0.03167
0.00000 0.00000
0.00000 0.00000
-0.05846 0.10570
0.00000 0.00000
0.10975 -0.15910
0.00000 0.00000
0.15697 -0.22756
0.00000 0.00000
0.00000 0.00000
0.00000 0.00000
-0.18080 0.02512
-0.18260 -0.09037
0.00000 0.00000
0.12231 -0.17731
0.15221 0.24412
-0.26823 0.03727
0.00000 0.00000
-0.36180 0.05028
0.02709 -0.03927
0.00000 0.00000
0.00000 0.00000
0.02932 0.04702
0.00000 0.00000
0.00000 0.00000
0.00000 0.00000
0.00000 0.00000
-0.05412 -0.01165
0.00000 0.00000
0.12679 0.37760
-0.12442 -0.02679
0.03647 -0.05287
0.00000 0.00000
-0.05099 0.00709
0.04029 0.12000
0.00000 0.00000
0.04491 -0.06511
0.00000 0.00000
-0.30862 0.04289
0.00000 0.00000
0.00871 0.25840
0.00000 0.00000
0.00000 0.00000
-0.06353 -0.01368
0.04236 -0.06141
0.17171 -0.24893
0.00000 0.00000
0.06278 -0.09101
0.00000 0.00000
0.21687 -0.31440
0.00000 0.00000
0.00000 0.00000
0.05061 -0.07337
0.00000 0.00000
0.00000 0.00000
0.18716 -0.27132
-0.16638 -0.03583
0.00199 0.05897
-0.18469 -0.03977
0.01140 -0.01653
0.02073 0.03325
0.00000 0.00000
0.11057 0.32932
-0.00074 -0.00016
0.11175 0.33283
0.00000 0.00000
0.00000 0.00000
0.12279 -0.17801
-0.17160 -0.03695
0.00000 0.00000
0.00000 0.00000
-0.17952 0.02495
0.00664 0.01066
0.00000 0.00000
0.00000 0.00000
0.00000 0.00000
0.00000 0.00000
-0.03865 0.06988
0.00000 0.00000
0.00000 0.00000
0.00934 -0.01353
0.00000 0.00000
-0.03809 0.06888
0.00000 0.00000
0.00000 0.00000
0.14511 -0.21036
0.00000 0.00000
-0.12054 0.01675
0.13667 0.14024
0.00000 0.00000
0.00000 0.00000
0.17524 0.28106
0.00940 0.01508
-0.27884 0.03875
-0.36272 -0.07811
-0.10051 -0.02164
0.14058 0.22547
0.00000 0.00000
0.00000 0.00000
0.00000 0.00000
0.00000 0.00000
0.03421 -0.04960
0.03519 -0.06519
-0.19934 0.02770
0.03980 0.06384
0.00000 0.00000
0.12966 0.20796
0.00000 0.00000
0.08231 0.13202
0.13959 0.22389
0.03655 0.10887
0.06881 -0.09976
0.00000 0.00000
0.06760 -0.09799
-0.47710 0.06630
0.00000 0.00000
-0.12118 -0.02610
0.00000 0.00000
-0.39147 0.05440
0.00000 0.00000
0.00000 0.00000
-0.31265 0.04345
-0.02011 0.00296
-0.34282 -0.07382
-0.08634 -0.01859
0.00000 0.00000
0.03681 -0.05337
0.19231 0.30844
0.00477 0.14150
0.05922 0.09499
-0.06218 0.00864
0.00000 0.00000
0.00000 0.00000
-0.16666 -0.03589
0.06285 -0.09111
0.00000 0.00000
-0.36305 -0.07818
0.00000 0.00000
0.00582 -0.00843
0.01025 0.01644
-0.38832 -0.08362
0.14171 0.14540
0.07663 0.12291
0.03718 -0.05390
0.08352 0.13395
-0.29547 -0.06363
0.23674 -0.34320
-0.25248 0.03509
0.11203 -0.16241
0.03998 -0.05795
0.00935 0.02786
-0.17680 -0.08750
0.01187 0.03535
0.00000 0.00000
0.06702 0.19961
0.21226 -0.30771
-0.01590 0.02874
-0.23502 0.03266
-0.11976 0.04629
0.08961 -0.12990
-0.24825 -0.05346
0.11049 -0.16017
-0.20427 -0.04399
0.00000 0.00000
0.19951 0.31999
-0.07628 0.13792
-0.16607 0.02308
-0.05455 0.09863
-0.23549 -0.05071
-0.17673 -0.03806
0.00000 0.00000
0.07325 0.21816
0.04398 0.07054
0.00000 0.00000
0.00728 0.02169
0.00000 0.00000
0.00000 0.00000
-0.09346 0.03612
-0.23816 0.03309
-0.20541 -0.04423
-0.08905 0.01237
0.20734 -0.30058
-0.23220 -0.05000
0.00000 0.00000
0.26542 0.42570
-0.20125 0.02797
-0.25407 -0.05471
0.28215 -0.40904
0.00000 0.00000
0.26311 -0.38142
0.00208 0.06162
0.00000 0.00000
-0.14881 -0.03205
0.09291 0.14902
-0.01841 -0.00396
0.09977 0.10237
0.00000 0.00000
-0.32550 0.04523
0.00000 0.00000
0.18395 0.29504
0.00000 0.00000
0.08182 -0.11862
0.00000 0.00000
0.00000 0.00000
0.00000 0.00000
0.00327 0.09690
-0.01931 0.03491
-0.04380 -0.00943
0.21000 -0.30444
0.00000 0.00000
0.01431 -0.00881
0.00000 0.00000
0.00000 0.00000
0.00000 0.00000
0.05234 -0.07588
0.16966 -0.24595
-0.15136 0.02103
0.00000 0.00000
0.04135 0.06631
0.00000 0.00000
0.24746 -0.35874
0.03445 0.10261
0.04265 0.04376
-0.07116 0.12866
-0.04342 0.03822
0.06184 -0.08965
-0.11985 -0.02581
0.00000 0.00000
0.00000 0.00000
-0.07798 0.14100
-0.43502 0.06045
0.01051 0.01685
0.00085 -0.13188
0.04651 0.07459
-0.17362 0.02413
0.19008 0.30486
0.00000 0.00000
0.00000 0.00000
0.14343 -0.20792
0.00000 0.00000
-0.11666 0.21093
0.00000 0.00000
0.00388 0.00622
0.03106 0.03188
0.00000 0.00000
0.00000 0.00000
0.00077 -0.11958
-0.31427 -0.06767
-0.09961 0.01384
0.00000 0.00000
0.00000 0.00000
0.04405 0.07065
-0.01732 -0.02558
0.01789 -0.01101
0.13753 0.22058
0.00000 0.00000
-0.49082 0.06821
0.02350 -0.03407
0.11881 0.19056
0.09457 -0.13710
0.18889 -0.27383
0.00000 0.00000
0.21403 0.34328
0.12761 -0.18499
0.00000 0.00000
0.11402 -0.16530
0.00000 0.00000
-0.21468 -0.04623
0.17599 -0.25513
0.00000 0.00000
0.10692 -0.15500
0.12083 0.35986
0.00000 0.00000
-0.32099 0.04461
0.17109 -0.24803
-0.09869 0.01371
-0.04706 -0.01013
-0.14579 -0.03140
-0.28704 0.03989
-0.18141 -0.03906
0.00000 0.00000
0.14613 0.23438
0.09721 -0.14092
0.20564 -0.29812
-0.30687 0.04264
0.13591 -0.19703
0.11146 0.33194
0.00000 0.00000
0.05545 -0.08039
0.00000 0.00000
0.08259 0.24596
0.03808 0.11341
0.22900 0.36728
-0.32910 -0.07087
0.11509 -0.16684
-0.24702 0.03433
0.00000 0.00000
0.18303 -0.26533
0.16144 -0.23403
-0.14644 0.02035
0.00000 0.00000
-0.14262 -0.03071
0.00000 0.00000
0.02398 -0.03476
0.12921 0.20723
0.09667 0.15505
0.12937 -0.18755
-0.28234 -0.06080
-0.02640 -0.00569
0.11287 0.18103
0.05586 -0.08098
0.00059 -0.00086
0.08074 -0.11705
-0.33718 -0.07261
0.00000 0.00000
-0.30050 0.04176
-0.27215 -0.05861
0.11277 -0.16348
-0.26801 0.03724
0.02519 0.04039
0.00000 0.00000
-0.25768 -0.05549
0.21008 0.33694
0.00000 0.00000
0.00000 0.00000
0.01132 0.33571
0.00000 0.00000
0.01243 -0.01802
0.00000 0.00000
0.00000 0.00000
0.05613 0.16716
0.24232 0.38865
-0.42136 0.05855
0.06829 0.10953
0.00000 0.00000
0.01588 0.00208
-0.48105 0.06685
0.06029 0.17955
0.00000 0.00000
0.00000 0.00000
0.00000 0.00000
0.15260 0.24475
0.14226 -0.08757
-0.20822 0.02894
0.01639 -0.01009
0.04997 0.05127
-0.10944 -0.05417
0.00000 0.00000
0.04032 0.12007
0.00000 0.00000
0.00000 0.00000
0.00000 0.00000
0.05492 -0.07962
0.00000 0.00000
0.08260 -0.11975
0.00000 0.00000
0.00000 0.00000
0.19400 0.31116
0.03948 0.04051
0.00000 0.00000
0.18437 -0.26728
-0.18320 0.02546
0.00000 0.00000
-0.02353 0.04254
0.00000 0.00000
0.16736 -0.24262
0.00000 0.00000
0.10052 0.16123
0.00000 0.00000
-0.12703 -0.02735
0.07143 -0.10355
0.03330 0.05342
-0.26713 0.03712
0.00000 0.00000
0.00000 0.00000
0.03370 -0.04885
0.17424 -0.25259
0.00000 0.00000
0.00000 0.00000
0.02573 0.04127
0.00000 0.00000
0.09360 -0.13570
0.10697 -0.15507
-0.08034 0.01116
0.02524 0.07516
0.00000 0.00000
0.22044 -0.31957
-0.08724 -0.01879
0.06426 0.10307
0.00033 -0.05038
0.02586 0.04148
0.12038 0.19307
-0.03548 0.06416
0.00000 0.00000
-0.07510 0.01044
0.20186 0.32376
-0.22090 0.03070
0.05063 -0.07340
-0.38699 0.05378
0.00000 0.00000
0.00000 0.00000
-0.09821 0.03796
0.00000 0.00000
0.00000 0.00000
0.21918 -0.31774
-0.04150 -0.06130
0.11140 -0.06857
0.07348 0.07540
0.02130 -0.03088
0.00000 0.00000
0.04216 -0.06112
0.00000 0.00000
0.00000 0.00000
0.10004 -0.14502
-0.17739 -0.03820
-0.13286 0.01957
0.00000 0.00000
0.16524 -0.23955
0.00000 0.00000
-0.26095 -0.05619
0.00000 0.00000
0.00000 0.00000
0.02345 0.03760
0.00000 0.00000
-0.15271 -0.03288
-0.08372 -0.01803
0.14944 -0.21664
-0.09219 0.01281
-0.05211 -0.01122
-0.46086 0.06404
-0.09865 0.01371
-0.31224 -0.06724
0.06015 -0.08719
-0.15838 0.28636
-0.38649 0.05371
0.00000 0.00000
0.00000 0.00000
-0.00060 0.00008
0.10976 0.11263
0.04844 0.07769
0.00000 0.00000
-0.00325 0.00045
0.00279 0.08261
0.00000 0.00000
0.26531 -0.38462
0.07404 -0.10733
0.07114 -0.10313
0.03780 0.06062
0.00000 0.00000
0.00000 0.00000
-0.07951 0.01105
0.00000 0.00000
0.00000 0.00000
0.08417 -0.12203
0.00400 -0.00579
0.05271 0.08454
-0.05865 0.00864
0.10095 0.16191
0.16605 0.26632
0.00000 0.00000
0.00000 0.00000
0.02568 0.04119
0.08566 -0.12418
0.04124 -0.05978
0.00000 0.00000
0.00000 0.00000
0.04360 -0.06321
0.18021 -0.26124
0.00000 0.00000
0.02138 -0.03099
0.07009 0.11241
0.00000 0.00000
0.04015 0.06439
0.00667 0.19795
0.12106 0.19417
0.26871 -0.38955
0.08081 -0.11714
0.00000 0.00000
0.04001 0.04105
-0.38873 0.05402
0.17772 0.28503
0.00000 0.00000
-0.19000 0.02799
-0.32789 0.04556
0.00000 0.00000
0.00000 0.00000
0.00000 0.00000
0.12998 -0.18843
-0.38699 0.05378
-0.36789 0.05112
0.00000 0.00000
-0.18363 0.02552
0.13309 -0.19293
0.00000 0.00000
0.02357 0.07019
0.02433 0.07247
0.02674 -0.03877
0.07265 0.11652
0.08040 0.23944
0.00000 0.00000
0.00000 0.00000
0.05744 0.09212
0.11504 -0.16678
0.27355 -0.39656
0.21451 -0.31098
0.00000 0.00000
0.11548 0.18521
0.00291 0.08624
0.00000 0.00000
-0.07129 0.00991
0.00000 0.00000
0.00000 0.00000
0.25582 -0.37086
-0.10286 0.18599
0.00000 0.00000
-0.03845 0.06953
-0.04534 0.00630
0.19276 0.30916
0.00000 0.00000
-0.37416 0.05199
0.00000 0.00000
0.00000 0.00000
-0.30162 0.04191
0.21194 -0.30725
0.00000 0.00000
0.00000 0.00000
0.19001 0.30474
0.00000 0.00000
0.06878 0.11031
0.00000 0.00000
0.16836 0.27003
0.00000 0.00000
0.16273 0.26100
0.02198 -0.03186
0.05620 0.09013
0.22193 -0.32173
0.01838 0.27892
0.07641 0.22756
0.11692 -0.16950
-0.46224 0.06423
0.00000 0.00000
-0.01684 0.03045
0.07193 0.21421
0.00093 -0.14450
0.00000 0.00000
0.00000 0.00000
0.00000 0.00000
0.00000 0.00000
0.19794 -0.28695
0.02556 0.04100
0.08443 0.13542
0.14391 0.23081
0.00000 0.00000
0.11918 -0.17278
-0.20776 -0.04474
0.06197 -0.08984
-0.12778 0.01776
0.22434 -0.32522
0.00000 0.00000
0.00000 0.00000
0.06084 -0.03745
-0.12697 0.22958
0.00000 0.00000
0.08359 0.13407
0.00000 0.00000
0.00000 0.00000
0.00000 0.00000
0.17944 0.28780
-0.35739 0.04966
-0.12116 0.01684
-0.20723 -0.04462
0.00000 0.00000
-0.08599 0.15547
0.00000 0.00000
0.00000 0.00000
-0.16187 -0.03486
0.00000 0.00000
-0.00094 0.00014
0.00000 0.00000
0.00000 0.00000
0.08894 0.14264
0.16573 -0.24026
0.05388 0.05529
-0.06826 0.00949
-0.19836 -0.04271
-0.07502 0.11072
-0.20178 -0.04345
-0.12639 0.01756
0.09949 -0.06124
-0.19864 0.02760
0.05576 -0.08083
0.00000 0.00000
0.00000 0.00000
0.00000 0.00000
-0.25215 0.03504
0.22522 -0.32650
0.00000 0.00000
0.06459 -0.09364
0.00000 0.00000
0.00000 0.00000
0.03647 -0.05287
0.01012 0.03013
0.00000 0.00000
0.16161 -0.23428
0.00000 0.00000
0.00000 0.00000
-0.08558 0.01189
-0.32208 -0.06936
0.03905 -0.05661
0.07172 0.11503
0.00000 0.00000
0.13810 -0.20020
0.00000 0.00000
0.00000 0.00000
0.00000 0.00000
-0.10156 0.03925
-0.12349 -0.02659
-0.23444 -0.05049
0.00000 0.00000
0.00000 0.00000
0.05302 -0.07687
-0.12907 -0.02779
0.00000 0.00000
-0.07925 0.06975
0.05671 -0.08221
0.11240 -0.16294
0.00000 0.00000
0.05690 -0.03502
0.11738 -0.17017
-0.22839 -0.04918
0.00000 0.00000
0.00000 0.00000
0.17365 -0.25174
0.00000 0.00000
-0.24458 0.03399
0.00000 0.00000
0.00436 0.12927
0.00000 0.00000
0.00000 0.00000
0.00000 0.00000
0.26865 -0.38945
0.21311 -0.30895
0.14943 -0.21663
-0.00098 0.00014
0.23314 -0.33798
-0.04088 -0.00880
0.00000 0.00000
0.00395 -0.00573
0.10910 -0.15816
-0.20405 -0.04394
0.12345 0.19800
-0.20208 0.02808
-0.13494 0.24399
-0.11725 -0.02525
0.00000 0.00000
0.12533 -0.18169
-0.18854 -0.04060
0.01741 -0.02525
-0.10883 -0.02343
0.00000 0.00000
0.19509 -0.28282
0.00000 0.00000
-0.40876 0.05680
-0.15548 0.02161
-0.10196 -0.02196
-0.08661 -0.01865
0.00000 0.00000
0.11880 0.01560
-0.52318 0.07270
0.00000 0.00000
0.00000 0.00000
0.00000 0.00000
0.04129 -0.05986
0.15908 -0.23061
0.22369 -0.32428
0.00000 0.00000
0.00000 0.00000
-0.02350 0.04248
0.00000 0.00000
0.00000 0.00000
0.10049 -0.14568
0.08096 -0.11737
-0.25578 -0.05508
0.11274 -0.16344
0.00000 0.00000
-0.29831 0.04145
0.15263 -0.22126
0.09250 -0.13410
0.08905 0.09137
0.00000 0.00000
0.12172 -0.17646
0.17608 0.28241
-0.02008 -0.02966
0.13084 -0.18968
0.08083 0.24073
0.07856 0.12600
-0.21800 -0.04694
0.00000 0.00000
0.00000 0.00000
0.08063 0.08274
0.00000 0.00000
0.00000 0.00000
0.11556 -0.16753
0.00000 0.00000
-0.43888 0.06099
0.08444 -0.12242
0.14413 0.23116
0.16751 0.26866
0.00000 0.00000
-0.26489 -0.05704
0.03625 0.05814
0.08552 -0.12398
0.24802 -0.35956
0.00047 0.00076
0.00000 0.00000
-0.24846 -0.05350
0.00000 0.00000
0.18361 -0.26618
-0.25919 -0.05581
0.00000 0.00000
0.00000 0.00000
0.16774 -0.24316
-0.26110 0.03628
-0.28717 -0.06184
0.01771 -0.02567
0.00000 0.00000
-0.09259 0.16741
0.00000 0.00000
0.09798 0.29180
0.00000 0.00000
0.00000 0.00000
0.16693 -0.24199
0.00000 0.00000
-0.17460 -0.03760
0.00000 0.00000
0.00000 0.00000
0.00000 0.00000
0.00000 0.00000
0.14476 0.23217
0.09648 -0.13987
0.00000 0.00000
-0.08163 0.01134
-0.36035 -0.07760
0.00000 0.00000
0.00800 0.02381
0.01869 0.05567
0.10742 0.31993
0.12963 0.38608
-0.09174 -0.01976
0.00000 0.00000
0.04508 0.13425
0.00000 0.00000
0.05634 0.09037
-0.40356 0.05608
0.17528 0.28112
0.02575 -0.03733
0.00000 0.00000
-0.40299 -0.08678
-0.37098 0.05155
0.00000 0.00000
0.17682 -0.25633
0.05151 0.08262
-0.08490 -0.01828
0.00000 0.00000
0.00000 0.00000
-0.01327 0.02399
0.00000 0.00000
-0.13037 -0.06452
0.00000 0.00000
0.00000 0.00000
-0.42861 0.05956
-0.02956 0.05345
0.00000 0.00000
-0.05469 -0.02706
0.00000 0.00000
-0.26464 -0.05699
0.16598 -0.24062
0.00000 0.00000
0.00000 0.00000
0.02825 -0.04095
0.06297 -0.03876
0.05909 -0.08566
0.00000 0.00000
0.00000 0.00000
0.00000 0.00000
0.02301 0.03690
-0.08036 -0.03977
0.08030 -0.11640
0.00000 0.00000
0.00000 0.00000
0.15514 -0.22491
0.00000 0.00000
0.12077 -0.17508
0.04772 -0.02937
0.00000 0.00000
0.00000 0.00000
0.10448 0.16758
0.03495 0.05605
0.00981 0.14882
0.00000 0.00000
0.00000 0.00000
0.03365 0.03453
0.00000 0.00000
-0.40103 -0.08636
0.05041 -0.07307
0.00000 0.00000
0.00056 0.01672
0.00000 0.00000
0.02072 0.06170
0.12537 -0.18175
0.00000 0.00000
0.00000 0.00000
0.00000 0.00000
0.00000 0.00000
0.00000 0.00000
-0.05849 0.00813
-0.03328 -0.00717
0.07907 -0.11462
0.00000 0.00000
0.00000 0.00000
-0.02133 0.03856
0.14661 0.43664
-0.26454 -0.05697
-0.44484 0.06182
0.00000 0.00000
0.20376 -0.29539
0.00000 0.00000
-0.43181 0.06001
0.05190 0.08323
-0.07447 0.01035
0.00000 0.00000
0.00000 0.00000
0.09151 0.27255
0.00000 0.00000
0.08247 0.24560
0.20372 -0.29532
0.03628 -0.02233
0.13206 0.39330
0.00000 0.00000
0.02698 -0.03912
0.06453 0.10349
-0.09578 -0.02062
-0.10394 0.01444
0.00000 0.00000
-0.34112 0.04740
0.06577 0.10549
-0.30195 0.04196
0.21828 -0.31644
0.03671 0.05887
0.00000 0.00000
0.06894 0.11057
0.01338 0.20303
0.00000 0.00000
0.04118 -0.05970
0.00167 -0.00103
0.14091 -0.20428
-0.25030 0.03478
-0.05898 -0.01270
-0.40485 -0.08718
-0.09590 0.01333
0.05583 -0.08093
0.04474 -0.06485
-0.18509 0.02572
-0.11290 0.01569
0.00000 0.00000
-0.34332 0.04771
0.00531 0.15742
-0.15723 -0.03386
0.00000 0.00000
0.02678 -0.03882
-0.02400 0.00334
-0.09250 -0.01992
0.00031 -0.04767
0.00000 0.00000
0.15897 -0.23046
0.00670 -0.00972
0.00000 0.00000
0.00000 0.00000
-0.01684 0.00234
0.00000 0.00000
-0.33387 0.04640
0.00000 0.00000
-0.20002 -0.04307
0.10395 0.16672
0.13348 0.21408
-0.37193 -0.08009
-0.09710 -0.02091
0.00042 -0.06499
0.00000 0.00000
0.05614 0.09004
0.00497 0.00510
0.00000 0.00000
0.07461 0.11967
0.16794 -0.24347
-0.30161 -0.06495
-0.19513 -0.04202
-0.08642 -0.04277
0.02510 -0.03639
0.19925 -0.28885
0.00000 0.00000
0.03715 -0.02287
-0.05044 0.00701
-0.02713 -0.01343
-0.09454 0.01314
0.00000 0.00000
-0.12135 0.21941
0.05955 -0.08633
-0.35525 -0.07650
0.00000 0.00000
-0.33877 0.04708
0.00000 0.00000
-0.01351 -0.00291
-0.20347 0.02827
0.00000 0.00000
0.01529 0.02453
0.00000 0.00000
-0.37718 0.05241
0.10478 0.31206
0.00000 0.00000
0.00000 0.00000
0.19568 -0.28367
0.00000 0.00000
0.04047 0.12052
0.02787 -0.04041
0.16803 0.26950
-0.24371 0.03387
0.14059 -0.20381
-0.10759 0.01495
0.00000 0.00000
0.15330 0.24587
0.00000 0.00000
0.00000 0.00000
0.21498 0.34480
0.00000 0.00000
0.00000 0.00000
0.14088 -0.20424
0.00000 0.00000
0.00436 -0.00632
0.13759 0.22067
0.00000 0.00000
0.02540 -0.03682
0.09451 -0.13701
0.00000 0.00000
0.00000 0.00000
0.04299 -0.06233
-0.05518 0.09977
-0.20310 -0.04374
-0.47008 0.06532
-0.09741 0.17612
-0.09795 -0.02109
-0.37567 0.05220
0.05992 0.09610
0.00000 0.00000
-0.00631 -0.00136
0.00000 0.00000
0.01078 0.16357
-0.12582 0.04863
0.00059 0.01750
0.00000 0.00000
0.03283 0.00431
-0.06821 0.00948
0.00000 0.00000
0.00000 0.00000
0.06292 0.10091
0.09503 -0.13776
0.00000 0.00000
-0.06451 -0.01389
-0.09659 0.17464
0.00000 0.00000
0.12639 -0.18323
-0.12466 -0.02684
0.00000 0.00000
0.00000 0.00000
0.00000 0.00000
0.00000 0.00000
0.00764 0.22671
0.00000 0.00000
0.04366 -0.06330
0.00000 0.00000
0.00000 0.00000
0.00000 0.00000
0.02284 -0.03311
0.00000 0.00000
0.00000 0.00000
-0.37577 0.05222
0.09099 0.27100
0.00000 0.00000
-0.01395 0.02523
0.00000 0.00000
0.09138 -0.13247
0.00000 0.00000
0.00000 0.00000
0.05156 0.15357
-0.03816 0.06899
0.00000 0.00000
0.00000 0.00000
0.08631 0.13844
-0.03855 -0.00830
0.02788 0.00366
0.07773 0.07976
0.00000 0.00000
0.08806 -0.12765
-0.28956 0.04024
0.00000 0.00000
0.00000 0.00000
0.04167 -0.06041
-0.40965 -0.08821
0.00000 0.00000
0.00000 0.00000
-0.00023 -0.00012
-0.04603 0.08323
0.00000 0.00000
0.01856 0.02977
0.21392 -0.31011
0.17714 0.28410
0.00000 0.00000
0.01499 -0.02173
0.08176 -0.11852
0.20432 0.32770
0.00000 0.00000
0.00000 0.00000
0.09428 -0.13668
-0.03452 0.06242
0.00000 0.00000
0.01326 -0.01923
0.00000 0.00000
0.05026 -0.07285
0.09996 -0.06153
0.11738 0.18826
0.06538 -0.04024
0.00000 0.00000
-0.14753 0.02050
0.07367 -0.10680
-0.22174 -0.04775
0.00000 0.00000
0.25005 -0.36249
0.00000 0.00000
0.11423 -0.16559
0.06400 0.06567
0.24224 0.38851
0.00000 0.00000
0.22888 0.36709
0.03277 0.09759
0.10353 0.16604
0.13265 -0.19230
0.16229 -0.09990
0.00000 0.00000
-0.20677 -0.04453
0.00372 -0.00229
0.00663 0.01063
0.00000 0.00000
0.00000 0.00000
-0.24762 0.03441
0.15071 0.24171
0.00000 0.00000
0.00000 0.00000
0.06890 0.20519
0.00000 0.00000
0.15242 -0.09382
0.07999 -0.11597
0.04382 -0.06353
0.01017 0.03028
0.03423 0.05489
0.20974 -0.30406
0.00727 0.21578
0.07169 -0.10392
-0.01807 0.00251
0.00000 0.00000
-0.13086 -0.02818
0.00312 -0.00453
0.20664 -0.29957
0.14875 -0.21564
0.06518 0.10454
-0.37832 -0.08147
0.17678 -0.25627
0.01201 0.01926
0.11127 0.17846
0.04952 -0.07178
0.08941 0.26628
-0.21435 0.02979
0.00000 0.00000
0.00000 0.00000
-0.10792 0.01590
0.00067 -0.10313
0.25110 -0.36402
0.00000 0.00000
0.03290 0.05277
0.09209 0.14770
-0.31959 0.04441
0.15584 0.24995
0.11505 -0.16679
0.00874 0.01401
-0.10597 0.01473
0.00000 0.00000
-0.05092 0.09208
-0.01703 -0.00367
-0.07847 0.14188
0.00000 0.00000
0.11972 0.19202
0.17939 0.28772
0.01271 0.37708
0.00000 0.00000
0.00000 0.00000
0.00000 0.00000
0.00000 0.00000
0.07658 -0.11102
0.06973 -0.10108
-0.40998 -0.08828
-0.05950 0.00827
0.00000 0.00000
0.00000 0.00000
0.17679 0.28355
0.25429 -0.36865
0.05466 -0.07924
0.18353 -0.26606
0.26777 0.42947
0.03437 0.10235
0.02096 -0.03038
0.00000 0.00000
0.02073 0.03325
0.00000 0.00000
-0.44578 0.06195
0.05734 0.09196
0.18030 0.28918
-0.13140 -0.02829
0.00000 0.00000
0.00000 0.00000
0.00000 0.00000
0.00000 0.00000
0.00000 0.00000
0.05969 -0.08653
0.00000 0.00000
-0.13061 0.01815
0.00000 0.00000
0.00000 0.00000
0.11875 0.19045
-0.07292 -0.01570
0.00012 -0.01784
0.00000 0.00000
0.00248 -0.00359
-0.17020 -0.03665
-0.37925 -0.08167
-0.03352 -0.00722
0.08608 -0.12479
0.00000 0.00000
0.01333 -0.01932
-0.36450 -0.07849
0.00000 0.00000
0.08320 0.08537
-0.01227 0.00171
-0.33347 -0.07181
0.09031 0.14484
0.23113 -0.33506
0.00000 0.00000
0.06113 0.18205
0.00000 0.00000
0.09149 0.27249
-0.02852 -0.00614
0.00000 0.00000
0.07806 -0.11316
0.00000 0.00000
0.00000 0.00000
-0.21482 0.02985
0.00000 0.00000
0.21541 0.34548
0.00000 0.00000
0.25116 -0.36410
0.04563 -0.06615
0.00000 0.00000
0.00000 0.00000
-0.04827 -0.00273
0.00000 0.00000
-0.16155 -0.00913
-0.19023 -0.04096
0.01578 0.23948
0.05085 0.15143
0.00000 0.00000
0.00000 0.00000
-0.08888 0.01309
-0.28765 0.03997
-0.13432 0.01979
0.19626 0.31477
0.09827 0.15761
0.00000 0.00000
0.00000 0.00000
0.10020 0.16071
0.07437 0.07631
0.00113 0.03348
0.13806 0.22142
0.00000 0.00000
0.00000 0.00000
0.05312 -0.07700
-0.01943 0.00751
0.00000 0.00000
0.09285 -0.13461
0.00000 0.00000
0.10305 0.16528
0.00000 0.00000
0.19214 -0.27854
0.04833 0.14393
-0.33391 0.04640
0.00006 -0.00866
0.00499 -0.00724
0.00000 0.00000
0.00000 0.00000
-0.04478 0.01731
-0.28902 -0.06224
0.00000 0.00000
0.23394 -0.33914
-0.10033 -0.02161
0.14903 -0.21605
-0.05473 -0.02709
0.13498 0.21649
0.00091 0.00145
0.00000 0.00000
0.00000 0.00000
-0.34349 0.04773
0.19098 0.30630
0.00758 0.02256
-0.20663 -0.04449
0.05670 -0.08219
-0.04692 -0.01010
0.00000 0.00000
0.14173 -0.20546
0.00000 0.00000
0.00000 0.00000
0.06955 0.11156
-0.18735 0.02603
0.00000 0.00000
0.00000 0.00000
-0.05185 -0.02566
0.19579 -0.28384
0.21456 0.34413
0.13027 0.13367
-0.38194 -0.08225
0.17340 -0.10673
0.00000 0.00000
0.08939 0.26621
0.00000 0.00000
0.00000 0.00000
0.10290 -0.14918
-0.05680 0.10270
-0.13073 -0.02815
0.05878 0.09427
-0.32549 0.04523
0.06062 -0.08788
-0.07523 0.13602
0.08945 -0.12968
-0.29385 0.04083
-0.05825 -0.01254
0.00000 0.00000
0.00000 0.00000
-0.29316 -0.06313
0.00000 0.00000
-0.06427 -0.01384
-0.43184 0.06001
0.00000 0.00000
0.09670 0.28798
0.04961 -0.07192
0.00000 0.00000
-0.13296 0.24041
0.17514 0.28091
0.00529 -0.00766
0.13897 0.14260
0.00000 0.00000
0.18558 -0.26903
0.00000 0.00000
-0.06467 0.00899
0.23016 0.36914
-0.17884 -0.03851
0.00000 0.00000
-0.17671 0.02603
0.00000 0.00000
0.06279 0.06443
0.00000 0.00000
-0.09497 -0.02045
0.00000 0.00000
0.00000 0.00000
0.09429 0.15122
0.00000 0.00000
0.00830 0.24619
0.00000 0.00000
0.02571 0.07657
0.00000 0.00000
0.07826 -0.11346
0.00000 0.00000
-0.01433 -0.00308
0.01046 0.15875
0.00000 0.00000
-0.08901 -0.01917
0.00000 0.00000
0.00000 0.00000
0.14687 0.23556
0.00000 0.00000
-0.22668 -0.04881
-0.10058 0.01398
0.00000 0.00000
0.02171 -0.03147
0.00000 0.00000
0.08591 -0.12454
-0.04868 0.00676
0.20037 0.32136
0.08465 0.13577
-0.12797 -0.02756
0.14504 0.23263
0.00000 0.00000
0.00380 0.11273
-0.23649 -0.05093
0.01736 0.02784
0.00000 0.00000
0.00281 0.00451
0.25373 -0.36783
0.03149 0.05050
0.00000 0.00000
0.00000 0.00000
0.00446 0.00715
0.10912 0.11197
-0.01700 0.02508
0.00000 0.00000
0.07951 -0.11527
0.00000 0.00000
0.00996 -0.01444
0.01849 0.02966
0.00000 0.00000
-0.24476 -0.05271
-0.01196 -0.00258
0.00000 0.00000
0.00000 0.00000
-0.11872 -0.02556
0.00000 0.00000
0.00000 0.00000
0.00000 0.00000
0.00000 0.00000
-0.21534 0.02992
-0.05629 -0.01212
0.00992 0.29421
0.00162 -0.00100
-0.37626 0.05229
0.00000 0.00000
0.00000 0.00000
-0.10782 0.19495
0.17170 0.27539
0.06694 0.10737
-0.39665 -0.08541
0.00000 0.00000
-0.02145 -0.03169
-0.11711 -0.02522
-0.43886 0.06099
-0.35469 0.04929
-0.01823 -0.00393
0.11293 0.18112
0.00000 0.00000
0.03147 -0.04562
-0.02661 0.04811
0.00000 0.00000
0.01331 0.03965
0.00000 0.00000
0.07027 -0.10187
-0.25069 0.03484
0.20624 -0.29899
0.00851 0.01365
0.04030 -0.02481
0.14965 -0.21695
0.06063 0.09724
0.07564 -0.10966
0.03282 0.05264
0.00000 0.00000
0.20600 0.33040
0.03791 -0.05495
-0.08905 0.16101
0.00000 0.00000
0.03287 0.05271
0.01113 -0.01614
0.23559 -0.34153
0.10199 -0.14786
0.14570 0.43393
0.00000 0.00000
0.10654 -0.15445
0.00000 0.00000
0.12738 -0.18466
0.00000 0.00000
0.01856 0.02977
0.00051 -0.07869
-0.13770 0.24897
0.03369 0.05404
-0.08088 -0.01742
-0.50614 0.07033
0.20624 0.33079
0.00000 0.00000
0.00996 0.02966
0.01236 0.18760
0.00000 0.00000
-0.24624 0.03422
0.07971 -0.11556
0.00000 0.00000
0.00000 0.00000
0.00000 0.00000
-0.22419 0.03115
0.00000 0.00000
-0.13629 -0.02935
0.14743 -0.21373
-0.13358 0.01968
0.00000 0.00000
0.00000 0.00000
0.00000 0.00000
-0.17810 0.02475
0.00000 0.00000
0.01550 -0.02247
0.13586 -0.19695
0.07715 -0.11185
-0.04788 0.00665
0.05555 0.08909
-0.03782 0.00526
-0.00709 -0.00153
0.00000 0.00000
0.00000 0.00000
-0.14547 0.02022
-0.12591 -0.02711
0.22391 -0.32460
0.00445 0.06745
0.00000 0.00000
0.00000 0.00000
0.08681 0.13923
0.06258 0.06421
0.00000 0.00000
0.19061 -0.27632
0.00000 0.00000
0.07825 -0.11344
0.00000 0.00000
-0.37774 0.05249
-0.26851 -0.05782
0.00000 0.00000
-0.23675 -0.05098
0.00000 0.00000
-0.08571 0.01191
0.00593 0.00951
0.09336 -0.13535
0.00000 0.00000
0.09162 -0.13281
0.00000 0.00000
0.00280 -0.00406
0.13940 -0.20208
0.20285 -0.29406
-0.07910 0.01099
-0.40855 -0.08798
-0.13848 -0.02982
-0.24796 0.03446
-0.29459 0.04094
-0.26744 -0.05759
0.00000 0.00000
0.00000 0.00000
-0.27939 -0.06016
-0.02790 0.05045
0.20624 0.33079
0.00000 0.00000
0.00552 0.16374
0.00000 0.00000
0.00000 0.00000
0.08159 0.08372
-0.35102 -0.07559
0.12188 -0.17669
-0.10166 0.15003
-0.02588 -0.00557
0.00000 0.00000
0.07921 -0.04876
-0.03497 -0.05165
-0.00101 0.00014
0.15601 -0.22616
0.00000 0.00000
0.07385 0.11844
0.13003 -0.18850
0.12234 0.19622
0.00000 0.00000
0.18664 -0.27056
0.00000 0.00000
0.18475 0.29631
-0.04713 0.00655
0.00000 0.00000
0.15040 -0.21804
0.00000 0.00000
0.08246 -0.11954
0.00000 0.00000
0.12620 -0.18294
-0.36141 0.05022
0.00753 0.01208
0.11016 0.17668
0.00000 0.00000
0.06063 0.09725
0.00000 0.00000
0.00000 0.00000
-0.34896 0.04849
-0.08632 0.12740
0.06512 -0.04008
-0.28672 -0.06174
0.08138 -0.11798
-0.01655 -0.00356
-0.12089 -0.05983
-0.21440 0.02979
0.05100 0.08180
0.07733 0.23030
0.00000 0.00000
0.16171 -0.23443
0.00108 -0.16702
0.08005 0.12838
0.08336 0.24825
-0.09440 0.01312
-0.07540 -0.01624
-0.01499 -0.00742
0.00000 0.00000
0.08660 -0.12554
0.05280 0.15724
0.00000 0.00000
0.00871 0.25834
0.00000 0.00000
-0.16127 -0.03473
-0.13413 -0.02888
0.00000 0.00000
0.04430 -0.06422
0.17681 0.28357
0.02772 -0.04019
0.00000 0.00000
0.19361 -0.28068
-0.07412 0.01030
0.23241 -0.33692
0.17299 -0.25079
0.00000 0.00000
0.14220 -0.20615
0.00000 0.00000
0.00000 0.00000
0.12879 -0.07928
0.10268 -0.14885
0.18549 -0.26890
0.00000 0.00000
-0.10508 0.01460
0.00000 0.00000
-0.02833 0.00394
0.10970 0.17594
0.09816 0.01289
0.21854 -0.31681
-0.17775 -0.03828
0.20270 -0.29385
-0.06846 0.00951
0.18628 -0.27005
-0.03796 -0.05606
0.06224 -0.09024
0.24872 -0.36056
0.00389 0.00624
0.17929 0.28755
0.11751 0.18847
0.20289 -0.29412
0.00000 0.00000
0.10869 0.17432
0.14950 -0.21673
0.00512 -0.00742
0.19922 0.31952
-0.10961 0.19818
0.00000 0.00000
-0.35100 0.04878
0.20599 0.33037
0.00000 0.00000
0.00000 0.00000
0.10692 0.10971
0.00000 0.00000
-0.00609 -0.00899
-0.03644 -0.01803
-0.04695 0.06929
-0.07695 -0.01657
0.00314 0.00504
-0.01207 0.01062
0.06056 -0.08780
-0.07914 0.01100
0.00000 0.00000
0.14025 0.22493
0.00000 0.00000
0.07827 0.12554
-0.14902 0.02071
0.00000 0.00000
-0.03948 0.07138
0.05101 0.15191
0.00000 0.00000
0.06386 -0.09258
0.02770 -0.04016
0.13808 -0.20018
0.07374 -0.10690
-0.26644 0.03702
0.18409 -0.26688
-0.41029 0.05701
-0.04902 -0.01056
-0.44851 0.06233
-0.37642 0.05231
0.00000 0.00000
-0.12539 0.04846
0.00000 0.00000
0.04717 0.14048
0.15202 -0.22038
-0.01223 0.00170
0.24272 -0.35186
0.00000 0.00000
-0.05010 -0.01079
0.00000 0.00000
0.17614 0.28250
-0.37520 -0.08080
0.00000 0.00000
-0.05514 0.09970
0.13164 -0.19084
0.21905 -0.31755
0.00000 0.00000
0.14933 0.23950
0.00000 0.00000
0.00000 0.00000
0.07371 -0.10686
0.00000 0.00000
-0.26562 0.03691
-0.10341 -0.05118
0.00000 0.00000
0.00000 0.00000
0.00000 0.00000
-0.01969 0.00274
0.14550 -0.21092
-0.10656 0.01481
0.17342 0.27814
0.02375 -0.03443
0.02046 -0.01260
0.00000 0.00000
0.13271 0.21284
0.00000 0.00000
-0.07493 -0.01614
0.05714 0.09165
0.14170 -0.20541
0.10571 -0.15325
0.00000 0.00000
-0.43499 0.06045
0.00000 0.00000
0.16371 0.26257
0.05279 0.05417
0.16503 0.26469
0.09159 -0.13278
0.01468 0.01506
0.13285 0.21307
0.16954 -0.24577
-0.03863 0.06984
0.00000 0.00000
0.00000 0.00000
0.07100 0.21144
0.02001 -0.02901
0.00000 0.00000
0.23547 -0.34136
0.00302 0.00485
0.13683 -0.19836
0.08329 0.24806
0.00000 0.00000
-0.02519 0.04554
0.00000 0.00000
0.17951 0.28791
-0.12856 -0.02769
-0.10880 -0.02343
0.13734 -0.19909
0.00000 0.00000
0.18729 -0.27152
0.13397 -0.19421
0.00000 0.00000
0.00000 0.00000
0.07201 0.21447
0.11861 -0.17195
-0.22038 0.03063
0.03442 0.05520
0.00934 0.27705
0.15383 0.45814
0.07354 0.21901
0.00000 0.00000
-0.00136 -0.00067
0.00000 0.00000
0.21749 -0.31530
0.00000 0.00000
0.02346 0.03763
0.13790 0.22117
-0.23802 0.03308
0.00000 0.00000
0.00000 0.00000
0.18597 -0.26960
0.00000 0.00000
-0.33283 0.04625
-0.34631 0.04812
0.14664 -0.21258
-0.33644 -0.07245
-0.30946 0.04300
0.00619 0.00992
0.00000 0.00000
0.00360 0.01074
0.00000 0.00000
0.16281 0.26112
0.15246 -0.22102
0.22856 -0.33134
0.00000 0.00000
0.07068 0.11336
0.15356 0.24628
0.06394 -0.09269
0.00109 0.00324
0.00577 0.17112
0.00000 0.00000
0.00000 0.00000
0.07121 -0.10324
-0.16870 0.30503
0.00000 0.00000
0.11794 0.18917
0.25318 -0.36703
0.00000 0.00000
0.00000 0.00000
0.22291 0.35751
0.00000 0.00000
-0.20774 0.02887
0.00000 0.00000
0.14560 -0.21108
0.15635 -0.22666
0.08839 0.26325
0.00000 0.00000
0.00000 0.00000
0.12246 -0.17753
0.00000 0.00000
0.12356 0.36799
0.14101 -0.20442
-0.00439 -0.00095
0.00000 0.00000
0.05218 -0.07564
0.00000 0.00000
0.00000 0.00000
-0.39193 0.05446
0.12448 -0.18046
0.00000 0.00000
-0.06296 0.00875
-0.03256 0.05887
-0.12049 -0.02595
-0.00829 0.00115
0.10960 -0.15888
0.00000 0.00000
0.12436 0.19946
-0.05908 -0.02924
0.00000 0.00000
-0.29128 -0.06272
0.06139 -0.08900
-0.31004 0.04308
-0.37562 0.05220
-0.24693 -0.05317
0.00000 0.00000
0.00000 0.00000
0.00000 0.00000
0.10011 -0.14513
0.00003 -0.00437
0.00000 0.00000
0.00961 -0.01393
0.00000 0.00000
0.00000 0.00000
0.14031 -0.20341
-0.30064 0.04178
-0.05223 0.09444
-0.07817 0.01086
0.00000 0.00000
0.00000 0.00000
0.12368 0.36836
0.17304 -0.25085
0.00000 0.00000
0.00000 0.00000
0.00106 -0.16449
-0.10868 0.01510
-0.40520 0.05631
0.00282 0.00839
0.00000 0.00000
0.07126 -0.04387
0.22509 0.36102
0.00947 0.01518
0.00000 0.00000
0.24103 -0.34942
0.00000 0.00000
-0.16443 0.02285
0.00000 0.00000
0.00000 0.00000
0.03956 -0.05735
0.00000 0.00000
-0.02271 0.00316
0.05016 0.08045
0.12528 0.20093
0.00000 0.00000
0.00000 0.00000
0.10515 0.16864
0.09999 -0.14496
0.09552 -0.05880
0.00000 0.00000
-0.01288 0.01134
0.06668 0.10695
0.00000 0.00000
0.00000 0.00000
-0.21989 0.03056
0.00000 0.00000
0.16888 0.27087
0.01301 -0.01887
0.00000 0.00000
-0.13875 0.01928
0.00000 0.00000
0.05937 -0.08607
-0.16337 0.02270
-0.08097 0.14641
-0.12574 0.22734
0.08337 0.13371
-0.22273 -0.04796
0.09789 -0.14190
0.02050 0.03287
0.02221 -0.03220
0.00000 0.00000
0.04934 0.14695
0.03124 0.05010
0.00000 0.00000
0.00000 0.00000
0.20025 -0.29029
0.04527 0.07261
0.16204 -0.23491
-0.39419 -0.08489
-0.20470 0.02845
-0.34133 0.04743
0.08579 0.25550
0.00000 0.00000
-0.18999 0.02640
0.00000 0.00000
0.00000 0.00000
0.00000 0.00000
0.00000 0.00000
-0.36591 0.05085
0.03393 -0.04918
0.08456 -0.05205
-0.16505 -0.03554
-0.00796 0.01440
-0.13002 0.01807
0.00000 0.00000
0.05609 0.16704
0.08642 0.25738
0.00000 0.00000
0.08563 -0.12414
0.00000 0.00000
0.07812 -0.11325
0.00000 0.00000
0.00000 0.00000
-0.25057 0.03482
0.00000 0.00000
0.13627 -0.19756
-0.15041 0.02090
0.21004 0.33688
0.12082 0.19377
-0.22096 0.03071
-0.05167 -0.02557
-0.23298 0.03238
0.00000 0.00000
0.04760 0.07635
0.00000 0.00000
0.00000 0.00000
0.24410 -0.35387
-0.13412 -0.02888
0.11717 -0.16986
0.10005 0.16047
0.00000 0.00000
-0.24637 -0.05305
-0.16552 -0.03564
0.19122 0.30669
0.00000 0.00000
0.10812 -0.15674
-0.32571 0.04526
0.10802 0.17326
0.03628 0.05818
0.02905 0.04660
0.11684 -0.16939
0.00000 0.00000
-0.04498 -0.00969
0.00000 0.00000
0.06077 0.09747
0.06215 -0.09009
-0.25668 0.03567
0.00000 0.00000
0.00000 0.00000
0.06978 -0.10116
-0.08937 0.01242
0.00000 0.00000
0.08179 -0.11857
-0.00244 0.00441
0.00000 0.00000
0.00000 0.00000
0.16761 -0.24298
0.00686 -0.00994
-0.08014 -0.01726
-0.32521 0.04519
0.00000 0.00000
0.00000 0.00000
0.00000 0.00000
0.00000 0.00000
-0.10244 -0.02206
0.00000 0.00000
0.19058 -0.27627
0.28780 -0.41723
0.01213 -0.01759
0.08974 0.14393
-0.34033 0.04729
0.08832 0.14166
0.00000 0.00000
0.07756 -0.11244
0.00000 0.00000
0.10158 0.30254
0.00000 0.00000
0.18442 -0.26735
0.24944 -0.36161
0.04019 0.04124
-0.03611 0.00502
0.00000 0.00000
0.00000 0.00000
0.00000 0.00000
0.00000 0.00000
0.06617 -0.09593
0.01435 -0.02080
-0.09259 -0.01994
0.00000 0.00000
0.09329 0.14963
-0.21022 -0.04527
0.00000 0.00000
0.00000 0.00000
0.20778 -0.30122
0.00061 -0.00088
-0.24823 0.03449
-0.00728 0.00101
0.00000 0.00000
0.00000 0.00000
0.00000 0.00000
-0.25456 -0.05482
0.15316 -0.22204
0.16035 0.25718
0.00000 0.00000
0.00000 0.00000
-0.03025 -0.00651
0.00078 -0.12127
0.10860 -0.15744
-0.01689 -0.00364
0.00000 0.00000
0.00000 0.00000
0.17670 -0.25616
0.00000 0.00000
0.00000 0.00000
0.00000 0.00000
0.07502 -0.10875
0.00000 0.00000
0.00000 0.00000
0.00000 0.00000
0.00000 0.00000
0.00000 0.00000
0.04370 0.13016
0.00000 0.00000
0.01899 0.03046
0.27412 0.43966
0.01212 0.35955
0.00076 0.02254
0.05610 0.08998
0.00000 0.00000
0.09455 -0.13706
0.00000 0.00000
0.13245 0.21243
0.00000 0.00000
0.06193 0.09932
-0.22973 0.03192
-0.02790 0.05045
-0.13479 0.01873
0.19243 -0.27896
-0.22455 0.03120
0.22039 -0.31950
0.00000 0.00000
0.10846 0.17395
-0.14698 0.02165
0.00000 0.00000
0.21643 -0.31375
0.04935 -0.07155
0.10026 -0.14534
-0.19745 -0.04252
0.00000 0.00000
0.02579 -0.03738
0.12811 0.20547
0.00000 0.00000
-0.05660 -0.02801
-0.12082 0.21845
0.10484 -0.06454
0.00000 0.00000
0.02760 -0.04002
0.00000 0.00000
0.00000 0.00000
0.19610 -0.28429
0.00000 0.00000
-0.42943 0.05967
0.00000 0.00000
-0.31708 0.04406
-0.28681 -0.06176
0.00000 0.00000
0.21551 -0.31242
0.00000 0.00000
0.01665 0.02671
-0.09341 0.16890
0.08090 -0.11728
0.00000 0.00000
0.00000 0.00000
0.00000 0.00000
0.13625 -0.19753
0.16549 -0.23991
0.00000 0.00000
0.12124 0.12440
0.05905 0.09472
-0.37752 -0.08130
-0.23724 -0.05109
-0.26939 0.03744
0.02752 0.02824
0.16152 -0.23415
0.12773 0.20486
-0.02601 0.02289
0.02503 0.04014
0.01524 -0.02210
0.00000 0.00000
0.12477 -0.18088
-0.11189 0.20230
0.14718 0.15102
-0.23894 -0.05145
0.00000 0.00000
0.04466 -0.06475
0.12344 0.19799
0.11992 -0.17384
0.14039 -0.20353
0.18018 0.28898
-0.02624 -0.00565
0.00000 0.00000
0.17681 -0.25631
0.17728 0.28434
0.05159 0.15366
-0.21092 0.02931
0.02482 -0.03599
0.00000 0.00000
0.17472 -0.25329
0.02177 0.03492
0.05405 0.16099
0.08685 0.13930
-0.09655 0.01342
-0.44288 0.06154
0.12894 -0.18692
0.00000 0.00000
0.00000 0.00000
0.00000 0.00000
-0.48587 0.06752
0.00000 0.00000
0.14956 -0.21682
0.06024 -0.08733
0.24266 -0.35178
0.00000 0.00000
0.08921 0.14308
0.00000 0.00000
0.10926 -0.15840
0.10329 -0.14974
0.00000 0.00000
0.00000 0.00000
0.00499 -0.00724
0.04490 0.07202
0.13219 -0.19163
-0.03661 -0.00788
0.00000 0.00000
0.00000 0.00000
0.24856 0.39865
0.00000 0.00000
-0.11551 -0.05717
-0.39740 0.05522
0.00000 0.00000
0.00000 0.00000
-0.12725 0.01768
0.00000 0.00000
0.00000 0.00000
0.00000 0.00000
0.04432 -0.02728
0.00000 0.00000
-0.06604 0.00918
0.00000 0.00000
0.00000 0.00000
-0.15547 0.02160
0.12791 0.20515
-0.22567 0.03136
0.02158 0.00283
0.26096 -0.37831
-0.11794 0.01639
0.00000 0.00000
0.14337 0.42700
0.00000 0.00000
0.12089 -0.17525
0.01272 0.03789
0.00000 0.00000
0.09455 -0.13707
0.06764 0.20144
0.00000 0.00000
0.00000 0.00000
0.20925 -0.30335
0.21041 0.33747
0.13204 0.39326
0.00000 0.00000
0.11387 -0.16507
0.00000 0.00000
0.14783 -0.09100
0.00000 0.00000
0.02767 0.08241
0.14812 0.23757
-0.12679 0.01762
0.15418 -0.22352
0.17660 -0.25602
0.00000 0.00000
-0.03462 0.00481
-0.01292 -0.00278
0.14321 -0.20761
-0.22703 -0.04889
0.08333 -0.12081
0.00000 0.00000
-0.10030 0.01394
-0.33044 0.04592
0.00000 0.00000
0.00635 0.18841
0.01497 -0.02170
0.00000 0.00000
0.05176 0.08301
0.21365 -0.30972
-0.26494 -0.05705
0.00000 0.00000
0.00591 0.17544
-0.00838 -0.00180
-0.37056 -0.07980
0.15365 0.24643
0.03714 -0.05384
-0.13569 0.01886
0.00000 0.00000
-0.33094 0.04599
0.00000 0.00000
-0.05318 0.07849
0.06199 0.09942
0.00000 0.00000
0.00000 0.00000
0.00000 0.00000
0.00000 0.00000
0.00000 0.00000
0.08462 -0.12267
-0.13033 0.01811
0.00075 -0.11665
-0.10951 0.16162
0.15704 -0.22766
0.00000 0.00000
0.00000 0.00000
0.00000 0.00000
0.00119 0.00192
0.00000 0.00000
0.00000 0.00000
0.00000 0.00000
-0.01040 0.00144
0.00063 -0.00091
0.00000 0.00000
0.00000 0.00000
-0.29974 -0.06455
0.12681 0.13012
-0.02678 0.01035
0.00155 -0.00225
-0.07449 0.01035
0.17337 -0.25133
-0.14283 -0.03076
-0.23036 0.03201
0.03957 0.11785
-0.04052 -0.00873
0.00000 0.00000
0.12060 -0.17484
0.03683 -0.05339
0.04538 -0.06579
0.00000 0.00000
0.07301 -0.10584
0.00000 0.00000
0.00000 0.00000
0.00000 0.00000
-0.11456 0.01592
0.00000 0.00000
-0.21630 0.03006
0.10296 -0.14926
0.00065 0.00104
0.05582 -0.08093
0.00000 0.00000
0.00000 0.00000
0.00000 0.00000
0.19271 -0.27937
0.21029 -0.30485
0.00449 -0.00651
0.10902 0.17486
0.07891 -0.11439
0.00000 0.00000
0.04760 0.14176
0.06791 -0.09845
-0.20735 0.02881
0.00000 0.00000
0.00000 0.00000
0.02482 0.07393
0.00000 0.00000
0.04067 -0.07535
0.08768 -0.12711
-0.17495 -0.03767
-0.04067 0.00565
0.01555 0.23592
0.05287 0.05425
0.25595 -0.37104
0.15945 -0.23115
-0.30705 0.04267
0.00000 0.00000
0.22366 -0.32423
0.02558 0.04102
0.06866 -0.09954
0.04889 -0.07088
0.26635 -0.38612
0.00000 0.00000
0.08363 -0.12123
0.17877 -0.25917
-0.01201 0.01773
-0.36509 -0.07862
0.00000 0.00000
-0.28995 0.04029
0.19917 -0.28874
0.07583 0.12161
0.00000 0.00000
0.14965 -0.21695
-0.25612 -0.05515
0.00000 0.00000
0.00000 0.00000
0.00000 0.00000
0.00382 0.00392
0.00000 0.00000
0.10974 0.17602
0.18449 0.29589
0.12565 -0.18216
0.26964 -0.39089
0.00000 0.00000
0.01839 -0.02666
-0.00359 0.00139
0.00000 0.00000
0.00000 0.00000
0.22360 0.35863
-0.08626 -0.04269
0.00327 0.09712
0.06834 -0.09907
0.00000 0.00000
-0.37408 0.05198
0.00000 0.00000
0.16878 0.27071
0.00000 0.00000
0.04045 0.04151
0.00000 0.00000
0.14488 -0.21003
0.00066 0.01003
0.00086 -0.13327
-0.09145 0.01271
0.00085 -0.13110
0.00000 0.00000
0.00000 0.00000
0.08491 0.13618
0.00000 0.00000
0.00000 0.00000
0.07686 -0.04731
0.21074 0.33800
0.22776 -0.33018
0.16100 -0.23341
0.00000 0.00000
0.00000 0.00000
0.26572 0.42617
0.00000 0.00000
0.12215 0.19591
0.14361 -0.20819
-0.02918 -0.00628
0.00000 0.00000
0.14834 -0.21505
-0.12874 -0.02772
0.00000 0.00000
0.00000 0.00000
0.07885 0.08091
0.00000 0.00000
0.00020 -0.03079
0.00000 0.00000
0.00000 0.00000
-0.09448 0.01313
0.16730 0.26833
0.00000 0.00000
0.00000 0.00000
0.00088 0.00141
-0.16887 -0.03636
0.19042 0.30541
0.00000 0.00000
0.14273 0.22892
0.00000 0.00000
-0.00893 0.01318
0.00000 0.00000
-0.18649 0.02592
0.12147 0.19481
0.00000 0.00000
0.06723 -0.04138
-0.11394 0.16816
0.00000 0.00000
0.00049 -0.07581
0.00180 0.00024
0.00000 0.00000
0.00000 0.00000
0.12578 -0.18235
-0.36925 0.05131
0.00000 0.00000
0.00000 0.00000
0.02095 0.06239
0.22675 -0.32872
0.00000 0.00000
0.00000 0.00000
0.12159 -0.17626
-0.14501 -0.03123
0.00000 0.00000
0.20872 -0.30258
0.00000 0.00000
0.00000 0.00000
0.01962 -0.02845
0.14138 -0.20496
0.06157 -0.08926
0.21000 -0.30444
0.10161 -0.14731
-0.11796 -0.02540
0.00000 0.00000
0.12581 0.20179
-0.02662 0.00370
-0.07318 0.10800
-0.22625 -0.04872
0.00000 0.00000
-0.31074 -0.06691
0.11426 0.34029
-0.00313 0.00462
0.18546 -0.26886
-0.01303 0.02356
-0.36892 0.05127
0.00000 0.00000
0.00000 0.00000
0.00000 0.00000
0.07165 -0.10387
-0.15449 0.02147
0.00096 0.02847
0.00000 0.00000
0.14483 -0.20995
0.00000 0.00000
0.14026 0.22496
0.11799 0.35140
-0.20469 -0.04408
-0.12653 0.01758
0.00000 0.00000
0.01252 0.03729
0.12389 -0.17960
0.09045 -0.13113
0.00000 0.00000
-0.13637 -0.02937
0.04530 -0.06567
0.04820 -0.06988
0.00000 0.00000
0.00778 -0.01128
0.00000 0.00000
-0.15725 -0.03386
0.00000 0.00000
0.00377 -0.00546
0.00000 0.00000
-0.37541 0.05217
-0.15777 -0.03397
0.03116 -0.04518
0.00000 0.00000
0.00000 0.00000
0.06689 -0.09697
0.00016 0.00248
0.00000 0.00000
0.00000 0.00000
0.00000 0.00000
0.00000 0.00000
0.22556 0.36177
0.00000 0.00000
-0.10562 0.15588
0.06739 -0.09770
0.00000 0.00000
0.00000 0.00000
0.00000 0.00000
0.00000 0.00000
0.00000 0.00000
0.01023 0.30339
-0.22834 0.03173
0.00348 -0.00645
-0.12182 0.01693
0.16327 0.26187
0.00000 0.00000
0.24237 -0.35136
0.00196 0.02969
0.00000 0.00000
-0.09105 0.01265
0.00000 0.00000
0.00040 -0.06254
-0.03387 -0.00729
-0.20085 -0.04325
-0.25807 0.03586
0.00000 0.00000
0.04043 -0.05862
0.04880 0.07827
0.00000 0.00000
0.00000 0.00000
0.00000 0.00000
0.00000 0.00000
0.23543 -0.34130
-0.22604 0.03141
0.08317 -0.12057
0.20751 -0.30082
-0.37745 0.05245
0.00000 0.00000
0.25873 -0.37508
0.18952 -0.27475
-0.34754 0.04830
0.00000 0.00000
0.05567 -0.08071
-0.26110 0.03628
0.00000 0.00000
0.00000 0.00000
0.00000 0.00000
0.00000 0.00000
0.00000 0.00000
-0.10657 0.01481
0.00000 0.00000
-0.06668 -0.03300
0.03121 -0.04524
0.14658 0.23509
-0.08235 -0.01773
-0.38073 0.05291
0.17572 -0.25474
-0.31197 0.04335
0.00000 0.00000
0.00000 0.00000
-0.05904 -0.01271
0.18361 -0.26618
-0.01936 -0.00417
0.00000 0.00000
-0.25411 0.03531
0.00000 0.00000
0.00000 0.00000
0.00000 0.00000
0.12497 -0.07693
-0.06826 0.00948
0.00000 0.00000
0.04105 -0.05952
0.00009 -0.01455
0.06729 0.10792
-0.30885 -0.06651
0.00000 0.00000
0.05436 -0.07880
0.01179 0.03512
0.27857 -0.40384
0.00000 0.00000
0.00000 0.00000
0.00000 0.00000
0.06063 -0.08790
-0.25307 -0.05450
-0.36230 0.05035
0.00000 0.00000
0.00000 0.00000
-0.25345 -0.05458
0.00000 0.00000
0.09751 0.29040
0.10473 0.31190
0.00000 0.00000
0.02669 0.04281
0.00000 0.00000
0.05551 -0.08047
0.05217 -0.07564
0.04355 -0.06313
0.08063 -0.11689
0.20840 -0.30212
0.02199 0.03526
0.00000 0.00000
-0.45682 0.06348
0.20232 -0.29330
0.06910 0.11082
-0.22792 -0.04908
0.00000 0.00000
0.09222 0.27466
0.08981 0.14404
0.00428 0.00439
0.08922 0.26571
0.05225 0.08380
0.00000 0.00000
-0.35908 0.04990
0.03784 -0.07010
0.09153 0.14681
0.05636 0.09039
0.00000 0.00000
0.11824 -0.17142
-0.39841 0.05536
-0.03609 -0.01786
-0.25005 -0.05384
-0.31666 0.04400
0.11450 -0.16598
-0.36198 0.05030
0.00000 0.00000
0.00459 0.01367
0.20884 -0.30275
0.05119 0.08210
-0.36023 0.05006
-0.26050 0.03620
0.00000 0.00000
0.04195 -0.06082
0.11214 0.17985
0.00935 0.14187
0.06170 -0.08944
0.10709 0.31893
0.00000 0.00000
-0.30023 0.04172
0.07195 0.21430
-0.23138 -0.04982
0.05384 -0.07805
0.00000 0.00000
-0.10676 0.04126
-0.26955 0.03746
0.00000 0.00000
0.00000 0.00000
0.18630 -0.27008
0.09843 0.15787
-0.06561 0.00912
0.04270 0.12717
0.13966 0.22399
0.00000 0.00000
0.00000 0.00000
0.00000 0.00000
0.00000 0.00000
0.00865 0.02577
-0.00020 0.00003
-0.38503 0.05350
0.00000 0.00000
-0.00299 -0.00148
0.00000 0.00000
-0.36003 0.05003
-0.31471 0.04373
-0.27648 -0.05954
0.03054 -0.04427
0.15252 -0.22110
0.00000 0.00000
-0.34194 0.04752
-0.23871 0.03317
0.00000 0.00000
0.06738 -0.09767
0.00292 0.08671
0.00225 -0.00326
0.00043 -0.06596
0.00000 0.00000
-0.11139 -0.02399
0.00000 0.00000
0.15622 0.25056
-0.16820 -0.03622
0.06461 0.10363
-0.00354 -0.00076
0.25189 -0.36517
0.03458 0.05546
0.00000 0.00000
-0.04991 0.00694
-0.01402 0.00195
0.00000 0.00000
0.00000 0.00000
0.00200 0.00205
0.12789 -0.18540
0.00000 0.00000
0.00000 0.00000
0.14773 -0.21416
0.00000 0.00000
0.00860 -0.01247
0.17841 -0.25865
0.00637 0.18889
0.00000 0.00000
-0.06220 -0.03078
0.16304 0.26149
0.08162 -0.11832
0.14976 -0.21711
0.15494 0.24850
0.00000 0.00000
0.00000 0.00000
0.13400 -0.19426
0.00000 0.00000
0.06224 0.09982
0.00000 0.00000
0.00000 0.00000
0.00000 0.00000
0.10804 0.17329
0.15360 -0.22267
0.14296 -0.20725
0.03961 0.06353
0.21625 -0.31350
0.03043 0.04881
0.09737 -0.14115
0.00000 0.00000
0.00807 -0.01169
0.00000 0.00000
0.02439 -0.04520
0.09712 0.15577
0.08290 0.24689
0.00000 0.00000
-0.21063 -0.04536
-0.46638 0.06481
0.00358 0.10613
0.00000 0.00000
0.00592 -0.00859
0.00807 0.23943
0.00831 0.12607
0.00000 0.00000
0.00000 0.00000
0.00000 0.00000
0.13774 0.22092
0.15822 -0.22937
0.01388 0.04134
0.00000 0.00000
0.08911 -0.12917
-0.44321 0.06159
0.00000 0.00000
0.00000 0.00000
0.14993 -0.21735
0.00000 0.00000
0.19726 -0.28597
0.09305 -0.13489
0.00000 0.00000
0.14821 0.44140
0.08913 -0.12921
0.12578 -0.18234
0.10915 -0.15823
0.11696 -0.16956
-0.03924 0.05792
0.00000 0.00000
0.01622 -0.02351
0.00000 0.00000
-0.03382 0.00470
0.00068 -0.10525
0.05960 0.17749
0.00000 0.00000
-0.30004 -0.06461
0.00000 0.00000
0.13112 0.21030
0.00555 0.16450
0.00000 0.00000
0.12066 -0.17492
0.25297 0.40573
0.05923 -0.08587
-0.39359 0.05469
0.00000 0.00000
0.00811 -0.01176
0.00000 0.00000
0.03155 -0.04573
0.02017 -0.02924
0.16224 0.26021
0.09432 -0.13674
0.26149 -0.37908
0.00645 0.09780
0.00000 0.00000
0.00000 0.00000
0.00000 0.00000
0.14309 0.22949
-0.15833 0.02200
-0.13753 0.24867
-0.12995 0.01806
-0.45435 0.06314
0.06009 0.09638
0.00000 0.00000
0.00000 0.00000
-0.41818 0.05811
0.00000 0.00000
0.00000 0.00000
0.00000 0.00000
0.05345 -0.07749
0.00000 0.00000
0.00457 0.00733
-0.06689 0.00930
0.17009 -0.24658
0.09882 -0.14326
0.00000 0.00000
0.09960 0.10220
-0.16619 -0.03579
0.00000 0.00000
0.03634 0.10823
0.04986 0.07997
0.00827 0.24526
0.00000 0.00000
0.16484 0.26438
0.06963 0.11168
0.04827 0.07741
-0.01113 -0.00240
0.00000 0.00000
0.03958 -0.05738
0.00285 0.04318
-0.19995 0.02779
0.02791 0.04477
0.00000 0.00000
0.11449 0.34097
0.06432 0.10316
-0.35670 0.04957
-0.23261 0.03232
0.00195 0.02955
-0.12910 0.01794
-0.02406 0.04351
0.05297 -0.07679
-0.21394 -0.04607
-0.36157 0.05024
0.00000 0.00000
0.00000 0.00000
-0.11452 -0.02466
-0.38676 0.05375
-0.12681 0.01762
0.12639 0.20271
0.03655 0.05862
-0.07640 -0.01645
-0.34939 0.04855
-0.47053 0.06539
0.00000 0.00000
-0.05889 -0.01268
0.00000 0.00000
0.00000 0.00000
-0.02197 -0.00473
0.09342 -0.13543
0.00000 0.00000
0.00000 0.00000
0.00000 0.00000
0.05054 0.08106
-0.03118 0.05638
0.12708 0.20383
-0.06936 -0.01494
0.07029 -0.10189
0.12818 0.38175
0.01203 -0.01744
0.00000 0.00000
-0.06688 0.00929
0.05504 0.08828
0.15882 0.25472
0.14465 -0.20969
0.00000 0.00000
-0.03977 0.07191
0.17941 -0.26009
0.00000 0.00000
0.15819 -0.22933
0.00000 0.00000
0.00000 0.00000
-0.09301 0.16818
0.00000 0.00000
0.00000 0.00000
0.20462 -0.29664
0.00000 0.00000
0.21552 0.34567
-0.04265 0.06294
-0.43375 0.06027
0.05433 0.08713
0.00000 0.00000
0.21309 -0.30892
0.06573 0.19576
-0.01049 0.01897
0.00000 0.00000
0.00000 0.00000
-0.18438 -0.03970
0.10346 0.16594
0.00367 -0.00532
0.00000 0.00000
0.06632 -0.09614
-0.20988 0.02917
0.00000 0.00000
0.18134 -0.26288
0.08832 -0.12804
0.00000 0.00000
-0.11499 0.20792
0.09506 0.01248
0.00000 0.00000
0.23620 0.37884
0.23089 -0.33471
-0.09783 0.01360
-0.03871 -0.00834
0.18769 -0.27210
0.00000 0.00000
0.00000 0.00000
0.03285 -0.04762
0.15894 0.25492
0.09005 -0.13055
0.00000 0.00000
0.00000 0.00000
0.07304 0.11714
0.00000 0.00000
-0.08135 0.14709
0.04019 0.11969
0.09025 -0.13084
0.02640 0.07862
0.11509 -0.16684
0.16681 -0.24183
0.00000 0.00000
0.00000 0.00000
0.00000 0.00000
0.00304 0.09031
0.00440 0.13041
0.00000 0.00000
0.01273 -0.01846
0.00000 0.00000
0.00000 0.00000
0.00000 0.00000
0.27639 -0.40068
0.00000 0.00000
-0.41472 0.05763
0.00000 0.00000
0.00000 0.00000
0.00000 0.00000
0.06700 -0.09713
0.00000 0.00000
0.00000 0.00000
-0.12766 0.01774
-0.17813 -0.03836
0.16410 0.26319
-0.06313 0.11415
0.00831 0.24648
0.10889 0.32429
0.00000 0.00000
0.06342 0.10172
0.00000 0.00000
0.00000 0.00000
-0.23469 0.03261
-0.21482 0.02985
-0.02716 0.04911
0.02269 0.03640
0.06598 -0.09565
0.25868 -0.37500
0.23170 -0.33589
0.06944 -0.10067
0.00000 0.00000
0.10122 -0.14674
0.00000 0.00000
0.06538 -0.09478
0.08924 -0.12937
0.00000 0.00000
0.08428 -0.12218
0.00000 0.00000
-0.04086 -0.00880
0.17938 -0.26005
0.00000 0.00000
0.00000 0.00000
0.05222 -0.07570
0.00049 -0.07648
0.00000 0.00000
0.15512 -0.22487
0.00117 0.03462
0.01102 -0.01597
0.15992 -0.23184
0.23918 -0.34673
-0.08120 0.01128
0.00000 0.00000
0.00000 0.00000
0.13350 0.21412
0.00000 0.00000
0.12796 0.20523
0.00000 0.00000
0.00000 0.00000
0.00000 0.00000
0.12452 0.19971
0.13110 -0.08070
0.00000 0.00000
0.25627 -0.37151
0.05467 -0.07926
0.05296 -0.07677
0.00019 -0.02869
0.00000 0.00000
-0.01857 0.01222
0.09196 -0.13331
-0.25019 0.03477
0.06252 0.10027
-0.16439 -0.03540
0.00000 0.00000
0.02995 0.04804
0.00000 0.00000
0.00000 0.00000
-0.09021 -0.04465
0.13660 -0.19803
0.00000 0.00000
-0.03829 0.00564
0.00000 0.00000
0.00000 0.00000
0.07972 0.23741
0.00000 0.00000
0.08704 0.13959
0.00000 0.00000
0.00543 0.16100
0.00000 0.00000
0.04787 0.07678
-0.06283 -0.01353
-0.01361 -0.00673
0.00324 0.09596
0.15959 0.25596
0.00000 0.00000
0.19510 -0.28283
-0.03209 -0.04739
-0.00551 0.00997
0.00000 0.00000
0.00000 0.00000
0.00000 0.00000
0.17785 0.28524
-0.05016 0.04414
0.08761 0.14051
-0.00830 0.01979
0.00000 0.00000
0.00000 0.00000
0.00000 0.00000
0.00000 0.00000
0.00000 0.00000
0.13539 0.40321
0.04223 0.12578
0.13951 -0.20224
0.00000 0.00000
0.00000 0.00000
0.23094 -0.33479
-0.00754 -0.00162
-0.31069 0.04318
-0.31490 -0.06781
0.11173 -0.16198
0.02173 0.02230
0.12402 0.12726
0.00000 0.00000
0.00000 0.00000
0.01333 0.03970
0.08169 0.13102
0.00000 0.00000
0.07912 -0.11470
0.08547 -0.12390
0.05618 -0.08144
0.00000 0.00000
0.00732 0.21706
0.00000 0.00000
0.00000 0.00000
0.11000 -0.15947
0.04406 0.07066
0.05588 -0.08100
-0.07385 -0.01590
0.00000 0.00000
-0.10230 0.18496
0.17573 -0.25476
0.00000 0.00000
0.05830 -0.08452
0.00004 -0.00549
0.05109 -0.07407
0.11102 -0.16094
-0.09536 0.01325
0.05703 0.09147
-0.24977 -0.05378
0.09242 0.14823
0.00022 -0.03469
0.00000 0.00000
0.21625 -0.31350
0.00000 0.00000
0.14735 -0.21361
0.00000 0.00000
0.00000 0.00000
0.17112 0.27446
0.01126 0.01806
0.00170 0.05034
-0.29703 -0.06396
0.10048 -0.14567
-0.35607 0.04948
0.01209 0.35862
-0.24863 0.03455
0.00000 0.00000
-0.30095 0.04182
-0.40975 0.05694
0.00000 0.00000
-0.23554 0.03273
-0.13774 0.01914
0.07184 0.11523
0.09947 -0.14420
0.08905 -0.12910
0.00000 0.00000
0.00000 0.00000
0.14575 -0.21130
0.07064 -0.04348
0.26410 -0.38287
0.04578 -0.06637
-0.34010 0.04726
0.01408 -0.02041
-0.16976 -0.03656
-0.29115 0.04046
0.00057 0.00170
-0.02425 0.00357
-0.02958 -0.00637
0.07278 -0.10551
0.00035 -0.05490
0.07425 0.22114
0.13919 -0.20179
0.09797 -0.14202
0.00000 0.00000
0.00000 0.00000
0.05910 0.06064
0.00000 0.00000
0.06393 -0.03935
0.08151 -0.11817
0.22604 -0.32768
-0.06837 -0.01472
0.00000 0.00000
0.05946 0.09537
0.06437 -0.09332
-0.02607 0.00362
0.00000 0.00000
0.05555 0.16544
0.00010 -0.01502
0.04510 0.07233
0.00974 0.01563
0.13633 0.40603
-0.17538 0.02437
0.03668 -0.05317
0.12996 -0.18840
0.00000 0.00000
-0.04840 -0.01042
0.04065 0.06519
0.06763 0.20141
0.00000 0.00000
-0.15322 0.02129
0.00000 0.00000
0.00000 0.00000
0.16861 0.27042
0.00000 0.00000
-0.05652 0.10220
-0.21817 0.03032
0.04940 0.07923
0.07943 -0.11515
0.07256 0.11638
-0.01225 0.01808
0.00000 0.00000
-0.06742 0.00937
-0.22084 0.03069
-0.27936 -0.06016
0.00000 0.00000
-0.03906 0.00543
-0.35935 0.04994
0.00000 0.00000
0.00000 0.00000
0.00000 0.00000
0.00000 0.00000
0.09722 0.15593
0.21489 -0.31152
0.00000 0.00000
0.00000 0.00000
0.12374 0.19846
0.00000 0.00000
0.10281 0.30620
0.07657 0.01005
0.15629 0.46547
0.00000 0.00000
-0.05824 -0.01254
0.18632 0.29883
-0.05102 0.04491
0.00000 0.00000
-0.23847 -0.05135
0.00000 0.00000
0.00000 0.00000
0.00000 0.00000
0.00252 0.00033
0.10476 -0.15187
-0.23967 -0.05161
0.00000 0.00000
0.00000 0.00000
0.00873 0.01400
0.16441 0.26369
-0.08129 0.01130
0.06905 0.20564
0.00000 0.00000
0.00000 0.00000
0.07445 -0.10794
0.00931 -0.01349
-0.14195 0.25666
-0.13677 0.01901
0.07008 0.20871
0.10727 -0.15551
0.13165 -0.19085
-0.30140 0.04188
-0.02640 0.00367
-0.14180 0.01970
0.00000 0.00000
0.04366 0.07002
0.00000 0.00000
0.09030 0.09266
0.00000 0.00000
0.00000 0.00000
0.00410 0.12167
0.00000 0.00000
-0.12535 -0.02699
-0.09789 0.01360
0.00000 0.00000
0.05705 -0.08271
0.00000 0.00000
0.00288 0.00463
0.25279 0.40544
0.00000 0.00000
-0.17280 0.02401
0.00000 0.00000
0.06952 0.11151
-0.41961 0.05831
0.05500 0.16380
0.21050 0.33762
-0.03750 -0.01856
-0.23848 -0.05135
0.02590 0.07714
0.00000 0.00000
0.12469 0.19999
0.00000 0.00000
0.00000 0.00000
-0.12119 0.01684
0.06844 -0.09922
0.00000 0.00000
0.00000 0.00000
-0.11655 0.01620
0.06562 -0.09513
0.09790 0.10046
-0.01295 0.00180
-0.10884 -0.05386
-0.17993 -0.03875
0.04351 0.06978
0.00000 0.00000
0.07643 -0.04705
0.00426 0.00684
0.13720 -0.19889
0.00000 0.00000
0.03115 0.04996
0.00000 0.00000
-0.08173 -0.01760
0.00000 0.00000
-0.27708 0.03850
0.00000 0.00000
0.20014 0.32099
0.02627 -0.03808
0.00000 0.00000
0.19232 0.30845
0.01165 -0.00717
-0.21209 0.02947
0.00000 0.00000
0.01484 -0.02152
0.10735 -0.15562
0.18170 0.29142
-0.39888 -0.08589
-0.07816 -0.01683
0.04851 -0.02986
-0.18368 0.02553
0.02633 -0.03817
0.00000 0.00000
-0.23483 0.03263
0.00000 0.00000
0.00000 0.00000
0.03532 0.05665
-0.13087 0.01819
0.00000 0.00000
-0.22738 -0.04896
0.18502 0.29674
0.00070 -0.10849
0.00000 0.00000
0.00000 0.00000
0.00000 0.00000
-0.36390 0.05057
0.23250 0.37289
0.16331 -0.23675
-0.30469 0.04234
0.00000 0.00000
-0.12705 0.01766
0.00000 0.00000
0.00000 0.00000
0.24347 -0.35296
0.29518 -0.42792
-0.14309 -0.03081
0.00009 -0.01425
0.00000 0.00000
0.00000 0.00000
0.00000 0.00000
-0.24510 0.03406
0.27767 -0.40254
0.17742 -0.25721
0.00000 0.00000
0.00000 0.00000
0.00000 0.00000
0.26283 -0.38103
0.00000 0.00000
0.21699 -0.31456
0.03663 0.00481
0.01939 -0.02811
0.01494 0.02397
0.09477 -0.13739
0.19612 -0.28431
-0.27711 0.03851
0.00000 0.00000
0.00000 0.00000
0.00000 0.00000
-0.11051 -0.02380
0.00463 0.00475
0.00000 0.00000
0.00000 0.00000
0.00000 0.00000
0.18594 -0.26955
0.00000 0.00000
0.00000 0.00000
0.00000 0.00000
-0.33969 -0.07315
0.00000 0.00000
0.00000 0.00000
0.00126 -0.19579
0.00000 0.00000
-0.04168 0.02744
0.17871 -0.25908
-0.24099 0.03349
0.00126 0.03739
0.00000 0.00000
0.00000 0.00000
-0.23110 0.03211
0.10278 0.16485
0.05584 -0.08095
-0.05868 -0.01264
0.23778 -0.34470
0.14597 -0.21161
0.00631 -0.00915
0.00000 0.00000
0.00000 0.00000
0.15214 -0.22055
0.00000 0.00000
0.00000 0.00000
0.00000 0.00000
0.12920 -0.18730
0.00268 0.07945
0.16654 -0.24144
-0.11812 0.21358
0.09438 0.28110
-0.30989 0.04306
0.00174 0.02644
0.00000 0.00000
-0.13500 0.24410
0.09676 -0.14028
0.00000 0.00000
-0.45333 0.06300
0.00000 0.00000
0.12550 0.37378
0.00000 0.00000
0.01204 -0.01745
0.00582 0.00934
0.13994 0.22444
-0.01683 0.00234
0.15064 -0.21838
0.00000 0.00000
-0.08203 -0.04060
0.00000 0.00000
0.00000 0.00000
0.00000 0.00000
-0.09477 0.13987
-0.04933 0.04342
0.20091 -0.29126
0.01984 0.05909
0.11621 -0.16847
0.00000 0.00000
-0.17561 -0.08691
0.11871 -0.17209
-0.06533 0.11812
-0.09123 0.01268
0.04081 0.06545
-0.17906 -0.03856
0.00000 0.00000
0.00000 0.00000
0.05599 -0.08116
0.15785 0.25317
0.08081 0.24068
0.21980 -0.31864
0.01924 -0.02789
-0.02418 -0.00521
0.18795 0.30145
0.03880 0.11556
0.00000 0.00000
0.00000 0.00000
0.00598 0.00959
-0.17725 0.02463
0.07295 0.07485
0.00118 0.03510
0.00000 0.00000
0.17803 -0.25809
0.00000 0.00000
-0.13966 -0.03007
0.00268 0.07956
0.00000 0.00000
0.09830 0.15767
0.08612 -0.12485
0.14205 -0.20593
0.00000 0.00000
0.00000 0.00000
-0.47995 0.06670
0.00000 0.00000
0.12390 -0.17962
-0.42952 0.05969
0.04178 0.06701
0.23068 0.36998
-0.00089 0.00267
0.00083 0.02455
-0.14574 0.02025
-0.30740 0.04272
-0.01732 0.00241
0.00059 0.01748
0.00000 0.00000
-0.21400 0.02974
0.00723 -0.01048
0.00000 0.00000
0.00000 0.00000
-0.13142 -0.02830
0.00000 0.00000
0.02452 -0.03555
0.04018 0.06445
-0.21246 -0.04575
0.00000 0.00000
0.00000 0.00000
0.01488 0.01527
0.00000 0.00000
0.02472 -0.03584
0.20282 0.32530
0.17721 0.28423
-0.07035 -0.01515
0.00000 0.00000
0.18463 0.29612
0.00000 0.00000
-0.27569 -0.05937
0.18216 0.29215
0.14350 0.42739
0.00000 0.00000
0.02651 0.04252
-0.02672 0.04830
0.11206 0.17973
-0.39907 -0.08594
0.13644 -0.19780
0.00000 0.00000
0.09991 0.16025
0.00000 0.00000
-0.44477 0.06181
0.00000 0.00000
0.00000 0.00000
0.00000 0.00000
0.00432 0.12828
0.17614 -0.25535
0.10218 -0.14813
-0.00478 0.01141
0.00000 0.00000
-0.46329 0.06438
0.15715 0.25204
0.13005 -0.18854
0.04784 -0.06935
0.05788 0.09282
0.00000 0.00000
0.00000 0.00000
0.08947 -0.12970
-0.11578 -0.00654
0.00000 0.00000
0.00000 0.00000
-0.34198 0.04752
0.00000 0.00000
0.16135 -0.23391
-0.36027 0.05006
0.00000 0.00000
-0.25119 0.03491
0.01780 0.05301
0.00588 0.17451
0.14207 -0.20596
0.00000 0.00000
0.00000 0.00000
0.00000 0.00000
-0.28130 -0.06058
0.00907 0.26892
-0.03295 0.05958
0.09565 -0.13866
-0.23429 0.03256
0.00000 0.00000
0.24056 -0.34874
-0.00656 -0.00141
0.05501 0.16384
0.15553 -0.22547
0.01490 -0.02160
0.04738 -0.02916
0.00000 0.00000
-0.18578 -0.04001
0.00000 0.00000
0.00000 0.00000
0.25676 -0.37223
-0.21331 -0.04593
-0.06392 0.09434
0.00000 0.00000
0.00000 0.00000
-0.35472 -0.07638
-0.14647 -0.03154
0.17972 -0.26053
0.00000 0.00000
-0.06391 -0.01376
-0.26448 0.03675
0.24553 0.39379
-0.12596 0.04868
0.13325 -0.08202
0.00000 0.00000
0.00074 0.01125
0.05735 0.09199
-0.24108 0.03350
-0.04816 0.00669
0.13932 -0.20197
0.00285 -0.00413
0.22916 -0.33221
-0.08766 -0.01888
0.09348 -0.13551
0.00000 0.00000
0.00000 0.00000
0.26504 -0.38423
0.01388 -0.00854
0.00000 0.00000
0.18807 0.30163
0.00000 0.00000
0.00000 0.00000
0.00000 0.00000
0.00000 0.00000
-0.08961 0.01245
0.00044 -0.06840
0.15275 0.24499
0.00269 0.07975
-0.03575 -0.00770
0.00000 0.00000
0.06459 -0.09363
-0.33206 -0.07150
0.05220 0.08372
0.00999 0.01026
0.05986 -0.08678
0.01300 -0.01885
0.00891 0.02653
0.00000 0.00000
0.00000 0.00000
0.08326 -0.05125
-0.20180 0.02973
0.00000 0.00000
0.00000 0.00000
0.00000 0.00000
0.20220 0.32430
-0.25151 0.03495
0.05451 -0.07902
0.22320 0.35798
-0.35370 0.04915
0.00000 0.00000
-0.06240 0.00867
0.13219 0.21202
-0.38236 0.05313
0.08525 0.08747
0.00000 0.00000
0.00000 0.00000
0.16771 0.26898
0.09322 0.14951
-0.22704 -0.04889
0.00000 0.00000
0.00555 0.08421
0.05323 -0.07717
-0.02117 0.00294
-0.47224 0.06562
-0.24886 0.03458
0.10195 0.16351
0.00000 0.00000
0.18405 0.29519
0.00000 0.00000
-0.23383 -0.05035
0.00000 0.00000
0.15436 -0.22378
-0.46667 0.06485
0.01550 0.02486
-0.15661 -0.03372
0.00000 0.00000
0.13216 0.39361
0.03927 -0.05693
0.11542 -0.16733
-0.16163 -0.03481
-0.05383 0.00748
0.00000 0.00000
-0.12863 -0.06366
0.18594 -0.26956
0.14301 0.22936
0.00329 0.00528
0.03424 0.05491
0.05101 -0.07395
0.00000 0.00000
0.00000 0.00000
0.09137 0.01200
0.01326 -0.01922
0.00000 0.00000
0.03457 0.05545
0.00000 0.00000
0.15425 -0.22362
0.00000 0.00000
-0.13743 -0.02959
0.00000 0.00000
0.17635 -0.25565
0.00000 0.00000
0.02017 -0.03738
0.00000 0.00000
0.12184 0.19542
-0.14528 0.02019
-0.29201 -0.06288
0.06293 -0.09124
0.07859 0.12605
-0.10487 0.01457
0.26620 -0.38591
0.00000 0.00000
-0.31046 0.04314
-0.15306 0.02127
-0.05069 0.00747
0.00000 0.00000
0.00000 0.00000
0.14353 -0.20807
0.19026 0.30515
0.17647 0.28303
0.01565 -0.02269
0.17664 -0.25607
0.14959 -0.21686
0.02227 0.06633
0.00000 0.00000
0.00551 -0.00798
-0.00287 0.00040
-0.13271 -0.02858
0.00000 0.00000
0.09938 0.10197
0.00000 0.00000
0.00000 0.00000
-0.27912 -0.06011
-0.24528 -0.05282
0.00000 0.00000
0.00000 0.00000
0.23420 -0.33952
0.20178 -0.29252
-0.35146 0.04884
0.23776 0.38133
0.00000 0.00000
0.08055 -0.11677
0.00000 0.00000
0.14036 0.41804
-0.32689 0.04543
0.00000 0.00000
0.00000 0.00000
0.17569 -0.25470
0.04769 -0.06914
0.06101 0.09785
0.01148 0.01178
0.14751 -0.21385
0.00000 0.00000
0.03456 -0.05011
-0.36884 0.05125
0.00000 0.00000
0.00000 0.00000
0.08932 0.09165
0.00302 -0.00438
-0.30989 -0.06673
-0.07427 0.02871
0.04809 0.14324
0.10541 -0.15281
0.16125 -0.23376
0.12265 0.36528
-0.14092 0.25480
0.00000 0.00000
0.10852 0.17406
0.03039 0.09051
0.00000 0.00000
0.00000 0.00000
-0.08718 0.15764
0.08704 -0.12618
0.00000 0.00000
0.07655 -0.11097
0.00000 0.00000
0.14278 0.42524
0.05926 -0.08591
-0.00668 0.01593
0.07884 0.12645
0.00576 0.17092
0.00000 0.00000
0.00000 0.00000
0.17081 -0.24763
0.00000 0.00000
0.03822 0.06130
0.09179 -0.13307
0.00000 0.00000
0.00000 0.00000
0.00000 0.00000
0.00000 0.00000
0.00000 0.00000
0.00000 0.00000
0.09710 0.28920
0.00000 0.00000
0.14227 -0.20624
0.00000 0.00000
0.00000 0.00000
-0.08283 -0.01784
0.04587 -0.06649
0.16567 -0.24018
0.09969 -0.14452
0.00000 0.00000
-0.19437 -0.04186
-0.14700 0.02043
0.00000 0.00000
0.06508 0.06678
0.17105 -0.24796
0.27347 0.43861
0.00000 0.00000
0.00578 0.17138
0.25763 -0.37348
0.01793 0.02876
0.00000 0.00000
0.00000 0.00000
0.11865 -0.17200
-0.22943 0.03188
0.00000 0.00000
0.01678 0.02691
-0.23385 0.03250
0.12921 0.38483
-0.23761 -0.05117
0.00000 0.00000
0.02373 0.02435
0.00000 0.00000
0.12919 -0.18728
0.12778 -0.18524
0.08438 -0.12232
0.12389 0.19870
0.00000 0.00000
0.00000 0.00000
0.00000 0.00000
-0.11911 0.01755
0.00000 0.00000
0.00000 0.00000
0.04431 -0.02728
-0.01908 0.00265
0.00000 0.00000
-0.45556 0.06331
-0.17499 0.02432
0.24972 -0.36202
0.00000 0.00000
0.10582 0.16972
0.00000 0.00000
-0.26939 0.03744
0.14675 -0.21275
0.00000 0.00000
0.00000 0.00000
-0.42716 0.05936
0.00000 0.00000
0.00000 0.00000
-0.41388 0.05751
0.01373 -0.01991
0.10759 -0.15597
-0.27491 -0.05920
-0.24732 -0.05326
0.08828 -0.12798
0.00169 0.05020
0.00000 0.00000
0.23866 0.38278
0.00000 0.00000
-0.23735 0.03298
0.04879 -0.07072
-0.16838 -0.03626
0.00255 0.00760
0.00102 -0.15831
0.00544 0.08260
0.21574 -0.31276
0.00000 0.00000
-0.01465 -0.00083
0.00000 0.00000
0.00879 0.00902
0.00000 0.00000
0.00823 -0.01193
0.00000 0.00000
-0.40534 0.05633
-0.26803 0.03725
0.00348 -0.00214
0.03332 -0.04830
0.02775 0.08264
-0.24001 -0.05168
0.03039 -0.04405
-0.16394 0.02278
-0.14977 0.27079
0.03249 -0.04711
0.03973 0.11831
0.12794 0.13128
0.00000 0.00000
0.00000 0.00000
-0.22861 0.03177
-0.10708 -0.02306
-0.01940 -0.00418
0.00460 -0.00667
-0.29887 0.04153
0.08358 0.13405
0.07158 -0.10377
0.16517 0.26491
0.00000 0.00000
0.00000 0.00000
-0.47570 0.06610
-0.08254 -0.01777
0.03477 -0.05040
0.10625 0.17041
0.00000 0.00000
0.00000 0.00000
-0.14722 0.02046
0.00000 0.00000
0.02351 0.03771
0.14184 -0.20562
0.02437 -0.03533
-0.09996 0.18074
0.00000 0.00000
0.00000 0.00000
0.09341 0.14982
0.00000 0.00000
-0.04591 0.00638
0.12069 -0.17496
-0.28438 0.03952
0.00000 0.00000
-0.00142 0.00020
0.14572 0.23372
0.00000 0.00000
0.00000 0.00000
0.08887 -0.12883
0.08212 -0.11905
0.13647 -0.19785
-0.13411 0.01864
-0.34896 0.04849
0.00411 -0.00595
-0.04708 0.04144
0.00000 0.00000
0.11573 -0.16777
0.01479 -0.02144
-0.21279 -0.04582
0.00000 0.00000
-0.31954 -0.06881
0.15900 0.25502
0.04804 -0.06965
0.00895 -0.01297
0.01192 0.35343
0.00000 0.00000
-0.20473 0.02845
0.20092 -0.29127
0.11710 -0.16976
0.00000 0.00000
0.14324 0.22974
0.00000 0.00000
-0.08544 -0.01840
0.16926 -0.24537
0.00000 0.00000
0.00000 0.00000
-0.24372 -0.05248
0.00000 0.00000
0.00000 0.00000
0.00000 0.00000
-0.11682 -0.02516
0.00000 0.00000
0.00000 0.00000
0.00000 0.00000
0.08595 0.13786
0.00000 0.00000
0.15114 -0.21910
0.23868 -0.34601
-0.00519 -0.00112
0.00681 0.00699
0.14821 -0.21485
0.21239 -0.30790
-0.32891 0.04571
0.00000 0.00000
-0.06392 -0.01377
0.07533 -0.10920
0.01293 0.03852
0.23722 -0.34390
0.00000 0.00000
-0.01392 -0.00689
0.04963 0.14780
0.00000 0.00000
-0.25547 0.03550
0.01711 -0.02480
-0.38323 0.05326
0.00000 0.00000
0.00000 0.00000
0.00000 0.00000
0.27099 -0.39285
0.03448 0.05530
-0.07827 -0.03874
0.13707 -0.19871
0.14577 -0.21132
0.00000 0.00000
0.06242 -0.03842
0.04101 0.12214
0.00000 0.00000
0.03849 -0.05580
0.00000 0.00000
-0.07031 0.12713
0.07265 -0.10531
-0.06137 0.00853
0.22487 -0.32599
0.01107 0.01775
0.00000 0.00000
-0.01783 -0.00384
-0.22106 0.03072
0.12188 -0.17669
-0.21297 -0.04586
0.01126 0.01806
0.14309 -0.20744
0.00000 0.00000
0.11683 0.34796
0.03325 -0.04820
0.00009 0.00264
-0.29169 0.04053
0.00000 0.00000
0.00899 -0.01303
0.06590 0.10569
0.05705 -0.08271
0.22281 -0.32300
0.00000 0.00000
-0.18823 0.02616
-0.05409 -0.01165
0.04041 -0.05858
0.11516 0.18470
0.03971 0.06369
-0.32668 0.04540
0.00578 0.00927
-0.17818 0.02476
-0.19977 0.02776
0.04719 -0.06840
0.00000 0.00000
0.13492 -0.19559
0.11628 -0.16857
0.08411 0.25049
0.18146 -0.26306
0.00000 0.00000
-0.41908 0.05824
0.00000 0.00000
0.00000 0.00000
0.03953 0.06340
0.00000 0.00000
0.00000 0.00000
0.03241 0.05198
-0.03876 0.03411
0.00000 0.00000
0.00000 0.00000
-0.24191 -0.05209
-0.03158 -0.01563
0.09720 0.15590
0.00000 0.00000
0.00000 0.00000
0.00000 0.00000
0.00000 0.00000
0.04416 -0.06402
-0.16650 0.02314
0.00640 0.01026
-0.04960 -0.01068
0.18713 -0.27129
0.05440 0.08725
0.00000 0.00000
0.00000 0.00000
0.06384 -0.09255
-0.07661 0.13852
-0.25288 0.03514
-0.23369 0.03247
0.00000 0.00000
0.14161 -0.20529
0.00000 0.00000
-0.13400 0.01862
0.21178 0.33967
0.08677 -0.12579
0.06193 0.09932
-0.24056 0.03343
0.10572 -0.15326
-0.08875 0.01307
0.00468 0.13876
0.00000 0.00000
-0.17411 -0.03749
0.00000 0.00000
-0.51051 0.07094
0.10828 0.17366
-0.23302 0.03238
0.00000 0.00000
0.00000 0.00000
0.14175 -0.20549
-0.01255 -0.00621
-0.00556 -0.00120
0.00000 0.00000
-0.13714 0.24797
-0.40880 0.05681
0.07362 -0.10672
0.00000 0.00000
0.21271 -0.30837
0.01141 0.01829
-0.27017 -0.05818
0.11279 -0.16350
0.00000 0.00000
0.04227 0.06780
0.21535 -0.31219
0.00000 0.00000
0.00000 0.00000
-0.06382 0.02466
-0.29109 0.04045
0.00000 0.00000
0.00000 0.00000
-0.02313 -0.03416
0.02564 0.02631
-0.00299 0.00041
0.08462 -0.12267
0.00000 0.00000
0.08824 0.09054
0.00000 0.00000
-0.27217 0.03782
0.00000 0.00000
0.09760 0.29069
0.11930 0.12241
0.11495 -0.16664
0.23466 -0.34019
0.05772 0.17191
0.10730 -0.15555
-0.00848 0.01251
0.00000 0.00000
0.15880 -0.23021
0.01000 -0.01449
-0.27155 0.03774
-0.01067 -0.01577
0.00000 0.00000
0.15381 -0.22298
0.00000 0.00000
0.00000 0.00000
-0.39175 0.05444
0.00000 0.00000
0.00000 0.00000
0.00000 0.00000
-0.34503 0.04795
0.00000 0.00000
0.19945 -0.28914
0.00000 0.00000
-0.37340 0.05189
0.00000 0.00000
0.00000 0.00000
0.14728 -0.21351
0.05548 0.08899
0.00000 0.00000
0.09130 -0.13235
-0.02994 -0.00645
0.06397 0.10260
-0.13810 0.01919
-0.43507 0.06046
0.05289 -0.07667
0.13006 0.38735
-0.32580 0.04527
0.00774 0.01241
0.19725 -0.28596
0.12525 -0.18157
-0.00784 -0.00169
0.00000 0.00000
0.00000 0.00000
-0.40075 -0.08630
0.08488 -0.12305
0.00000 0.00000
-0.10664 0.01482
0.00000 0.00000
-0.44950 0.06246
-0.21437 0.02979
0.02761 0.08224
0.00000 0.00000
-0.08543 0.01187
0.08432 0.13523
0.13768 -0.19960
0.07733 0.12403
0.00000 0.00000
0.16723 -0.24243
-0.01047 0.01893
-0.22371 0.03109
0.00000 0.00000
0.04481 -0.06496
0.16236 -0.23537
0.21029 -0.30486
0.00000 0.00000
-0.27185 0.03778
0.22158 0.35538
0.00000 0.00000
0.15465 0.24804
0.04245 -0.02613
-0.04191 0.00582
0.01959 -0.02840
0.00000 0.00000
-0.24917 -0.05366
0.00000 0.00000
0.16592 -0.24054
0.01727 0.02770
0.01695 0.02718
0.02572 0.04125
0.07514 0.12052
0.00000 0.00000
0.04346 -0.06300
-0.01949 0.03524
0.00000 0.00000
-0.00881 -0.01301
-0.06779 -0.03355
0.00000 0.00000
-0.13135 0.01825
-0.28201 0.03919
0.00000 0.00000
0.00000 0.00000
0.00000 0.00000
0.00272 0.08069
0.07916 -0.11475
0.00000 0.00000
0.00000 0.00000
0.05184 0.08314
0.00000 0.00000
-0.04889 0.00679
0.05691 0.05839
0.00000 0.00000
-0.00978 -0.00211
-0.13209 0.01836
0.00000 0.00000
0.00000 0.00000
0.06293 -0.09122
0.00000 0.00000
0.00000 0.00000
0.00000 0.00000
0.29503 -0.42770
0.06790 -0.09844
-0.40211 0.05588
0.02022 -0.01245
0.13972 -0.20255
0.08952 -0.05511
-0.26841 0.03730
0.01639 0.02628
0.00000 0.00000
0.17282 -0.25053
0.04616 0.07403
0.00000 0.00000
-0.16453 -0.03543
-0.29275 0.04068
0.00000 0.00000
0.00000 0.00000
0.00000 0.00000
0.00000 0.00000
0.00000 0.00000
0.05916 0.09488
-0.49567 0.06888
0.08602 0.13796
-0.26719 -0.05754
0.26831 -0.38896
0.00000 0.00000
-0.33490 0.04654
-0.02624 -0.00565
0.05149 0.08258
-0.17883 0.02485
0.06430 -0.09322
0.16014 0.25685
0.00000 0.00000
0.00000 0.00000
-0.02240 0.00311
0.00000 0.00000
0.00000 0.00000
0.06130 0.09831
-0.00603 0.00084
-0.19223 -0.04139
0.00019 -0.02900
0.16913 0.27127
0.21585 -0.31291
0.07813 0.23269
0.00017 -0.00024
0.09218 -0.13363
0.09195 -0.13330
0.00696 -0.01009
0.00000 0.00000
-0.20963 0.02913
0.12701 0.20371
-0.05169 -0.00292
-0.06993 0.00972
0.00000 0.00000
0.09469 0.15187
-0.02324 -0.03433
0.00000 0.00000
0.08309 -0.12046
-0.47519 0.06603
0.04899 -0.07102
0.00000 0.00000
0.00000 0.00000
0.03346 0.09966
0.00000 0.00000
0.07886 0.12648
0.00000 0.00000
0.00000 0.00000
0.22664 -0.32856
0.13402 0.39914
0.00000 0.00000
-0.36695 0.05099
0.07363 0.21928
-0.17704 -0.03812
0.17361 0.27845
0.10046 0.16113
-0.24354 0.03384
-0.04368 -0.02162
0.07424 -0.10762
0.00000 0.00000
0.18057 -0.26177
-0.29016 0.04032
0.11134 -0.16141
0.00000 0.00000
-0.29042 0.04036
0.00000 0.00000
0.04543 0.13531
0.00000 0.00000
0.00050 0.00148
-0.06263 0.00870
0.00000 0.00000
0.01738 0.05176
0.24202 -0.35086
0.00000 0.00000
0.00000 0.00000
0.02496 0.04004
0.00090 0.02665
0.22678 -0.32875
0.01862 0.28253
-0.38655 -0.08324
0.21388 -0.31006
0.00000 0.00000
-0.03910 0.00543
0.00000 0.00000
0.00000 0.00000
0.14341 0.23000
-0.27459 0.03816
0.00000 0.00000
0.00000 0.00000
-0.04577 0.00674
0.01310 0.01344
0.00000 0.00000
0.05455 -0.07909
0.03006 0.04820
0.00000 0.00000
-0.01777 -0.02625
0.02146 -0.03111
0.00000 0.00000
-0.10992 -0.05440
-0.02071 0.00288
-0.24966 0.03469
0.00000 0.00000
-0.03165 0.05723
-0.12624 0.22826
-0.00684 0.00264
-0.47010 0.06533
0.19906 -0.28858
0.00005 -0.00828
-0.00406 -0.00087
0.00000 0.00000
-0.11162 0.01551
0.00000 0.00000
-0.24114 -0.05193
0.20696 -0.30003
0.17240 -0.24993
0.05066 -0.07344
-0.07037 0.00978
0.04923 -0.07137
0.10212 -0.14804
0.13546 0.21727
0.00000 0.00000
0.00000 0.00000
0.00000 0.00000
0.00000 0.00000
0.02420 -0.03508
0.00000 0.00000
0.00076 0.00123
0.01876 0.03009
0.19119 -0.27716
0.09090 -0.05595
0.14182 -0.20560
0.00000 0.00000
0.08440 0.13536
0.12736 -0.18463
0.07727 -0.11202
0.00000 0.00000
0.22901 0.36730
0.06725 -0.09749
0.07726 -0.11201
-0.06834 0.12357
0.00000 0.00000
0.02026 -0.02937
-0.13316 0.01850
0.00000 0.00000
-0.01118 0.00155
-0.00508 0.00071
0.00000 0.00000
-0.16604 -0.03576
-0.04125 -0.02041
0.11993 0.35719
0.00000 0.00000
0.13924 -0.08571
0.03840 -0.05567
0.08580 0.13761
0.00000 0.00000
0.00000 0.00000
-0.14241 0.01979
0.05593 -0.08108
0.00000 0.00000
0.00900 0.26692
0.25152 -0.36463
0.12735 -0.18462
0.19417 -0.28149
-0.19150 0.02661
-0.32482 0.04514
0.00000 0.00000
0.00000 0.00000
-0.41594 0.05780
0.11588 0.34511
-0.11695 -0.02518
0.27577 0.44229
-0.28884 0.04014
0.00323 0.00332
0.15618 -0.22642
0.00000 0.00000
0.04921 0.05049
0.04335 0.06952
0.00000 0.00000
-0.30005 -0.06461
-0.14382 0.01999
-0.18635 0.02590
0.09556 -0.13854
0.00000 0.00000
-0.29060 -0.06258
-0.28923 0.04019
-0.09338 -0.02011
0.00000 0.00000
-0.03139 0.00436
0.00645 -0.00935
0.00000 0.00000
-0.11520 0.17002
0.03381 0.05423
-0.06567 0.02538
0.00018 -0.02735
0.00000 0.00000
-0.06352 0.09375
0.02408 0.03861
0.01029 0.30532
0.02595 -0.01597
0.10634 0.31672
-0.00010 0.00001
-0.32786 0.04556
-0.04580 -0.00259
0.00000 0.00000
0.21251 0.34084
-0.15375 -0.03311
0.06442 -0.03966
0.12013 -0.17416
0.02222 0.03563
-0.01191 0.00175
-0.19380 -0.04173
0.00000 0.00000
0.15580 -0.22586
-0.01993 0.00294
0.00000 0.00000
0.17204 -0.24940
0.00000 0.00000
0.00000 0.00000
0.00000 0.00000
0.12200 0.19568
-0.17020 -0.03665
-0.01958 0.02890
0.00000 0.00000
-0.07807 0.01085
0.00000 0.00000
0.00000 0.00000
0.00000 0.00000
0.00000 0.00000
-0.34206 0.04753
0.00000 0.00000
0.15435 0.45969
-0.16170 -0.08003
0.00141 0.02133
-0.00364 -0.00078
0.13824 -0.08509
0.00000 0.00000
0.24623 -0.35696
0.17038 -0.24700
0.06857 0.10997
0.11722 0.18801
0.00000 0.00000
-0.37620 0.05228
0.10092 -0.14630
0.00000 0.00000
0.27757 0.44519
-0.47317 0.06575
-0.00052 0.00007
0.00000 0.00000
-0.13719 0.01906
0.18898 -0.27397
0.00000 0.00000
0.00186 0.02825
0.00000 0.00000
0.09814 -0.14227
0.00000 0.00000
-0.08915 0.01239
0.05528 -0.08015
0.20901 -0.30300
0.03923 -0.05687
0.00038 -0.05881
0.00000 0.00000
0.00000 0.00000
0.00229 0.06795
0.13732 0.14091
0.00362 -0.00525
0.00000 0.00000
-0.14391 0.02000
0.05468 0.08770
-0.16950 -0.03650
0.08890 -0.12888
0.00000 0.00000
0.00000 0.00000
0.01083 0.01737
-0.36287 -0.07814
-0.05076 0.09178
-0.42579 0.05917
0.13971 -0.20254
0.07805 0.12518
-0.16316 0.29501
0.14946 -0.21667
0.00000 0.00000
0.20258 0.32491
-0.05693 0.00791
0.27179 -0.39401
0.02371 -0.03437
-0.21792 0.03028
0.11968 0.35643
-0.17465 -0.03761
0.00000 0.00000
0.16190 -0.23471
0.18586 0.29809
0.20036 0.32135
0.08848 -0.12827
0.00000 0.00000
0.00000 0.00000
0.03608 0.03702
-0.24374 -0.05249
0.00048 -0.07374
0.02470 0.07356
0.00000 0.00000
-0.11296 -0.02432
0.19243 0.30863
0.00000 0.00000
-0.25023 -0.05388
0.00000 0.00000
-0.37892 0.05266
0.10192 -0.14775
0.02292 -0.01411
0.00000 0.00000
0.09688 -0.14044
0.00000 0.00000
0.06152 -0.08918
0.03677 0.05897
-0.45824 0.06368
0.00077 -0.11945
0.00000 0.00000
-0.13399 0.01862
0.16568 0.26574
0.00000 0.00000
0.00000 0.00000
0.17939 -0.26006
0.00000 0.00000
0.02335 0.35424
0.16658 0.26716
0.00546 -0.00792
0.00000 0.00000
-0.23399 0.03252
0.00000 0.00000
0.09030 0.14483
0.00000 0.00000
0.00000 0.00000
-0.04659 0.08423
0.15178 0.15574
0.00000 0.00000
0.01026 -0.01487
0.00000 0.00000
0.15947 -0.23118
-0.32318 0.04491
0.00000 0.00000
0.26493 -0.38407
0.19491 -0.28256
0.21244 -0.30797
0.24630 -0.35706
-0.38255 0.05316
0.00000 0.00000
0.14311 0.22952
0.21323 -0.30911
0.00000 0.00000
-0.19895 -0.04284
0.01957 -0.02838
0.14696 -0.21305
0.00000 0.00000
-0.02226 -0.01101
0.00429 0.12733
-0.09139 0.01270
-0.10649 0.01480
-0.44266 0.06151
0.03441 -0.04988
0.07743 -0.11225
0.06576 -0.09533
-0.29198 -0.06288
0.06769 0.20159
0.15616 0.25046
0.10171 -0.06261
-0.03018 0.04454
-0.11425 -0.00646
0.23271 -0.33736
0.15673 -0.22720
0.04837 0.04963
0.04094 -0.05935
0.00000 0.00000
0.04895 -0.07096
0.14694 0.23566
0.03829 0.11405
0.00026 -0.00037
0.01894 -0.03510
0.05404 -0.07835
0.00000 0.00000
-0.21532 0.02992
0.00000 0.00000
0.00000 0.00000
0.00000 0.00000
-0.13036 -0.02807
0.09191 -0.13325
0.21210 0.34018
0.27760 -0.40243
0.05937 0.17682
0.00000 0.00000
0.06969 0.11178
0.00070 -0.10895
0.00000 0.00000
0.00000 0.00000
0.00000 0.00000
0.00000 0.00000
0.00000 0.00000
0.14915 -0.21621
0.00000 0.00000
-0.25719 -0.05538
0.00000 0.00000
0.00000 0.00000
0.13278 -0.19249
0.09210 0.14772
-0.08948 -0.01927
0.00000 0.00000
0.14603 -0.21170
0.00000 0.00000
0.04270 0.06849
0.04780 0.00627
0.01645 -0.02385
0.00000 0.00000
0.00000 0.00000
-0.36025 -0.07758
0.14768 -0.21408
-0.14009 0.01947
0.00000 0.00000
0.14186 0.22753
0.20435 -0.29624
-0.27297 0.03793
0.01684 -0.02441
-0.39320 0.05464
0.07117 -0.10318
0.00000 0.00000
-0.35703 -0.07688
-0.17684 -0.03808
0.20696 0.33193
0.00000 0.00000
0.00000 0.00000
0.00000 0.00000
0.00000 0.00000
-0.09209 0.01280
0.13646 -0.19782
0.05395 -0.07820
0.24265 0.38917
0.00000 0.00000
0.00000 0.00000
0.12515 0.37272
-0.33076 -0.07122
0.00000 0.00000
0.00000 0.00000
0.02559 0.04104
0.05407 -0.07839
0.09611 -0.13933
0.00000 0.00000
0.02560 0.02626
0.00000 0.00000
0.00000 0.00000
-0.26895 0.03737
0.00000 0.00000
0.00000 0.00000
0.11278 -0.16350
0.10526 0.16882
-0.06830 -0.01471
0.00000 0.00000
0.00000 0.00000
0.02214 -0.03209
0.12824 0.20567
-0.04043 0.00562
-0.24436 0.03396
0.00000 0.00000
-0.17925 0.02491
0.21577 -0.31280
0.00000 0.00000
0.00000 0.00000
0.00000 0.00000
0.00000 0.00000
0.12488 -0.18103
-0.11801 0.01640
0.00000 0.00000
0.02060 -0.02986
0.10353 0.16605
0.00000 0.00000
-0.16564 -0.03567
0.09018 0.14464
0.20378 -0.29542
0.00000 0.00000
-0.25530 0.03548
-0.14658 0.05665
0.08548 -0.12392
0.21405 0.34330
0.10510 -0.15236
-0.10382 -0.02236
0.12743 -0.18473
0.00000 0.00000
0.00000 0.00000
-0.25648 -0.05523
0.08337 0.13371
-0.39147 -0.08430
0.01555 -0.02254
0.00000 0.00000
0.01236 -0.01792
-0.18729 0.02603
0.00000 0.00000
-0.22006 0.03058
-0.29890 0.04154
0.00000 0.00000
-0.43909 0.06102
-0.44063 0.06123
0.00000 0.00000
0.03424 0.10197
-0.23928 0.03325
0.03941 -0.02426
0.00355 0.01058
0.04163 0.06677
0.00000 0.00000
-0.45334 0.06300
0.07526 0.12071
0.00000 0.00000
0.07257 0.11639
-0.34262 -0.07378
-0.06665 0.00926
0.19442 -0.28185
0.00000 0.00000
-0.05450 -0.01174
0.02802 0.08345
0.16208 -0.23496
0.07130 -0.10336
0.12478 0.37163
0.00000 0.00000
-0.14610 -0.03146
0.00000 0.00000
0.00000 0.00000
0.00000 0.00000
0.05469 -0.07929
-0.01049 0.00146
0.04286 -0.06214
0.15406 0.24709
-0.34651 -0.07462
-0.28522 0.03964
-0.11947 0.21601
0.00000 0.00000
0.00000 0.00000
-0.36471 0.05068
-0.03598 -0.05315
0.15979 -0.23164
-0.27287 0.03792
0.00000 0.00000
-0.07774 0.11473
0.08577 0.13756
0.00000 0.00000
-0.13079 -0.06473
-0.00251 -0.00054
0.06345 0.10177
0.00000 0.00000
0.13930 -0.20195
0.08663 0.25800
-0.31034 0.04313
0.06045 0.06203
0.00000 0.00000
0.00000 0.00000
0.10302 0.30681
0.07820 0.12542
0.00000 0.00000
-0.01918 0.04573
0.26416 0.42367
0.05092 0.08167
-0.08061 0.03116
0.00000 0.00000
0.00000 0.00000
-0.29929 -0.06445
0.09716 -0.14086
0.00000 0.00000
0.12249 0.12569
-0.23434 0.03256
-0.31909 0.04434
-0.40097 0.05572
0.00000 0.00000
0.00300 0.08888
-0.04462 0.08068
0.18541 -0.26879
0.00000 0.00000
-0.04137 0.00575
0.00000 0.00000
0.05157 -0.07476
0.12210 0.01603
-0.25064 -0.05397
0.17729 0.28435
0.00000 0.00000
-0.26506 0.03683
0.13120 0.39076
0.00000 0.00000
0.03147 -0.01937
0.19804 -0.28710
0.14442 0.23163
0.00518 0.07861
0.03594 0.05764
0.00000 0.00000
-0.22497 0.03126
-0.11127 -0.00629
0.00000 0.00000
0.10347 -0.15000
0.00000 0.00000
0.21785 -0.31582
-0.17667 -0.03804
0.01642 -0.02380
0.11672 0.18721
0.03336 -0.04836
0.11904 0.19092
0.01689 0.02709
0.00018 -0.02753
0.00000 0.00000
0.00018 -0.02854
0.10996 0.17636
-0.09703 -0.02089
0.06991 -0.10134
0.00000 0.00000
0.00000 0.00000
-0.21404 -0.04609
0.00000 0.00000
0.16483 -0.23896
0.03146 0.09370
0.00000 0.00000
0.03783 -0.05484
-0.20277 0.02818
0.01373 0.04089
0.00000 0.00000
0.00000 0.00000
0.00000 0.00000
0.18262 0.29290
-0.00265 0.00479
0.00000 0.00000
0.00000 0.00000
0.12481 0.20018
0.00000 0.00000
0.00000 0.00000
0.06950 -0.10076
0.00000 0.00000
0.00000 0.00000
0.09941 0.15944
0.00000 0.00000
-0.04116 0.00572
0.00000 0.00000
-0.07565 0.01051
0.00915 0.27148
0.00137 -0.21225
-0.06033 0.10908
0.00000 0.00000
-0.04883 0.00679
0.00000 0.00000
-0.26341 -0.05672
0.00417 0.01241
0.01575 0.02526
0.03397 0.10118
0.00000 0.00000
0.00000 0.00000
0.06643 -0.09630
0.22409 -0.32485
0.00000 0.00000
0.00000 0.00000
0.09106 -0.13200
0.00226 -0.00327
0.16286 0.26120
0.22301 0.35768
0.00029 -0.04571
0.00000 0.00000
0.00000 0.00000
-0.09399 0.01306
-0.08690 0.01208
0.12112 -0.17558
0.03930 0.06303
0.11114 0.17825
0.02523 0.07513
0.10681 0.17131
-0.02647 0.00368
0.00000 0.00000
0.18089 0.29012
0.04306 -0.06243
0.00944 -0.01368
0.00000 0.00000
0.06912 0.20587
0.00022 0.00657
0.00000 0.00000
0.00000 0.00000
-0.01517 0.00211
-0.02728 0.00379
0.00033 -0.05061
0.03040 -0.04407
0.09188 -0.13320
0.00011 -0.01745
0.18132 -0.26286
0.00000 0.00000
0.02354 0.03775
0.12898 0.38413
0.07631 -0.11063
0.04530 0.13493
0.15277 -0.22147
-0.27918 -0.06012
0.00000 0.00000
0.00000 0.00000
0.00000 0.00000
0.08433 -0.12226
0.14571 0.23370
-0.29041 0.04036
0.00027 -0.04209
0.02132 -0.03090
0.00000 0.00000
0.00000 0.00000
-0.33152 0.04607
0.09156 0.27269
-0.02574 -0.00554
0.00000 0.00000
0.00000 0.00000
0.00000 0.00000
-0.25356 0.03524
-0.15154 -0.07500
0.03027 -0.04388
0.00000 0.00000
0.00000 0.00000
0.00000 0.00000
0.00000 0.00000
0.00000 0.00000
0.00000 0.00000
0.03516 0.05638
-0.35059 0.04872
0.00000 0.00000
0.03525 0.05653
0.10110 0.16215
0.00000 0.00000
0.00000 0.00000
0.11631 -0.16862
0.07441 0.22162
-0.05669 0.08367
0.00000 0.00000
-0.14827 -0.00838
0.00000 0.00000
0.00000 0.00000
0.21567 -0.31265
0.03042 0.09061
0.00971 -0.01407
-0.15231 -0.03280
-0.19112 -0.04116
0.00000 0.00000
0.03880 -0.05625
0.00000 0.00000
0.00000 0.00000
0.04043 0.12041
0.00301 0.08930
0.18394 -0.26666
0.10792 0.32142
-0.08885 0.13113
0.10621 0.17035
0.16252 0.26066
0.00000 0.00000
0.00184 0.02784
0.00000 0.00000
0.00000 0.00000
0.27752 -0.40232
-0.35957 0.04997
0.00000 0.00000
-0.06167 -0.01328
0.19152 0.30717
0.00000 0.00000
-0.01468 -0.02168
0.02103 -0.03049
-0.23851 0.03314
0.12519 0.20079
0.05712 0.09161
-0.17835 -0.03841
-0.16561 -0.03566
0.00771 0.01237
0.00000 0.00000
0.00000 0.00000
0.05333 -0.07731
0.21871 0.35077
0.14572 0.23371
0.16691 0.26770
0.00977 0.28966
0.26271 -0.38085
0.00917 0.02730
-0.17388 0.02416
0.00000 0.00000
-0.24155 0.03357
0.03811 0.06112
-0.00407 0.00060
0.00000 0.00000
0.00000 0.00000
0.07548 0.12105
-0.02461 0.00342
0.11175 0.17924
0.18317 -0.26555
0.05045 0.15024
-0.17889 0.02486
0.14671 -0.21268
0.00070 0.02082
0.00000 0.00000
0.00893 -0.01294
-0.26435 0.03673
0.09492 0.15223
-0.06104 -0.01315
-0.10961 0.01615
-0.02354 -0.00507
0.04512 -0.06541
0.07947 -0.11521
0.08697 -0.12609
0.11409 0.11706
0.00090 -0.13980
0.02320 0.02380
-0.22936 -0.04939
0.03823 -0.05542
0.04627 -0.06708
0.00000 0.00000
0.14791 -0.21442
0.00000 0.00000
-0.02184 -0.03226
0.00000 0.00000
-0.24258 -0.05224
0.00000 0.00000
-0.06284 -0.01353
0.00000 0.00000
0.00000 0.00000
0.06008 0.17894
-0.23380 -0.05035
0.05426 0.08703
-0.02511 0.00349
0.00000 0.00000
0.08571 -0.05276
-0.16469 -0.08151
0.02997 -0.04344
0.23369 -0.33877
0.00000 0.00000
0.00000 0.00000
0.00247 0.07318
0.00030 -0.04588
-0.05474 0.08079
0.00000 0.00000
0.00000 0.00000
0.07469 -0.10828
0.11792 0.18912
0.00000 0.00000
-0.16912 -0.03642
0.06683 -0.09688
0.05676 0.09103
0.11160 -0.16178
0.21278 -0.30846
0.08928 0.26591
0.15875 -0.23014
0.01099 -0.01593
0.00000 0.00000
0.00547 0.00878
0.29321 -0.42506
-0.30873 -0.06648
0.21941 -0.31807
-0.34031 -0.07328
-0.24562 -0.05289
0.07964 0.23718
0.00000 0.00000
0.13698 0.21970
-0.33504 0.04656
0.08489 0.25281
0.18245 -0.26449
-0.15531 0.02158
-0.25973 0.03609
0.00000 0.00000
-0.04644 0.01795
0.05525 0.08862
0.00000 0.00000
0.19397 -0.28120
0.00000 0.00000
-0.10681 0.01484
0.00000 0.00000
0.00000 0.00000
-0.17037 -0.03669
0.00000 0.00000
0.00000 0.00000
0.12468 -0.18075
0.00000 0.00000
0.15690 0.25164
-0.10049 0.18170
0.05116 0.08206
0.00000 0.00000
-0.01355 0.00188
0.10228 0.16405
0.00000 0.00000
-0.29539 -0.06361
-0.28289 0.03931
0.00000 0.00000
0.01660 -0.02406
0.24552 -0.35593
0.00000 0.00000
0.08607 -0.12478
0.00108 -0.16715
-0.05460 -0.01176
-0.14479 0.02012
0.17201 -0.24936
-0.06957 -0.01498
0.12145 0.19479
0.00000 0.00000
-0.36102 0.05017
-0.19300 -0.04156
0.00000 0.00000
-0.41197 -0.08871
0.12726 -0.18448
0.10737 0.17220
0.00000 0.00000
0.00000 0.00000
0.07843 -0.11370
0.00000 0.00000
0.10690 0.17145
0.06273 -0.09094
0.22948 0.36806
0.00000 0.00000
-0.20810 -0.04481
0.00000 0.00000
0.00000 0.00000
-0.38959 0.05414
0.00000 0.00000
0.13426 0.21533
0.02327 0.00305
0.00000 0.00000
-0.32504 0.04517
-0.20617 0.02865
-0.28114 0.03907
0.01338 0.03984
0.00000 0.00000
0.13234 0.39414
0.00000 0.00000
0.00000 0.00000
-0.18713 -0.04030
-0.08505 0.15379
0.12197 0.19563
-0.00587 0.00082
0.00000 0.00000
0.18068 0.28978
0.00653 -0.00947
0.00000 0.00000
0.00000 0.00000
0.00000 0.00000
0.11711 -0.16978
0.02564 0.04112
0.00000 0.00000
0.00000 0.00000
0.13429 0.21539
-0.07208 -0.01552
0.02528 -0.03664
0.06543 -0.09486
-0.25716 0.03574
0.16914 0.27127
-0.30270 0.04206
-0.18771 0.02609
0.00000 0.00000
-0.34909 -0.07517
0.00000 0.00000
0.00000 0.00000
0.00000 0.00000
-0.29913 0.04157
0.05035 -0.07299
0.00000 0.00000
0.00000 0.00000
0.00000 0.00000
0.00743 0.01191
0.00000 0.00000
0.02466 -0.03575
-0.14866 -0.07357
0.03147 0.05048
0.00000 0.00000
0.15768 -0.22859
0.14265 -0.20680
0.00000 0.00000
0.00000 0.00000
-0.19608 -0.04222
0.01662 -0.02410
0.00000 0.00000
0.10101 0.30084
0.05905 0.17586
0.00000 0.00000
0.08799 0.14113
0.00000 0.00000
0.00548 0.00879
0.00000 0.00000
0.00000 0.00000
-0.07181 -0.01546
-0.19757 0.02745
0.11224 0.33428
-0.13361 -0.02877
0.00000 0.00000
-0.06902 -0.10194
0.00000 0.00000
0.18269 -0.26485
0.00000 0.00000
0.17688 -0.25642
0.00000 0.00000
0.00000 0.00000
0.00000 0.00000
0.02241 0.03594
0.00000 0.00000
0.00000 0.00000
0.00000 0.00000
0.08915 -0.12923
0.06265 -0.09082
0.00000 0.00000
0.13151 0.21093
0.07784 -0.11284
0.00000 0.00000
0.00000 0.00000
0.00000 0.00000
0.22495 -0.32611
0.00000 0.00000
0.00000 0.00000
-0.16846 -0.03628
0.00000 0.00000
0.02840 -0.04116
0.09359 0.27872
0.00000 0.00000
0.00000 0.00000
0.00000 0.00000
0.00000 0.00000
0.00000 0.00000
0.12868 -0.18655
0.00000 0.00000
-0.48169 0.06694
-0.27500 -0.05922
-0.02008 0.03631
0.01291 0.38295
-0.05138 0.07583
0.03901 0.06257
0.00000 0.00000
0.00000 0.00000
0.13319 -0.19308
0.00000 0.00000
0.00000 0.00000
-0.05274 0.02039
0.16758 -0.24294
0.00000 0.00000
-0.10903 0.04214
-0.06520 -0.01404
0.07362 -0.10673
0.00000 0.00000
0.09799 -0.14205
0.00000 0.00000
0.00000 0.00000
0.00000 0.00000
0.21353 0.34248
-0.27081 -0.05832
0.09788 -0.14190
-0.16823 -0.00951
0.00000 0.00000
0.14240 0.42409
0.07920 0.12703
0.00000 0.00000
0.09326 -0.13520
0.00000 0.00000
0.08144 0.13062
0.00016 -0.02512
-0.20551 -0.04425
-0.09701 0.01348
0.00000 0.00000
0.07115 0.21189
0.23451 -0.33996
0.00000 0.00000
-0.17160 0.02385
0.14391 -0.20862
-0.37934 0.05271
0.00000 0.00000
0.00000 0.00000
0.00000 0.00000
-0.19532 0.02714
-0.13901 -0.06880
0.00000 0.00000
0.11208 -0.16248
0.22003 -0.31897
-0.32307 -0.06957
0.10978 -0.06758
0.15206 -0.22044
0.01642 0.04891
-0.09979 0.01387
0.19230 -0.27878
0.25162 0.40357
0.13626 0.40582
0.00000 0.00000
-0.04396 0.00611
0.00000 0.00000
-0.19771 0.02747
0.03273 -0.04745
0.12986 0.20828
0.19655 0.31524
0.10965 0.17586
-0.02204 -0.00475
0.00000 0.00000
0.18635 -0.27015
0.00000 0.00000
0.08940 -0.12961
0.00000 0.00000
0.09871 -0.14310
-0.16481 0.02290
0.00000 0.00000
-0.05870 0.08663
-0.30982 0.04305
0.00000 0.00000
-0.11975 -0.02579
0.00000 0.00000
0.13524 -0.19605
0.13499 0.21650
-0.33445 0.04648
-0.40991 -0.08827
-0.19281 0.02679
0.07833 -0.11356
0.07489 -0.10857
-0.05882 -0.01267
-0.07481 0.13527
-0.03878 0.07012
-0.16249 0.02258
0.00560 -0.00812
0.00000 0.00000
0.00000 0.00000
0.00000 0.00000
0.00000 0.00000
0.11861 -0.17194
0.00000 0.00000
0.00000 0.00000
-0.01721 -0.00371
-0.26752 0.03718
0.09921 0.29547
0.00000 0.00000
0.07354 -0.10661
0.00000 0.00000
0.04753 0.07624
0.00000 0.00000
0.09279 -0.13452
0.09765 -0.14156
0.00000 0.00000
0.00000 0.00000
0.05702 -0.08266
0.00000 0.00000
0.03413 -0.04948
0.00000 0.00000
0.00000 0.00000
0.00000 0.00000
0.00000 0.00000
0.00000 0.00000
-0.07723 -0.03822
-0.02838 0.00394
0.00000 0.00000
0.04728 -0.06855
0.00000 0.00000
0.00000 0.00000
-0.01020 0.00142
0.00414 0.06282
0.05088 -0.07376
0.08135 0.24228
0.00000 0.00000
-0.22963 0.03191
-0.19285 0.02680
0.01300 0.19719
0.04803 -0.06962
0.11505 0.34265
0.00000 0.00000
0.18534 0.29726
0.17519 -0.25397
0.00000 0.00000
0.00000 0.00000
0.21956 -0.31829
-0.09310 -0.04608
0.10149 -0.14712
0.13813 -0.20025
0.19664 -0.28506
0.00000 0.00000
-0.15998 -0.03445
0.00000 0.00000
-0.31145 0.04328
0.03257 -0.04722
0.00000 0.00000
-0.25026 -0.05389
0.14660 -0.09024
0.00000 0.00000
0.00000 0.00000
-0.13351 0.01967
0.10623 -0.15400
0.17256 -0.25016
0.00000 0.00000
0.00000 0.00000
0.00000 0.00000
0.00000 0.00000
-0.12354 0.01717
0.02942 0.04719
0.04553 -0.06600
0.06540 -0.09480
0.09673 0.15515
-0.39074 -0.08414
0.00000 0.00000
-0.05208 -0.01122
0.00000 0.00000
-0.41381 0.05750
-0.13632 0.01894
0.18154 -0.26317
0.00000 0.00000
0.00000 0.00000
0.19753 0.31682
0.00000 0.00000
0.00000 0.00000
0.00000 0.00000
-0.11105 0.20080
0.06951 -0.10077
-0.15788 0.28546
0.00000 0.00000
-0.04982 -0.01073
-0.36568 -0.07874
0.00000 0.00000
-0.15249 -0.03284
0.06371 0.10218
0.00000 0.00000
0.27767 -0.40253
0.01163 0.17649
0.00000 0.00000
0.12995 0.20843
0.01042 0.03102
0.07460 -0.10815
0.00000 0.00000
0.13790 -0.19991
-0.26801 0.03724
0.00000 0.00000
0.05761 0.05912
0.00000 0.00000
-0.17786 0.02472
-0.07325 0.01018
0.11182 -0.16210
0.09667 -0.14014
0.16978 0.27231
0.00000 0.00000
0.13609 -0.19729
0.00000 0.00000
0.00000 0.00000
0.00000 0.00000
0.23971 -0.34751
0.00000 0.00000
0.00000 0.00000
0.00000 0.00000
0.00000 0.00000
0.26294 0.42172
-0.29208 0.04059
-0.20713 -0.04460
-0.00073 -0.00036
0.00000 0.00000
0.00000 0.00000
-0.06384 0.00887
-0.18069 0.02511
0.00000 0.00000
-0.02711 0.06465
0.07523 -0.10906
-0.05223 0.00726
0.08091 0.12977
0.26467 0.42450
0.00000 0.00000
0.14350 -0.20804
0.14827 0.44158
0.25542 -0.37028
0.00027 -0.04255
-0.18483 -0.03980
0.00000 0.00000
0.09110 -0.13207
0.00000 0.00000
0.13424 -0.19460
0.10452 0.16764
0.00000 0.00000
-0.30194 -0.06502
-0.37621 -0.08101
0.03298 -0.04782
0.00329 0.04998
0.12130 0.19454
-0.08153 -0.01756
0.00000 0.00000
0.00000 0.00000
0.00000 0.00000
0.09145 -0.13257
0.00000 0.00000
0.22872 0.36684
0.00109 -0.16867
0.10100 0.16199
-0.02880 0.00400
0.02945 -0.01813
0.03913 0.06275
0.00000 0.00000
0.13062 -0.18936
0.16907 -0.24509
0.00000 0.00000
0.03141 -0.04554
0.00000 0.00000
-0.01693 0.03060
0.19620 0.31468
0.02973 0.04769
0.12831 -0.18601
0.00264 0.07824
0.00000 0.00000
0.00000 0.00000
0.03086 -0.04473
0.09980 0.16007
0.23672 0.37966
-0.02140 0.03869
0.00000 0.00000
-0.20415 -0.04396
0.00779 0.23094
-0.39542 -0.08515
0.00000 0.00000
0.00000 0.00000
0.00000 0.00000
0.00000 0.00000
-0.07358 0.13303
0.00000 0.00000
-0.08406 -0.01810
0.00000 0.00000
0.01483 0.00195
-0.14998 -0.03230
0.04620 0.13761
-0.00499 -0.00737
0.07770 -0.11264
0.21038 -0.30499
0.00000 0.00000
0.06514 -0.09443
0.22802 0.36571
0.00000 0.00000
0.00000 0.00000
-0.38792 0.05391
0.00000 0.00000
0.00000 0.00000
-0.14398 -0.03101
-0.26832 -0.05778
0.23295 0.37362
0.00000 0.00000
-0.21106 0.02933
-0.43576 0.06055
0.00835 -0.01210
0.00743 0.02212
0.00000 0.00000
0.00000 0.00000
0.15444 -0.22389
0.19503 0.31280
0.00000 0.00000
0.07926 -0.11490
-0.04371 0.00607
0.00000 0.00000
0.10807 -0.15667
0.00000 0.00000
0.00000 0.00000
0.06247 0.06410
0.00554 0.01649
0.00000 0.00000
0.00000 0.00000
0.11656 -0.16897
-0.39511 0.05491
0.00000 0.00000
0.13515 0.40251
0.04114 -0.05964
0.19764 -0.28652
-0.15050 0.02091
0.00000 0.00000
0.02182 0.33113
-0.19202 -0.04135
-0.18617 0.02587
0.00955 -0.01385
-0.18832 -0.04055
-0.20593 -0.04434
0.00000 0.00000
0.00000 0.00000
0.00000 0.00000
-0.29849 -0.06428
0.00000 0.00000
0.01307 -0.01894
0.01219 0.18491
0.00991 0.29388
-0.24900 -0.05362
0.10851 -0.15730
0.14990 -0.21731
0.04409 -0.06392
0.24149 -0.35009
0.23116 -0.33511
0.18911 0.30330
-0.08917 0.16123
0.00000 0.00000
-0.26262 0.03649
-0.05978 -0.02958
0.01514 0.02428
0.00000 0.00000
-0.22308 0.03100
0.00000 0.00000
-0.02086 0.00290
0.00000 0.00000
0.13399 -0.19425
0.00000 0.00000
0.12097 0.36029
0.13087 -0.18972
0.00000 0.00000
0.00000 0.00000
-0.30835 -0.06640
0.00000 0.00000
0.00000 0.00000
0.00000 0.00000
0.14867 -0.21552
0.00000 0.00000
0.00115 0.03404
0.16785 -0.24334
-0.01465 -0.00725
0.00000 0.00000
0.00826 0.24503
0.00000 0.00000
-0.24796 -0.05340
0.14988 0.24038
0.00000 0.00000
0.24205 0.38821
0.10944 -0.15866
0.00000 0.00000
0.05611 0.16712
0.00000 0.00000
0.00000 0.00000
-0.02319 0.03422
0.00000 0.00000
0.01712 -0.02482
-0.16696 -0.03595
0.00000 0.00000
0.00000 0.00000
0.05872 0.09418
0.01139 -0.01651
0.22756 0.36497
0.10407 -0.15086
0.01079 0.03213
-0.16238 0.02257
-0.10073 -0.02169
0.00000 0.00000
0.13393 0.21481
0.00000 0.00000
0.04984 0.07993
0.00000 0.00000
0.28394 -0.41162
0.02070 -0.03001
-0.07264 -0.01564
-0.00515 0.00072
0.22585 0.36223
0.00000 0.00000
0.10917 -0.15827
0.06962 -0.10092
-0.14623 0.05651
0.00000 0.00000
0.00000 0.00000
-0.08180 0.01137
0.00000 0.00000
-0.09083 -0.01956
0.00000 0.00000
0.00000 0.00000
-0.10319 -0.02222
-0.21800 -0.04695
-0.05169 -0.01113
-0.25584 0.03555
-0.52429 0.07286
0.03218 -0.04665
0.07111 0.11406
0.12904 -0.18706
-0.28845 -0.06211
0.00000 0.00000
-0.05007 0.00696
0.00000 0.00000
0.00000 0.00000
0.00000 0.00000
0.05315 -0.07705
0.14716 -0.21334
-0.16670 0.30141
0.00000 0.00000
-0.17448 0.02425
0.00000 0.00000
0.00000 0.00000
-0.00052 0.00094
0.00000 0.00000
0.03516 0.05640
0.09836 -0.14259
-0.23685 -0.05100
0.18524 -0.26854
-0.01026 0.00143
0.01530 0.02454
0.00000 0.00000
-0.11629 0.01616
-0.01907 0.03448
0.00000 0.00000
0.00393 0.05964
0.02547 -0.03693
-0.03940 -0.00848
0.07922 0.12707
0.07807 0.01025
0.02852 -0.04134
0.10030 -0.14540
0.00405 0.01206
-0.47633 0.06619
0.12599 0.37524
0.04481 0.13346
0.00000 0.00000
0.02256 0.03618
-0.13252 0.01842
0.05202 -0.03202
0.09279 -0.13451
-0.21690 -0.04671
0.05248 0.05385
0.05579 -0.08087
0.13555 -0.19651
-0.07516 -0.01618
0.04599 0.13696
0.02191 0.03513
-0.04003 0.07237
0.00000 0.00000
0.00000 0.00000
-0.03228 0.00449
0.02505 -0.03632
0.08061 0.24008
0.05012 0.14927
0.00000 0.00000
0.00000 0.00000
0.00000 0.00000
0.24778 -0.35920
0.00901 0.26733
0.00000 0.00000
0.00000 0.00000
0.00000 0.00000
0.00000 0.00000
0.00562 0.08532
0.00000 0.00000
0.00000 0.00000
-0.15169 0.02108
-0.34395 0.04780
0.06384 -0.09255
0.00000 0.00000
-0.06955 0.12575
0.00069 -0.10637
0.01157 0.03445
0.00155 0.04606
0.00000 0.00000
0.00000 0.00000
-0.02433 0.00940
0.18187 0.29169
0.16367 -0.23727
0.00485 0.14385
0.02370 -0.03436
0.00000 0.00000
0.00000 0.00000
0.03019 -0.04377
0.14587 -0.21146
0.00476 0.14119
0.08439 0.25134
0.00000 0.00000
0.16523 0.26500
0.01196 0.03562
-0.22188 -0.04778
0.00000 0.00000
-0.13557 -0.02919
-0.07426 -0.01599
-0.13637 0.24657
-0.16616 -0.03578
0.04771 -0.06917
-0.17979 -0.03872
-0.01916 0.03464
0.00000 0.00000
0.07067 0.21046
-0.01538 -0.00331
0.09046 0.14508
0.00000 0.00000
0.00000 0.00000
0.00321 0.09508
-0.16049 0.02230
-0.18195 0.02528
0.00000 0.00000
0.10267 0.30576
-0.35853 0.04982
0.00000 0.00000
-0.27448 0.03814
0.07221 0.11582
0.00000 0.00000
-0.09210 0.16653
0.00000 0.00000
0.00000 0.00000
-0.12895 -0.02777
0.00000 0.00000
0.00000 0.00000
0.00000 0.00000
0.15996 0.25655
0.00000 0.00000
0.16880 -0.24471
0.00000 0.00000
0.29157 -0.42268
0.00000 0.00000
0.06506 0.10434
-0.33628 0.04673
0.16503 -0.23924
0.03786 -0.05488
0.00000 0.00000
0.00628 0.01869
0.00000 0.00000
-0.05573 0.04905
-0.11549 0.01605
0.00000 0.00000
-0.12347 0.22324
0.10087 -0.14623
-0.00617 0.00086
-0.44905 0.06240
0.00000 0.00000
0.00040 -0.06135
-0.19381 0.02693
0.04691 0.07524
0.00000 0.00000
0.00000 0.00000
0.00000 0.00000
0.06197 -0.08983
-0.02551 0.00354
0.00000 0.00000
0.00000 0.00000
0.05055 0.08108
0.07408 0.22063
0.00535 -0.00776
-0.05243 -0.01129
-0.34783 0.04834
0.00000 0.00000
0.00000 0.00000
0.00966 0.01550
0.11415 0.18308
0.07504 0.07700
0.00000 0.00000
0.00000 0.00000
0.00000 0.00000
-0.11165 -0.05526
0.00000 0.00000
0.02939 0.04714
0.09813 -0.14226
0.00000 0.00000
0.06328 -0.09173
0.13597 0.13952
-0.09884 -0.02128
-0.19974 -0.04301
0.00000 0.00000
-0.13889 -0.02991
-0.00456 0.00063
0.00000 0.00000
0.00000 0.00000
0.01596 0.02560
0.00077 0.02297
0.00713 -0.01034
0.05202 -0.07542
0.00000 0.00000
0.01655 0.04928
0.17458 0.28000
-0.01664 -0.00823
0.00000 0.00000
0.19601 -0.28415
-0.09311 -0.02005
-0.22901 0.03182
0.00000 0.00000
0.04214 0.00553
0.08651 -0.12542
-0.23153 0.03217
0.00000 0.00000
-0.26188 -0.05639
0.00000 0.00000
0.00000 0.00000
0.03135 -0.04545
0.07326 -0.10620
0.00000 0.00000
0.00000 0.00000
0.00000 0.00000
-0.44049 -0.09485
0.03155 0.00414
-0.28983 0.04028
-0.25993 -0.05597
0.15841 0.25407
0.03769 0.11226
-0.01935 0.00269
-0.11497 0.16968
0.12635 -0.18316
0.01833 0.02941
0.15707 -0.22770
0.00000 0.00000
0.02801 -0.04061
0.26645 -0.38627
0.07858 -0.11392
0.00000 0.00000
-0.14167 -0.03051
0.07887 0.12650
0.00000 0.00000
0.09394 0.15067
0.05268 0.15691
0.00000 0.00000
-0.11653 -0.02509
-0.12804 -0.02757
0.16573 -0.24025
0.14447 0.23172
0.14868 -0.21554
0.00000 0.00000
0.00000 0.00000
0.00000 0.00000
-0.14466 0.02010
0.23678 0.37977
0.00000 0.00000
-0.21824 -0.04700
-0.30225 -0.06509
0.22298 -0.32325
0.00000 0.00000
0.08403 -0.12182
0.00000 0.00000
0.21800 0.34964
0.00000 0.00000
0.00000 0.00000
0.00000 0.00000
0.02712 0.08077
-0.23399 0.03252
0.01585 0.02543
0.00000 0.00000
0.09089 0.27068
0.00000 0.00000
0.19473 0.31232
-0.07343 -0.01581
-0.27101 0.03766
0.00000 0.00000
0.18444 -0.26738
-0.27425 0.03811
OK
