0.00000 0.18975
0.00000 0.03867
-0.00000 -0.08439
-0.00000 -0.04277
-0.00000 -0.05104
-0.00000 -0.17370
0.00000 0.04060
-0.30648 0.00000
0.13342 -0.00000
-0.00000 -0.01997
-0.00000 -0.07590
-0.02028 0.00000
-0.06323 0.00000
-0.03362 0.00000
0.10420 -0.00000
-0.10086 0.00000
-0.00000 -0.16041
0.24725 -0.00000
-0.00202 0.00000
0.25811 -0.00000
-0.27378 0.00000
-0.27124 0.00000
-0.12004 0.00000
-0.19330 0.00000
0.30715 -0.00000
-0.23331 0.00000
-0.28757 0.00000
-0.00000 -0.15963
0.04328 -0.00000
0.00000 0.18222
0.00000 0.06665
-0.00000 -0.18190
0.00000 0.20991
0.00000 0.02326
-0.00000 -0.18398
-0.00000 -0.00952
0.00000 0.01779
0.00000 0.03249
0.00000 0.20058
-0.00000 -0.02023
0.30523 -0.00000
-0.00000 -0.20325
-0.00000 -0.07486
-0.09964 0.00000
0.00000 0.20259
-0.00000 -0.03663
-0.30535 0.00000
-0.29983 0.00000
0.01178 -0.00000
0.04230 -0.00000
-0.04520 0.00000
0.16682 -0.00000
0.08484 -0.00000
0.00000 0.16946
-0.00000 -0.00901
0.00000 0.16238
-0.00000 -0.02873
0.07595 -0.00000
0.00000 0.06042
-0.09618 0.00000
0.13789 -0.00000
-0.11668 0.00000
0.00000 0.06172
-0.22791 0.00000
-0.00000 -0.20147
0.03094 -0.00000
0.05854 -0.00000
-0.00000 -0.17417
0.00000 0.07402
-0.00000 -0.07000
0.00000 0.16302
-0.29731 0.00000
-0.00000 -0.18142
-0.30017 0.00000
0.21587 -0.00000
0.00000 0.03348
-0.00000 -0.06001
-0.19490 0.00000
-0.04204 0.00000
0.00000 0.06579
0.00000 0.08214
-0.28895 0.00000
-0.00000 -0.06765
-0.00000 -0.08345
0.00000 0.20027
0.00000 0.02984
-0.28557 0.00000
0.00000 0.08321
-0.27083 0.00000
-0.00000 -0.07465
-0.00000 -0.03169
-0.20972 0.00000
-0.00000 -0.06173
-0.00000 -0.07680
-0.00000 -0.03045
-0.00000 -0.02423
0.00000 0.00175
0.00000 0.02295
-0.00000 -0.18971
-0.00000 -0.19538
-0.07639 0.00000
-0.00000 -0.21290
0.08641 -0.00000
-0.18997 0.00000
-0.00000 -0.16176
0.03220 -0.00000
-0.00000 -0.08483
-0.14872 0.00000
-0.17261 0.00000
-0.15479 0.00000
0.00000 0.08055
0.08301 -0.00000
0.14189 -0.00000
0.00000 0.21091
-0.00000 -0.16646
0.00000 0.06871
-0.15294 0.00000
0.00000 0.18100
0.14132 -0.00000
0.23224 -0.00000
-0.00000 -0.08411
-0.00000 -0.17488
0.19100 -0.00000
0.19325 -0.00000
-0.09535 0.00000
0.25996 -0.00000
-0.00000 -0.01853
0.00000 0.04889
-0.25305 0.00000
0.20097 -0.00000
-0.00000 -0.18308
0.17996 -0.00000
0.00000 0.00985
-0.11256 0.00000
-0.00000 -0.04079
0.27465 -0.00000
0.30017 -0.00000
-0.05906 0.00000
0.00000 0.06628
-0.00000 -0.00972
-0.00000 -0.15370
0.27721 -0.00000
0.00000 0.06156
-0.00000 -0.05279
-0.13888 0.00000
-0.08781 0.00000
-0.16654 0.00000
0.03667 -0.00000
0.03792 -0.00000
-0.12851 0.00000
-0.04324 0.00000
-0.01530 0.00000
-0.00000 -0.01574
-0.00000 -0.05469
0.15006 -0.00000
-0.02766 0.00000
0.00000 0.01108
0.00000 0.17305
-0.00000 -0.01934
0.15882 -0.00000
-0.00000 -0.17422
0.06824 -0.00000
0.00000 0.02521
-0.00000 -0.18243
0.18969 -0.00000
0.00000 0.05692
0.00000 0.05136
-0.05437 0.00000
0.00000 0.08255
0.00000 0.06140
0.25155 -0.00000
0.00000 0.07806
-0.11241 0.00000
0.00000 0.21210
0.23908 -0.00000
-0.00000 -0.08117
-0.00000 -0.02038
0.00000 0.01324
-0.25103 0.00000
-0.00000 -0.00153
0.00000 0.00786
-0.00000 -0.01459
0.00000 0.02172
-0.00000 -0.00821
-0.12112 0.00000
0.00000 0.17358
-0.00000 -0.03827
0.11575 -0.00000
-0.00000 -0.17466
-0.00000 -0.03531
-0.00000 -0.07426
0.00000 0.07454
0.00000 0.04022
-0.00000 -0.06858
0.00000 0.16697
-0.09500 0.00000
0.00000 0.03133
0.02672 -0.00000
0.23220 -0.00000
-0.19639 0.00000
-0.13804 0.00000
0.00000 0.01920
-0.00000 -0.17903
0.00000 0.02512
0.17462 -0.00000
0.00000 0.03032
0.08175 -0.00000
0.00000 0.07648
-0.26246 0.00000
-0.00000 -0.01545
0.00000 0.07597
0.26383 -0.00000
-0.00000 -0.21544
0.00000 0.08387
-0.20621 0.00000
-0.00000 -0.01482
-0.04239 0.00000
0.07430 -0.00000
-0.23442 0.00000
0.19416 -0.00000
-0.10152 0.00000
-0.00000 -0.04966
0.01213 -0.00000
0.00000 0.20189
-0.00000 -0.01608
-0.00000 -0.20463
-0.10582 0.00000
-0.19737 0.00000
-0.00000 -0.06428
0.00000 0.15807
-0.10329 0.00000
0.03410 -0.00000
-0.00000 -0.07521
0.10995 -0.00000
-0.00000 -0.07073
0.16997 -0.00000
-0.21606 0.00000
0.29962 -0.00000
-0.00000 -0.17751
0.00000 0.01383
-0.00000 -0.18501
-0.00000 -0.03994
-0.00000 -0.16431
0.26318 -0.00000
-0.00000 -0.16882
0.00000 0.04483
0.00000 0.04380
-0.26944 0.00000
0.00000 0.17890
-0.00000 -0.05446
-0.29631 0.00000
-0.00000 -0.02887
0.00000 0.06777
0.20144 -0.00000
0.00000 0.05522
-0.00000 -0.07044
-0.00000 -0.18270
-0.17351 0.00000
0.15650 -0.00000
0.29319 -0.00000
0.00000 0.04219
-0.01034 0.00000
-0.00000 -0.02750
-0.15928 0.00000
-0.09705 0.00000
-0.00000 -0.15917
-0.13008 0.00000
0.14201 -0.00000
0.00000 0.01773
-0.00000 -0.15259
0.00000 0.18592
0.00000 0.03838
-0.00000 -0.18666
-0.11981 0.00000
-0.10322 0.00000
0.00000 0.03641
0.00000 0.18565
-0.00000 -0.01705
-0.00000 -0.05953
-0.00000 -0.02051
-0.00000 -0.15827
0.00000 0.19504
-0.00000 -0.18733
0.00000 0.04431
-0.14471 0.00000
0.24112 -0.00000
0.10034 -0.00000
0.00000 0.15792
0.06132 -0.00000
0.11975 -0.00000
-0.00000 -0.07076
-0.00000 -0.02168
-0.00000 -0.17063
-0.00000 -0.07241
-0.00000 -0.19548
0.04207 -0.00000
-0.06531 0.00000
-0.00000 -0.06893
0.00000 0.18619
-0.00000 -0.07058
-0.10929 0.00000
-0.29640 0.00000
-0.00000 -0.15477
0.08076 -0.00000
0.00000 0.20702
0.20819 -0.00000
0.26504 -0.00000
-0.00000 -0.04640
0.00000 0.03097
0.00000 0.20355
0.29110 -0.00000
-0.26119 0.00000
-0.00000 -0.15648
-0.00000 -0.20419
-0.00000 -0.19542
-0.24349 0.00000
-0.24814 0.00000
0.00000 0.18891
0.01413 -0.00000
-0.00000 -0.18960
0.00000 0.17045
-0.25311 0.00000
-0.22854 0.00000
-0.00000 -0.19140
0.00000 0.20905
0.00000 0.07116
0.00000 0.21003
0.00000 0.16702
-0.28025 0.00000
0.00000 0.01695
-0.00000 -0.19055
-0.09632 0.00000
0.18605 -0.00000
-0.00000 -0.20728
-0.00000 -0.00732
0.00000 0.18544
0.24283 -0.00000
-0.00000 -0.05334
0.08226 -0.00000
-0.00000 -0.17076
-0.21632 0.00000
-0.10008 0.00000
0.00000 0.21219
-0.08578 0.00000
0.27489 -0.00000
0.11669 -0.00000
0.00000 0.08227
0.21454 -0.00000
0.00000 0.05170
0.00000 0.01101
-0.00000 -0.20031
0.23576 -0.00000
-0.17293 0.00000
0.00000 0.06396
0.27696 -0.00000
-0.18582 0.00000
-0.30736 0.00000
0.00000 0.00996
-0.28607 0.00000
-0.00000 -0.19454
-0.22371 0.00000
-0.22604 0.00000
-0.00000 -0.08019
0.25355 -0.00000
0.00000 0.03195
-0.00000 -0.06996
-0.00000 -0.05673
0.13074 -0.00000
-0.00000 -0.16667
-0.00000 -0.00931
-0.00000 -0.07670
-0.09707 0.00000
-0.00000 -0.03763
-0.00000 -0.03998
-0.00000 -0.01094
0.01078 -0.00000
0.00000 0.06260
0.16334 -0.00000
0.17038 -0.00000
0.28595 -0.00000
0.00000 0.15966
-0.00000 -0.05737
0.15358 -0.00000
-0.00000 -0.17890
-0.00000 -0.03170
-0.00000 -0.07735
0.00000 0.08111
-0.03733 0.00000
0.00000 0.00478
-0.00000 -0.15258
0.02272 -0.00000
-0.00000 -0.00350
0.00000 0.21014
0.07745 -0.00000
-0.00000 -0.01577
-0.22713 0.00000
-0.00000 -0.00938
0.00000 0.21588
-0.00000 -0.08315
0.00000 0.05303
0.00000 0.02939
-0.00000 -0.15392
0.00000 0.01653
-0.00000 -0.00175
-0.00000 -0.05912
-0.13971 0.00000
-0.00000 -0.20955
-0.05589 0.00000
-0.27107 0.00000
-0.00000 -0.21240
0.00000 0.05082
0.00000 0.17415
0.17975 -0.00000
-0.00000 -0.20108
-0.00000 -0.15771
0.00000 0.17813
-0.08194 0.00000
-0.02318 0.00000
0.00000 0.05599
-0.00000 -0.20590
-0.00000 -0.00389
-0.00000 -0.04415
-0.20439 0.00000
0.00000 0.02074
-0.00000 -0.21098
-0.28185 0.00000
-0.21054 0.00000
-0.00000 -0.21047
0.00000 0.18101
0.11167 -0.00000
0.00000 0.07705
0.01645 -0.00000
0.00000 0.02337
0.00000 0.17463
0.00000 0.05355
0.27004 -0.00000
0.00000 0.20498
-0.00000 -0.15899
-0.00000 -0.07033
0.07593 -0.00000
0.00000 0.00478
-0.00000 -0.21055
0.00000 0.17226
0.00000 0.02108
-0.00000 -0.05959
0.06458 -0.00000
0.00000 0.19757
-0.03039 0.00000
-0.00000 -0.03403
-0.00000 -0.01592
-0.13633 0.00000
0.12768 -0.00000
0.23216 -0.00000
-0.00000 -0.03795
-0.00000 -0.05321
0.25669 -0.00000
0.27335 -0.00000
-0.00000 -0.01922
-0.00000 -0.18808
0.00000 0.07696
-0.00000 -0.17849
0.01908 -0.00000
-0.00000 -0.08232
0.00000 0.05773
0.10670 -0.00000
-0.00000 -0.17021
0.00000 0.00310
-0.18855 0.00000
0.00000 0.17606
-0.24757 0.00000
0.05216 -0.00000
-0.26564 0.00000
0.20714 -0.00000
0.15869 -0.00000
-0.10423 0.00000
-0.00000 -0.02288
0.06595 -0.00000
-0.15580 0.00000
-0.00000 -0.17493
-0.00000 -0.15751
-0.00000 -0.21422
0.00000 0.03572
0.13713 -0.00000
-0.07408 0.00000
0.00000 0.02827
0.00000 0.00818
0.13129 -0.00000
0.00000 0.02315
0.00000 0.15737
-0.00000 -0.04819
0.24283 -0.00000
-0.00000 -0.04291
0.00000 0.04991
0.00000 0.00671
-0.13612 0.00000
-0.00000 -0.08531
0.00000 0.07722
0.00000 0.15614
-0.03801 0.00000
-0.00000 -0.04551
-0.17684 0.00000
0.00000 0.19687
-0.00000 -0.02222
0.01889 -0.00000
0.00000 0.03254
-0.00000 -0.03235
-0.00000 -0.04952
0.00000 0.20677
-0.00000 -0.02627
-0.00000 -0.16096
-0.09623 0.00000
-0.00000 -0.07966
-0.00000 -0.00578
-0.00000 -0.19585
0.04226 -0.00000
-0.29832 0.00000
0.00000 0.18181
0.00000 0.19498
-0.00000 -0.08279
-0.16385 0.00000
0.25388 -0.00000
0.09686 -0.00000
-0.00000 -0.04411
0.00000 0.06428
0.00000 0.03990
0.00000 0.00774
-0.00000 -0.20992
-0.00000 -0.01078
-0.00000 -0.05379
-0.00000 -0.18848
-0.05562 0.00000
0.24211 -0.00000
0.00000 0.07177
-0.03628 0.00000
0.00000 0.02361
-0.00000 -0.21410
-0.26756 0.00000
0.08147 -0.00000
-0.00000 -0.20002
0.04015 -0.00000
0.07181 -0.00000
0.28313 -0.00000
0.00000 0.06858
-0.00831 0.00000
-0.29725 0.00000
0.20950 -0.00000
-0.00000 -0.08458
0.00000 0.07417
-0.25991 0.00000
0.13999 -0.00000
0.00000 0.01178
0.11521 -0.00000
-0.00000 -0.01590
0.00000 0.18131
0.30658 -0.00000
-0.25634 0.00000
0.30631 -0.00000
0.00000 0.01989
0.15484 -0.00000
0.00000 0.00067
-0.00000 -0.08334
0.20051 -0.00000
-0.00000 -0.18207
0.00000 0.19994
0.00000 0.18200
0.04527 -0.00000
0.00000 0.20429
0.26669 -0.00000
-0.00000 -0.00071
0.00000 0.19117
0.27625 -0.00000
-0.03556 0.00000
0.14468 -0.00000
-0.00000 -0.05275
-0.26042 0.00000
-0.24815 0.00000
-0.00000 -0.03409
0.00000 0.02530
0.00000 0.08458
0.12146 -0.00000
0.27751 -0.00000
-0.28041 0.00000
0.00000 0.04694
0.00000 0.04417
-0.21435 0.00000
0.00000 0.02540
-0.00000 -0.16621
0.25854 -0.00000
-0.00000 -0.00227
-0.06772 0.00000
0.29382 -0.00000
-0.00000 -0.05068
0.00000 0.02610
0.11701 -0.00000
-0.00000 -0.03975
-0.00000 -0.16347
0.01335 -0.00000
0.14009 -0.00000
-0.10125 0.00000
0.00000 0.16174
0.02567 -0.00000
-0.26146 0.00000
0.25519 -0.00000
0.15873 -0.00000
0.00000 0.08535
0.00000 0.18809
-0.00000 -0.03200
0.28942 -0.00000
-0.06881 0.00000
0.00000 0.01330
-0.00000 -0.05342
0.00000 0.02758
-0.04468 0.00000
-0.00000 -0.03839
0.00000 0.05414
0.00000 0.08299
-0.00000 -0.21430
-0.00000 -0.06400
0.00000 0.02440
0.17105 -0.00000
-0.00000 -0.19767
-0.00000 -0.04507
0.00000 0.18981
-0.00000 -0.19482
0.15143 -0.00000
-0.27562 0.00000
0.11818 -0.00000
0.24697 -0.00000
0.00000 0.05437
0.24588 -0.00000
0.13318 -0.00000
0.00000 0.15661
-0.24370 0.00000
-0.00000 -0.20162
0.18395 -0.00000
-0.00000 -0.08442
-0.12069 0.00000
0.00000 0.01801
0.00000 0.20147
0.25788 -0.00000
0.00000 0.02474
-0.20858 0.00000
-0.15256 0.00000
-0.30666 0.00000
-0.18020 0.00000
0.16087 -0.00000
0.00000 0.05345
0.10811 -0.00000
-0.00000 -0.20832
-0.01084 0.00000
0.00000 0.05641
-0.05311 0.00000
0.29689 -0.00000
0.00000 0.19769
0.00000 0.03888
0.00000 0.07489
-0.30478 0.00000
0.16974 -0.00000
0.00000 0.15843
0.00000 0.05611
-0.00000 -0.20238
-0.09013 0.00000
-0.02577 0.00000
-0.12693 0.00000
-0.30667 0.00000
-0.00000 -0.15381
-0.00000 -0.16490
0.00000 0.04152
0.00000 0.16941
-0.01661 0.00000
0.30119 -0.00000
-0.13744 0.00000
0.00000 0.19163
-0.21304 0.00000
-0.00000 -0.04950
0.00000 0.21201
0.29244 -0.00000
-0.10845 0.00000
0.00000 0.18989
-0.10445 0.00000
-0.00000 -0.00657
-0.24106 0.00000
0.00000 0.21114
-0.00000 -0.01484
-0.00000 -0.08313
-0.00000 -0.19495
0.00000 0.08015
0.00000 0.06425
-0.28594 0.00000
0.00000 0.03954
0.00000 0.08186
0.13213 -0.00000
-0.22613 0.00000
0.00000 0.15997
-0.22685 0.00000
-0.00000 -0.16860
-0.00000 -0.05970
0.00000 0.03624
0.18827 -0.00000
0.00000 0.06892
0.00000 0.03113
-0.01356 0.00000
0.18335 -0.00000
0.00000 0.21152
0.00000 0.15603
0.12692 -0.00000
-0.00000 -0.00515
0.06053 -0.00000
-0.26937 0.00000
-0.26362 0.00000
0.00637 -0.00000
-0.27625 0.00000
-0.00000 -0.17272
-0.00000 -0.02864
-0.00000 -0.07346
-0.17419 0.00000
0.00000 0.18240
-0.00000 -0.16514
0.00000 0.08366
-0.00000 -0.03767
0.23880 -0.00000
0.08906 -0.00000
0.00000 0.20392
0.03507 -0.00000
-0.26821 0.00000
-0.20557 0.00000
0.09445 -0.00000
0.18485 -0.00000
-0.00000 -0.03937
-0.08019 0.00000
0.00000 0.05328
-0.28647 0.00000
0.00000 0.03903
0.20395 -0.00000
-0.03117 0.00000
-0.00000 -0.15201
0.00000 0.20068
-0.00000 -0.18679
0.00000 0.19998
-0.00000 -0.03365
0.23121 -0.00000
0.25925 -0.00000
-0.25383 0.00000
-0.00000 -0.21186
0.00000 0.03839
0.00000 0.17389
-0.30223 0.00000
0.00000 0.02306
0.20460 -0.00000
0.00000 0.04986
0.00000 0.02006
-0.06853 0.00000
0.00000 0.07222
0.00000 0.21361
-0.16768 0.00000
-0.28531 0.00000
-0.00000 -0.06297
0.00000 0.02785
-0.00000 -0.03063
-0.00000 -0.02876
-0.17805 0.00000
-0.11134 0.00000
-0.24426 0.00000
0.00000 0.00270
-0.18680 0.00000
-0.00000 -0.20842
-0.16426 0.00000
-0.00495 0.00000
-0.00000 -0.20035
0.00000 0.01315
-0.00000 -0.04895
0.07542 -0.00000
0.13546 -0.00000
-0.00000 -0.20345
-0.00000 -0.07082
0.25286 -0.00000
-0.00000 -0.00017
0.00569 -0.00000
0.00000 0.19414
-0.04817 0.00000
-0.00000 -0.19431
0.00000 0.19597
-0.08333 0.00000
0.16729 -0.00000
0.00000 0.15771
0.00000 0.15584
0.00000 0.05863
-0.00000 -0.02778
0.00000 0.01884
-0.11959 0.00000
0.00000 0.03241
-0.26941 0.00000
0.21971 -0.00000
0.00000 0.07460
0.25231 -0.00000
0.00000 0.00494
-0.27544 0.00000
-0.04454 0.00000
0.00000 0.18262
-0.02364 0.00000
-0.00000 -0.19375
0.21303 -0.00000
0.28653 -0.00000
0.00000 0.05996
-0.18168 0.00000
0.00000 0.06642
0.00000 0.15337
-0.09178 0.00000
0.00000 0.08046
0.12709 -0.00000
0.00000 0.04311
-0.15579 0.00000
0.00000 0.20690
-0.00000 -0.01931
-0.00000 -0.07711
-0.00000 -0.06696
0.00000 0.20838
0.02705 -0.00000
0.00000 0.05486
0.00000 0.16531
0.00000 0.16311
0.28351 -0.00000
-0.00000 -0.20850
-0.00000 -0.03192
-0.23614 0.00000
0.24419 -0.00000
-0.26234 0.00000
-0.00000 -0.02689
0.00000 0.07769
-0.00000 -0.01175
0.24764 -0.00000
-0.26171 0.00000
-0.28947 0.00000
0.18973 -0.00000
-0.00000 -0.01147
0.22508 -0.00000
-0.00000 -0.20843
-0.13583 0.00000
-0.13861 0.00000
-0.00000 -0.06261
0.17590 -0.00000
0.19924 -0.00000
0.00000 0.16364
0.13250 -0.00000
-0.00000 -0.06171
0.00000 0.07552
-0.28936 0.00000
0.00000 0.03746
0.00000 0.19984
-0.28663 0.00000
-0.28033 0.00000
0.00000 0.03656
-0.15559 0.00000
-0.00000 -0.05599
0.26307 -0.00000
0.01455 -0.00000
-0.02192 0.00000
-0.05601 0.00000
0.00000 0.15708
0.15000 -0.00000
0.18649 -0.00000
-0.00000 -0.06573
-0.00000 -0.17247
0.00000 0.04943
-0.00000 -0.20721
0.00000 0.04819
-0.14650 0.00000
0.00000 0.05498
0.00000 0.16198
-0.00000 -0.06937
-0.17762 0.00000
0.00000 0.03295
0.00000 0.07320
0.21558 -0.00000
0.00000 0.07834
-0.00000 -0.18296
-0.00000 -0.21119
-0.15684 0.00000
0.16407 -0.00000
0.00000 0.07751
0.00000 0.21702
0.00000 0.02910
0.17729 -0.00000
0.00000 0.16985
-0.27309 0.00000
-0.00000 -0.21354
-0.15718 0.00000
0.13558 -0.00000
0.00000 0.08123
0.22735 -0.00000
0.00000 0.19229
0.00000 0.15320
0.00000 0.17497
0.21653 -0.00000
0.00000 0.01360
-0.11544 0.00000
-0.00000 -0.20244
-0.04986 0.00000
-0.18917 0.00000
0.00000 0.17832
-0.01038 0.00000
0.00621 -0.00000
-0.20969 0.00000
0.26892 -0.00000
0.22206 -0.00000
0.09073 -0.00000
0.00000 0.21440
-0.22646 0.00000
0.00000 0.03001
-0.00000 -0.03266
-0.00000 -0.04180
0.19387 -0.00000
0.16743 -0.00000
-0.13343 0.00000
0.00000 0.03476
-0.00000 -0.19168
0.00000 0.19503
-0.00000 -0.04315
-0.15124 0.00000
0.11645 -0.00000
-0.00000 -0.04998
0.25776 -0.00000
-0.17761 0.00000
-0.00000 -0.20151
0.00000 0.07243
-0.00000 -0.01386
-0.00000 -0.06549
0.11112 -0.00000
0.20745 -0.00000
0.00000 0.15239
0.23303 -0.00000
-0.00000 -0.16524
0.00000 0.06943
-0.00000 -0.17583
-0.10889 0.00000
-0.00000 -0.07045
-0.19039 0.00000
-0.11754 0.00000
-0.12391 0.00000
0.00000 0.15461
0.21664 -0.00000
-0.00000 -0.05665
-0.26596 0.00000
-0.00000 -0.20427
0.20414 -0.00000
0.00000 0.04662
0.00000 0.20966
0.00000 0.16495
0.26286 -0.00000
0.00000 0.00790
0.00000 0.18902
0.00000 0.20641
0.00000 0.02781
0.00000 0.17660
-0.00000 -0.18913
-0.09564 0.00000
0.00000 0.05242
0.22295 -0.00000
-0.00000 -0.16774
0.00000 0.05068
0.29778 -0.00000
-0.08098 0.00000
0.16530 -0.00000
-0.00000 -0.15253
-0.07372 0.00000
0.00000 0.03463
-0.16212 0.00000
0.05927 -0.00000
0.00000 0.05697
0.00000 0.18269
-0.23777 0.00000
-0.23667 0.00000
0.00000 0.15365
0.00000 0.16723
0.17489 -0.00000
-0.20247 0.00000
0.02996 -0.00000
-0.00000 -0.03872
0.00000 0.07946
-0.00000 -0.16347
0.00000 0.04715
0.25307 -0.00000
-0.01250 0.00000
0.20231 -0.00000
0.27417 -0.00000
-0.00000 -0.16422
-0.00000 -0.06104
-0.07616 0.00000
0.00000 0.04144
0.22883 -0.00000
-0.00000 -0.20904
-0.20585 0.00000
0.00000 0.04670
-0.00000 -0.07843
-0.00000 -0.21347
0.00000 0.16372
-0.00000 -0.00766
-0.00000 -0.17210
0.25636 -0.00000
0.11825 -0.00000
-0.00000 -0.05302
-0.00000 -0.06660
0.16474 -0.00000
-0.00000 -0.21630
-0.00000 -0.17749
-0.13817 0.00000
0.20971 -0.00000
0.29626 -0.00000
0.25242 -0.00000
-0.00000 -0.04349
-0.00000 -0.08218
0.00000 0.02855
0.16994 -0.00000
-0.00000 -0.18748
-0.00000 -0.01161
0.00000 0.17948
0.00000 0.15175
-0.00000 -0.07063
0.00000 0.04861
-0.00000 -0.07009
-0.00000 -0.02401
-0.00000 -0.07809
0.28738 -0.00000
-0.00000 -0.07845
-0.07580 0.00000
0.00000 0.18973
0.00000 0.21280
0.07652 -0.00000
-0.26232 0.00000
-0.03213 0.00000
0.00000 0.03193
-0.04647 0.00000
-0.00000 -0.07764
-0.10236 0.00000
-0.00000 -0.05746
-0.00950 0.00000
0.00000 0.03856
-0.00000 -0.19497
0.08808 -0.00000
0.07649 -0.00000
0.15486 -0.00000
0.17619 -0.00000
0.09575 -0.00000
0.28393 -0.00000
0.18760 -0.00000
0.08947 -0.00000
0.00000 0.21357
-0.00000 -0.03322
-0.23530 0.00000
-0.15077 0.00000
0.21372 -0.00000
-0.00000 -0.06148
0.12900 -0.00000
-0.23150 0.00000
0.00000 0.16063
-0.00000 -0.15166
0.09001 -0.00000
0.27333 -0.00000
0.16728 -0.00000
-0.00000 -0.02925
0.16713 -0.00000
-0.00000 -0.19471
0.26183 -0.00000
-0.00000 -0.20772
-0.00000 -0.05012
-0.24123 0.00000
-0.00000 -0.03836
-0.00000 -0.20842
0.01627 -0.00000
0.00000 0.03082
-0.00000 -0.21311
-0.18187 0.00000
0.00000 0.07398
-0.14384 0.00000
-0.08794 0.00000
0.00000 0.15247
-0.00000 -0.06357
-0.08906 0.00000
0.00000 0.18936
-0.00000 -0.08377
-0.00000 -0.04354
-0.23009 0.00000
-0.25639 0.00000
-0.17402 0.00000
0.00000 0.00503
-0.00000 -0.01014
0.09994 -0.00000
-0.00000 -0.05023
0.04496 -0.00000
0.00000 0.00081
-0.05261 0.00000
-0.28580 0.00000
-0.00000 -0.03584
-0.00000 -0.04278
-0.00000 -0.06218
-0.00000 -0.00633
0.19542 -0.00000
-0.08875 0.00000
-0.00000 -0.02992
-0.28358 0.00000
-0.08052 0.00000
0.00000 0.04781
-0.13474 0.00000
-0.00000 -0.19673
-0.00000 -0.17235
-0.26476 0.00000
-0.00000 -0.20216
0.00000 0.06387
0.00000 0.08019
0.09371 -0.00000
0.00000 0.04830
0.00000 0.05037
-0.09804 0.00000
-0.00000 -0.07056
0.18280 -0.00000
0.03604 -0.00000
0.12061 -0.00000
0.01830 -0.00000
0.00000 0.03599
0.23856 -0.00000
-0.00000 -0.05995
0.00000 0.08286
0.00000 0.03148
-0.02624 0.00000
-0.22632 0.00000
0.00000 0.18241
0.00000 0.21645
-0.00000 -0.16565
0.00000 0.03945
-0.28966 0.00000
0.06030 -0.00000
0.25551 -0.00000
-0.00000 -0.06486
0.00000 0.21602
0.08609 -0.00000
0.29521 -0.00000
-0.23016 0.00000
0.00000 0.08382
0.11476 -0.00000
-0.00000 -0.17253
-0.00000 -0.19551
0.00000 0.04562
-0.00000 -0.02773
-0.00000 -0.08375
-0.01756 0.00000
0.00000 0.06621
0.00000 0.02029
-0.10076 0.00000
-0.00000 -0.03509
-0.00000 -0.03365
0.00000 0.15506
-0.06996 0.00000
-0.03775 0.00000
-0.00000 -0.02137
0.00000 0.19982
-0.00000 -0.20102
-0.20171 0.00000
0.22958 -0.00000
-0.00000 -0.04490
-0.00000 -0.19797
0.28365 -0.00000
-0.00000 -0.06993
-0.29871 0.00000
-0.00000 -0.16198
0.22139 -0.00000
-0.26676 0.00000
-0.04967 0.00000
-0.00000 -0.18640
0.09626 -0.00000
0.00000 0.05121
-0.05068 0.00000
0.00000 0.06715
0.00000 0.03779
-0.00000 -0.06576
0.03853 -0.00000
-0.00000 -0.17093
0.13334 -0.00000
0.23608 -0.00000
-0.00000 -0.00228
0.21808 -0.00000
-0.11331 0.00000
-0.16867 0.00000
-0.00000 -0.07866
0.00000 0.21344
0.00000 0.07722
0.08140 -0.00000
0.00000 0.07885
-0.10922 0.00000
-0.00000 -0.17901
-0.28597 0.00000
0.00000 0.19425
0.00000 0.17970
-0.00000 -0.02211
-0.00000 -0.15309
-0.29688 0.00000
-0.00000 -0.15926
0.13117 -0.00000
0.18459 -0.00000
-0.28858 0.00000
-0.17338 0.00000
0.00000 0.20573
0.00000 0.03355
0.21997 -0.00000
-0.00000 -0.03923
-0.06128 0.00000
0.09322 -0.00000
0.10032 -0.00000
0.11351 -0.00000
0.00000 0.16295
-0.00000 -0.01383
0.00000 0.02986
-0.00000 -0.03839
-0.10864 0.00000
-0.05492 0.00000
-0.00000 -0.01055
-0.00000 -0.21357
0.00000 0.03497
-0.00000 -0.15934
-0.13070 0.00000
-0.30390 0.00000
-0.00000 -0.05458
-0.00000 -0.15726
0.29030 -0.00000
0.00000 0.00784
0.00000 0.19374
0.00000 0.20421
0.21609 -0.00000
-0.00000 -0.00620
0.28394 -0.00000
-0.00000 -0.18233
0.09554 -0.00000
-0.00000 -0.08440
0.00000 0.19211
0.22262 -0.00000
0.14929 -0.00000
-0.00000 -0.15168
0.00000 0.20206
-0.18430 0.00000
-0.00000 -0.08257
-0.21749 0.00000
-0.00000 -0.19682
0.26585 -0.00000
0.00000 0.19179
-0.15899 0.00000
0.06333 -0.00000
0.22922 -0.00000
-0.00000 -0.16377
-0.00000 -0.20561
0.00000 0.01513
0.00000 0.08127
-0.12721 0.00000
0.11439 -0.00000
-0.00000 -0.04343
0.00000 0.17198
-0.25592 0.00000
0.00000 0.04940
0.07871 -0.00000
-0.04516 0.00000
-0.22676 0.00000
0.00000 0.00024
-0.00000 -0.20000
-0.09366 0.00000
-0.11090 0.00000
-0.23837 0.00000
-0.16039 0.00000
-0.07976 0.00000
0.00000 0.05904
-0.06075 0.00000
-0.00000 -0.01525
-0.00000 -0.17533
0.00000 0.04206
0.00254 -0.00000
0.19074 -0.00000
0.00000 0.17946
-0.22017 0.00000
-0.00000 -0.07834
-0.10545 0.00000
0.14183 -0.00000
0.14960 -0.00000
-0.00000 -0.03711
-0.00000 -0.05495
-0.09363 0.00000
-0.00000 -0.16104
0.00000 0.02716
-0.09459 0.00000
-0.19394 0.00000
0.18969 -0.00000
-0.11175 0.00000
-0.17416 0.00000
0.04185 -0.00000
-0.00000 -0.21445
-0.06619 0.00000
0.00000 0.20838
0.08084 -0.00000
-0.00000 -0.04713
-0.05720 0.00000
-0.02378 0.00000
0.00000 0.20784
-0.00000 -0.02788
0.22753 -0.00000
0.00000 0.20610
0.16052 -0.00000
-0.00000 -0.21548
-0.00000 -0.19789
-0.00000 -0.17722
0.19744 -0.00000
0.24985 -0.00000
0.00000 0.00556
0.11178 -0.00000
-0.04958 0.00000
0.00000 0.04531
0.00000 0.00339
-0.04422 0.00000
-0.00000 -0.04230
-0.21949 0.00000
-0.00000 -0.06795
-0.00000 -0.02375
-0.18744 0.00000
-0.30166 0.00000
0.00000 0.04365
0.18409 -0.00000
-0.00000 -0.02866
-0.00000 -0.15430
0.00000 0.06865
-0.00000 -0.06493
0.01428 -0.00000
0.24573 -0.00000
-0.15737 0.00000
-0.09601 0.00000
0.00000 0.15770
-0.00000 -0.07542
0.00000 0.05384
0.29538 -0.00000
0.15455 -0.00000
-0.00000 -0.02787
-0.05269 0.00000
-0.13906 0.00000
-0.00000 -0.17771
0.02546 -0.00000
-0.08625 0.00000
-0.00000 -0.15603
-0.00000 -0.16494
0.29641 -0.00000
0.00000 0.15230
0.00000 0.06947
0.23820 -0.00000
-0.00000 -0.20442
-0.00000 -0.01735
0.07850 -0.00000
-0.09770 0.00000
-0.13682 0.00000
0.00000 0.08395
0.00000 0.07686
-0.07789 0.00000
0.00000 0.07799
-0.00000 -0.19733
-0.25841 0.00000
0.24664 -0.00000
-0.07256 0.00000
0.26643 -0.00000
0.00000 0.04217
0.00000 0.15211
-0.29290 0.00000
-0.07765 0.00000
0.26751 -0.00000
0.16642 -0.00000
-0.00000 -0.08603
-0.00000 -0.02948
-0.13036 0.00000
0.10192 -0.00000
0.00000 0.01689
-0.12366 0.00000
-0.00000 -0.21424
0.00000 0.21092
0.00000 0.04075
0.00000 0.17017
0.19197 -0.00000
-0.14205 0.00000
0.18808 -0.00000
0.00000 0.16675
0.16560 -0.00000
-0.13041 0.00000
-0.16691 0.00000
-0.00000 -0.16839
0.00000 0.03692
0.00000 0.08430
0.00000 0.01068
0.25180 -0.00000
-0.15034 0.00000
-0.23312 0.00000
-0.20860 0.00000
-0.00000 -0.16210
-0.00000 -0.20128
-0.00000 -0.21026
-0.00000 -0.05515
0.17467 -0.00000
-0.00000 -0.17271
-0.17404 0.00000
0.00000 0.06985
-0.00000 -0.16573
-0.00000 -0.15444
0.00000 0.06198
0.00000 0.05608
-0.00000 -0.07398
-0.00000 -0.03066
0.00395 -0.00000
0.10606 -0.00000
0.30526 -0.00000
0.00000 0.00547
-0.18814 0.00000
-0.02537 0.00000
0.15440 -0.00000
0.00000 0.20913
0.00000 0.19297
-0.00000 -0.02453
0.00000 0.04514
-0.13353 0.00000
0.00000 0.00621
-0.02421 0.00000
0.27460 -0.00000
0.00000 0.19655
0.00000 0.04617
-0.00000 -0.05730
-0.09521 0.00000
-0.18166 0.00000
-0.16610 0.00000
-0.29598 0.00000
0.00000 0.08243
-0.28589 0.00000
-0.06412 0.00000
0.00000 0.08559
0.00000 0.21714
-0.00000 -0.04368
0.00000 0.17174
0.00000 0.20203
-0.00000 -0.17796
-0.00000 -0.03119
0.00000 0.06577
0.30114 -0.00000
0.00000 0.05822
-0.00000 -0.03389
0.00000 0.05443
-0.04095 0.00000
0.28847 -0.00000
-0.07887 0.00000
0.00000 0.01394
-0.00000 -0.03855
-0.00000 -0.16413
0.20383 -0.00000
0.07676 -0.00000
0.00000 0.08121
0.00000 0.06613
0.16974 -0.00000
0.21985 -0.00000
-0.10119 0.00000
0.30740 -0.00000
-0.00000 -0.20869
0.08948 -0.00000
-0.21257 0.00000
0.00000 0.07754
0.00000 0.15623
-0.00000 -0.04280
-0.02522 0.00000
0.00000 0.16225
-0.03660 0.00000
0.00000 0.17785
0.00000 0.05542
0.00000 0.01770
-0.00461 0.00000
-0.00000 -0.19653
0.00000 0.02380
0.00000 0.19057
-0.00000 -0.19134
0.00000 0.07600
-0.00000 -0.00787
-0.00000 -0.01293
0.20241 -0.00000
-0.10745 0.00000
0.09288 -0.00000
0.00000 0.05761
-0.00000 -0.18594
0.15318 -0.00000
0.28701 -0.00000
-0.00000 -0.18387
-0.00000 -0.17126
-0.28078 0.00000
0.09187 -0.00000
-0.00000 -0.04077
-0.00000 -0.15362
-0.13967 0.00000
-0.00000 -0.00747
0.00000 0.07108
-0.04062 0.00000
0.15842 -0.00000
-0.20267 0.00000
0.00000 0.00425
-0.00000 -0.06163
-0.00000 -0.01418
0.18262 -0.00000
-0.00000 -0.05223
-0.00000 -0.17772
0.00000 0.02502
-0.00000 -0.05776
-0.00000 -0.05259
-0.00000 -0.02475
0.05717 -0.00000
0.00000 0.15781
-0.00000 -0.18410
0.00000 0.18247
0.00000 0.07993
-0.27704 0.00000
0.26817 -0.00000
-0.13289 0.00000
0.00000 0.04742
0.00000 0.18010
-0.00000 -0.06907
-0.00000 -0.01698
-0.15347 0.00000
-0.10622 0.00000
0.00000 0.08313
0.00000 0.04140
0.16248 -0.00000
0.00000 0.05560
0.15585 -0.00000
0.00000 0.20016
-0.00000 -0.08294
0.09265 -0.00000
-0.06351 0.00000
-0.00000 -0.07723
-0.14808 0.00000
0.25462 -0.00000
0.00000 0.06232
0.05345 -0.00000
0.16116 -0.00000
0.08906 -0.00000
0.21835 -0.00000
-0.13618 0.00000
-0.28602 0.00000
0.11777 -0.00000
0.00000 0.20682
-0.12524 0.00000
-0.27541 0.00000
0.00000 0.05148
-0.00000 -0.17777
0.09141 -0.00000
-0.03951 0.00000
-0.00000 -0.06928
-0.00000 -0.06474
-0.00000 -0.05928
0.02489 -0.00000
-0.06216 0.00000
-0.00000 -0.01736
-0.27952 0.00000
-0.00000 -0.05149
0.00000 0.06599
-0.09607 0.00000
-0.19938 0.00000
0.09697 -0.00000
-0.00000 -0.15505
0.00000 0.03284
0.05657 -0.00000
-0.27305 0.00000
-0.00000 -0.03578
0.06948 -0.00000
0.00000 0.16894
-0.08304 0.00000
0.00000 0.05726
-0.22824 0.00000
-0.00000 -0.01938
0.06730 -0.00000
-0.00000 -0.21480
0.16163 -0.00000
-0.00000 -0.19785
0.00000 0.06727
0.00000 0.06796
0.25006 -0.00000
0.05703 -0.00000
-0.00000 -0.07373
-0.14053 0.00000
0.05224 -0.00000
0.00000 0.02369
0.30426 -0.00000
-0.00000 -0.05564
0.00000 0.19042
-0.00000 -0.20364
0.00000 0.06532
0.00000 0.04412
-0.20798 0.00000
-0.00000 -0.15289
-0.24826 0.00000
-0.00000 -0.07369
0.00000 0.17842
0.00000 0.07090
0.27243 -0.00000
-0.26139 0.00000
0.00000 0.07465
0.00000 0.00304
-0.00000 -0.00427
-0.00000 -0.03625
-0.06303 0.00000
-0.14174 0.00000
0.30802 -0.00000
0.00000 0.19247
-0.00000 -0.15626
-0.13437 0.00000
0.23968 -0.00000
-0.00000 -0.01894
-0.08899 0.00000
-0.19340 0.00000
-0.21456 0.00000
-0.00000 -0.06711
0.28769 -0.00000
-0.00000 -0.06673
-0.26268 0.00000
0.22356 -0.00000
0.25776 -0.00000
0.00000 0.02378
-0.23850 0.00000
0.16624 -0.00000
0.00000 0.21672
0.00000 0.00300
0.13194 -0.00000
-0.06769 0.00000
0.00000 0.16162
-0.15027 0.00000
0.00000 0.05054
-0.00000 -0.05794
0.00000 0.21620
-0.00000 -0.18223
0.00000 0.17096
0.15034 -0.00000
0.14378 -0.00000
0.00000 0.15455
0.29410 -0.00000
-0.22442 0.00000
0.00000 0.02896
-0.00000 -0.19615
-0.00000 -0.19503
-0.20890 0.00000
-0.00000 -0.07879
0.00000 0.07662
-0.10517 0.00000
-0.18000 0.00000
-0.07255 0.00000
0.11673 -0.00000
0.30367 -0.00000
0.00000 0.21343
-0.00000 -0.07162
0.00000 0.18225
-0.00000 -0.06499
0.00000 0.15482
0.00000 0.01409
0.00000 0.08528
0.14951 -0.00000
-0.04332 0.00000
0.00000 0.00860
0.24285 -0.00000
0.00000 0.20584
0.00000 0.15639
0.00000 0.07624
-0.00000 -0.03504
-0.00000 -0.15755
-0.00000 -0.19088
0.11551 -0.00000
-0.00000 -0.19980
0.00000 0.21440
0.25729 -0.00000
0.22433 -0.00000
-0.04695 0.00000
-0.00000 -0.00873
-0.07072 0.00000
0.00000 0.01763
-0.00000 -0.06254
0.00000 0.19651
0.00000 0.04475
0.00000 0.16644
0.20991 -0.00000
0.24643 -0.00000
-0.00838 0.00000
-0.00000 -0.17708
0.00000 0.06991
0.11924 -0.00000
0.00000 0.20610
0.10572 -0.00000
-0.00000 -0.03175
-0.00000 -0.21663
-0.00000 -0.18477
0.26357 -0.00000
-0.00000 -0.04202
0.14995 -0.00000
-0.00000 -0.16561
0.01993 -0.00000
-0.12123 0.00000
0.15694 -0.00000
0.24945 -0.00000
-0.11176 0.00000
0.00000 0.16197
0.09793 -0.00000
-0.00000 -0.03854
-0.20518 0.00000
-0.00000 -0.21350
0.00000 0.00238
0.01313 -0.00000
0.00000 0.04054
-0.00000 -0.17129
0.00000 0.16016
0.19112 -0.00000
0.00000 0.07305
0.21712 -0.00000
0.00000 0.08314
0.00000 0.03583
0.08673 -0.00000
-0.23836 0.00000
0.00000 0.05339
-0.00000 -0.07768
0.00000 0.02775
0.23689 -0.00000
-0.02908 0.00000
-0.00000 -0.02022
-0.00000 -0.01649
-0.00000 -0.20532
0.30233 -0.00000
-0.16207 0.00000
0.11913 -0.00000
0.26378 -0.00000
-0.00000 -0.00977
0.00000 0.03442
-0.10605 0.00000
-0.00000 -0.17604
0.00000 0.19459
-0.00000 -0.02666
-0.14276 0.00000
0.03346 -0.00000
-0.00000 -0.18535
0.00000 0.05455
-0.00000 -0.20310
0.00000 0.03619
0.27102 -0.00000
0.27645 -0.00000
0.14286 -0.00000
0.00000 0.07284
-0.00000 -0.01717
0.00000 0.18941
-0.11198 0.00000
0.07343 -0.00000
-0.00000 -0.04979
0.00000 0.02532
0.00000 0.19201
0.06706 -0.00000
0.18526 -0.00000
-0.00000 -0.08288
0.00000 0.04490
-0.00000 -0.01013
-0.21651 0.00000
-0.00000 -0.01787
0.00000 0.17770
0.00000 0.15274
-0.00000 -0.00586
-0.00000 -0.08488
-0.17372 0.00000
0.00000 0.02877
-0.10839 0.00000
0.00000 0.18471
-0.00000 -0.18744
0.00000 0.08139
0.11251 -0.00000
0.00000 0.18975
-0.00000 -0.01835
0.00000 0.02025
-0.16988 0.00000
-0.00000 -0.20853
0.00000 0.05329
-0.00000 -0.16450
-0.00000 -0.05632
0.01135 -0.00000
0.00000 0.16864
0.00000 0.04489
0.00000 0.06998
0.00000 0.16171
0.05581 -0.00000
-0.00000 -0.07179
-0.00000 -0.20648
0.00000 0.07507
-0.27997 0.00000
0.00000 0.00845
0.00000 0.15376
-0.00000 -0.04404
-0.00000 -0.07028
0.02207 -0.00000
-0.05086 0.00000
-0.30471 0.00000
-0.17297 0.00000
0.00000 0.15325
-0.00000 -0.20474
0.00000 0.01232
0.23041 -0.00000
-0.00000 -0.18988
-0.12455 0.00000
-0.00000 -0.20941
0.00000 0.08179
0.21321 -0.00000
0.25028 -0.00000
-0.15459 0.00000
0.00000 0.16584
0.00000 0.19870
0.21898 -0.00000
-0.14510 0.00000
0.00000 0.19588
-0.00000 -0.02946
0.00000 0.08333
-0.25346 0.00000
-0.00000 -0.20164
0.00000 0.16023
0.10750 -0.00000
0.00000 0.20461
0.00000 0.16986
0.26253 -0.00000
-0.00000 -0.05950
-0.27069 0.00000
0.05333 -0.00000
-0.00000 -0.01413
-0.16800 0.00000
0.00000 0.17249
-0.00000 -0.01396
0.00000 0.00517
-0.00000 -0.20964
0.00000 0.02599
-0.00000 -0.16703
-0.23501 0.00000
-0.23425 0.00000
0.01474 -0.00000
-0.29180 0.00000
0.00000 0.21389
-0.14307 0.00000
-0.01192 0.00000
-0.18126 0.00000
-0.00000 -0.06522
0.00000 0.19984
-0.02264 0.00000
0.00000 0.03886
-0.00000 -0.15363
-0.00000 -0.19725
-0.00000 -0.08209
-0.00000 -0.06107
0.00000 0.16881
0.00000 0.20447
0.08472 -0.00000
0.01692 -0.00000
-0.06816 0.00000
-0.00000 -0.19071
0.00000 0.21156
0.12336 -0.00000
0.28040 -0.00000
-0.00000 -0.04095
-0.13536 0.00000
-0.00000 -0.15505
-0.21295 0.00000
-0.00000 -0.04557
-0.10927 0.00000
-0.00000 -0.08473
-0.00000 -0.18139
0.06347 -0.00000
-0.00000 -0.16151
0.00000 0.00775
-0.00000 -0.18851
0.23711 -0.00000
-0.00000 -0.19415
-0.00000 -0.00858
-0.00000 -0.21652
0.01531 -0.00000
-0.00000 -0.19031
0.00000 0.17711
-0.12486 0.00000
0.21400 -0.00000
0.00000 0.02527
0.00000 0.02153
-0.00000 -0.06697
-0.21223 0.00000
0.00000 0.04026
-0.00000 -0.16063
0.00000 0.06385
0.05159 -0.00000
-0.13938 0.00000
-0.09838 0.00000
-0.00000 -0.01294
-0.27049 0.00000
0.12099 -0.00000
-0.19309 0.00000
0.00000 0.18593
-0.24625 0.00000
-0.00000 -0.16053
-0.24904 0.00000
-0.00000 -0.16852
0.00000 0.03113
0.11777 -0.00000
-0.24628 0.00000
0.00000 0.00811
0.21332 -0.00000
-0.00000 -0.07759
0.00000 0.16991
0.01883 -0.00000
-0.00000 -0.15632
-0.19380 0.00000
-0.28644 0.00000
0.25455 -0.00000
-0.00000 -0.19946
-0.00000 -0.15270
0.00000 0.07411
-0.01676 0.00000
0.00000 0.03581
0.00000 0.18433
-0.00000 -0.04290
-0.00000 -0.15998
-0.09855 0.00000
-0.20604 0.00000
-0.00000 -0.00392
0.00000 0.04258
0.04342 -0.00000
0.24181 -0.00000
-0.24612 0.00000
-0.00000 -0.07527
0.17788 -0.00000
-0.00000 -0.00204
-0.00000 -0.08444
0.00000 0.04804
0.24140 -0.00000
-0.00000 -0.02705
-0.28506 0.00000
0.00000 0.17442
-0.09475 0.00000
-0.00000 -0.02918
0.00000 0.17971
-0.00000 -0.00928
0.00000 0.01663
0.27906 -0.00000
0.00000 0.06058
-0.22645 0.00000
-0.00000 -0.05584
0.00000 0.17065
-0.01718 0.00000
0.30455 -0.00000
-0.02702 0.00000
-0.00000 -0.01630
0.08007 -0.00000
0.00000 0.05920
-0.00000 -0.15239
0.28046 -0.00000
-0.11621 0.00000
-0.00000 -0.16164
-0.00000 -0.03885
0.10297 -0.00000
-0.00000 -0.06272
0.00000 0.16162
0.00000 0.21465
0.12617 -0.00000
-0.00000 -0.02836
-0.26735 0.00000
-0.06728 0.00000
0.21789 -0.00000
-0.20516 0.00000
0.11008 -0.00000
-0.00000 -0.08276
0.00000 0.15923
0.14400 -0.00000
0.20269 -0.00000
-0.17475 0.00000
0.30590 -0.00000
-0.00000 -0.20534
-0.27017 0.00000
0.00000 0.20302
-0.00000 -0.19390
-0.00000 -0.08405
0.00000 0.03296
-0.00000 -0.06229
-0.00000 -0.07124
-0.28672 0.00000
0.00000 0.01069
0.00000 0.04299
-0.00000 -0.06415
0.00880 -0.00000
-0.30382 0.00000
0.09664 -0.00000
-0.00000 -0.21263
0.00000 0.20511
0.08777 -0.00000
-0.00000 -0.02377
0.00000 0.03091
0.01359 -0.00000
0.00000 0.01069
0.30788 -0.00000
0.00000 0.21376
-0.00000 -0.04607
-0.00000 -0.07198
-0.02993 0.00000
0.00000 0.06982
0.00000 0.19113
-0.00000 -0.00062
0.00000 0.06843
0.00000 0.00269
-0.00000 -0.05144
0.29072 -0.00000
0.00000 0.17054
-0.00000 -0.03131
0.03557 -0.00000
0.00000 0.04287
0.00000 0.20238
-0.04148 0.00000
-0.00000 -0.03759
-0.00000 -0.18428
-0.00000 -0.16823
-0.23326 0.00000
0.03937 -0.00000
-0.08452 0.00000
-0.29271 0.00000
-0.00000 -0.18105
-0.00000 -0.07480
0.07865 -0.00000
0.15626 -0.00000
0.24006 -0.00000
0.00000 0.02291
-0.20614 0.00000
0.22691 -0.00000
-0.00000 -0.06661
-0.18707 0.00000
0.00000 0.08042
0.00000 0.08111
-0.00000 -0.16456
0.09858 -0.00000
0.00000 0.06212
0.00000 0.00068
0.00000 0.21006
-0.21743 0.00000
0.00000 0.17608
0.00000 0.16566
0.00000 0.00804
-0.00000 -0.00392
0.00000 0.20481
-0.28641 0.00000
0.00000 0.05524
-0.24032 0.00000
-0.00000 -0.07239
-0.28198 0.00000
0.00000 0.05718
-0.00000 -0.00924
0.21278 -0.00000
0.00000 0.07927
0.18009 -0.00000
-0.29299 0.00000
-0.23152 0.00000
0.00000 0.03305
0.00000 0.16335
0.00000 0.16603
-0.23964 0.00000
-0.00000 -0.15431
-0.20027 0.00000
0.00000 0.08211
0.00000 0.07280
-0.00000 -0.00121
0.00000 0.19027
-0.15698 0.00000
-0.10314 0.00000
0.17550 -0.00000
0.08368 -0.00000
0.00000 0.15521
-0.00000 -0.02982
0.00000 0.00945
-0.00000 -0.21530
0.00000 0.18122
-0.26331 0.00000
-0.00000 -0.06468
0.00000 0.16195
0.00000 0.20867
-0.06021 0.00000
-0.00000 -0.06646
-0.08829 0.00000
-0.00000 -0.18479
-0.00000 -0.03620
0.00000 0.04910
-0.00000 -0.03015
-0.21540 0.00000
0.00000 0.01218
0.25494 -0.00000
-0.00000 -0.06048
0.18414 -0.00000
0.00173 -0.00000
0.00000 0.07636
-0.00000 -0.06274
0.00000 0.16032
0.00000 0.21129
-0.00000 -0.17043
-0.24664 0.00000
-0.00000 -0.05464
0.00000 0.02506
-0.06140 0.00000
-0.03689 0.00000
-0.00000 -0.21094
0.00000 0.06030
-0.26328 0.00000
-0.08718 0.00000
0.00000 0.05028
-0.00000 -0.01412
-0.07175 0.00000
0.16208 -0.00000
0.09853 -0.00000
0.06093 -0.00000
0.04691 -0.00000
-0.00000 -0.19655
-0.00000 -0.04145
-0.19913 0.00000
-0.00000 -0.00078
0.00000 0.17378
-0.07273 0.00000
0.00000 0.04365
-0.00000 -0.16825
0.00000 0.19627
0.00000 0.04195
-0.00000 -0.18150
0.00000 0.00236
-0.22747 0.00000
0.09472 -0.00000
0.21001 -0.00000
0.20486 -0.00000
0.00000 0.00771
0.11220 -0.00000
-0.00000 -0.05122
0.30186 -0.00000
0.00000 0.01262
-0.00000 -0.21424
0.03101 -0.00000
-0.00000 -0.16979
-0.08247 0.00000
-0.05335 0.00000
-0.27686 0.00000
0.00000 0.16210
0.29643 -0.00000
0.30128 -0.00000
-0.00000 -0.05614
0.15227 -0.00000
-0.14197 0.00000
-0.21758 0.00000
-0.00000 -0.02679
0.22316 -0.00000
0.18381 -0.00000
-0.00000 -0.00011
0.22652 -0.00000
0.09987 -0.00000
0.00000 0.17210
0.10152 -0.00000
-0.21003 0.00000
0.00000 0.20896
-0.00000 -0.20968
0.00000 0.15641
0.11071 -0.00000
-0.00000 -0.08472
0.11936 -0.00000
0.00000 0.03342
0.13525 -0.00000
-0.00000 -0.18517
0.19010 -0.00000
0.00000 0.18206
0.20345 -0.00000
0.00000 0.03753
0.04968 -0.00000
-0.00000 -0.01134
-0.09280 0.00000
0.12172 -0.00000
0.00000 0.19144
0.00000 0.18544
0.26747 -0.00000
0.00000 0.18101
-0.12137 0.00000
0.16505 -0.00000
-0.24787 0.00000
0.00000 0.00357
-0.23713 0.00000
-0.30498 0.00000
0.00000 0.20206
0.06453 -0.00000
-0.00000 -0.02062
0.21085 -0.00000
-0.00000 -0.02042
-0.09244 0.00000
-0.00000 -0.04080
0.00000 0.16617
0.00000 0.19958
-0.15415 0.00000
-0.10457 0.00000
0.02091 -0.00000
-0.26358 0.00000
0.04743 -0.00000
0.00000 0.17274
-0.00000 -0.19583
0.19882 -0.00000
-0.00000 -0.03138
0.00000 0.05337
-0.00000 -0.06613
-0.01049 0.00000
-0.29279 0.00000
-0.00000 -0.21245
0.06295 -0.00000
0.00000 0.05905
0.23596 -0.00000
-0.10421 0.00000
0.00000 0.19182
-0.00000 -0.00496
-0.00000 -0.01318
-0.00000 -0.17001
-0.00000 -0.04349
0.00000 0.19415
-0.14386 0.00000
-0.00000 -0.16070
0.19337 -0.00000
0.20170 -0.00000
-0.20027 0.00000
0.00000 0.02508
0.24198 -0.00000
0.16953 -0.00000
-0.00000 -0.01922
-0.20672 0.00000
0.07547 -0.00000
0.00000 0.18101
0.00000 0.21690
-0.16389 0.00000
0.05719 -0.00000
0.00000 0.15488
-0.00000 -0.20983
0.24867 -0.00000
0.10666 -0.00000
0.00000 0.07612
0.04392 -0.00000
-0.12367 0.00000
0.27123 -0.00000
-0.00000 -0.18014
-0.00000 -0.19713
0.00000 0.18011
0.02925 -0.00000
-0.00000 -0.16746
-0.02971 0.00000
-0.00000 -0.02891
-0.24585 0.00000
0.14655 -0.00000
0.00000 0.07055
0.26310 -0.00000
0.18144 -0.00000
0.00000 0.07388
0.00000 0.00768
-0.00000 -0.01687
-0.00000 -0.00553
-0.00000 -0.15962
-0.23004 0.00000
-0.00000 -0.02118
0.00000 0.21227
0.07698 -0.00000
-0.00000 -0.17044
-0.00000 -0.05888
-0.00000 -0.02402
-0.00000 -0.04365
0.00000 0.06100
-0.00000 -0.16917
-0.00000 -0.02076
-0.07910 0.00000
-0.00000 -0.03814
0.22376 -0.00000
0.17896 -0.00000
-0.00000 -0.04060
0.00000 0.04496
0.00000 0.07614
0.00000 0.01642
0.17046 -0.00000
-0.26948 0.00000
0.24745 -0.00000
0.00000 0.06742
-0.00000 -0.01434
-0.02789 0.00000
-0.00000 -0.18732
0.27497 -0.00000
-0.00000 -0.04381
-0.00000 -0.19476
-0.19869 0.00000
-0.26998 0.00000
-0.00000 -0.02471
0.21938 -0.00000
0.17331 -0.00000
0.04316 -0.00000
-0.00000 -0.04254
-0.15685 0.00000
-0.00000 -0.07173
0.00000 0.15209
-0.23200 0.00000
0.20010 -0.00000
-0.00000 -0.15750
0.00000 0.01698
-0.16428 0.00000
0.00000 0.17962
-0.00000 -0.18476
-0.00000 -0.18898
0.01335 -0.00000
-0.00000 -0.16386
-0.03887 0.00000
0.12345 -0.00000
-0.00000 -0.21643
-0.06658 0.00000
-0.30315 0.00000
0.00000 0.19876
0.00000 0.17698
0.00000 0.16539
0.22017 -0.00000
0.00000 0.08213
0.00000 0.02269
0.00000 0.17405
0.00000 0.16515
-0.00000 -0.17811
-0.00000 -0.20906
0.19081 -0.00000
0.00000 0.17381
-0.00000 -0.05316
-0.20643 0.00000
0.00000 0.06723
-0.05313 0.00000
-0.00000 -0.08328
-0.10187 0.00000
-0.00000 -0.06311
-0.00000 -0.17345
-0.00000 -0.03058
0.00000 0.06494
0.00000 0.04168
0.08118 -0.00000
0.00000 0.02704
-0.00000 -0.04289
0.00000 0.06333
0.26148 -0.00000
0.28248 -0.00000
-0.00000 -0.06678
0.18267 -0.00000
0.26223 -0.00000
-0.00000 -0.05213
-0.00000 -0.16817
0.02272 -0.00000
0.12638 -0.00000
-0.00000 -0.04914
0.07677 -0.00000
-0.08787 0.00000
0.00000 0.16191
-0.00000 -0.15165
0.07357 -0.00000
-0.20323 0.00000
-0.00000 -0.21084
-0.00000 -0.18537
0.00000 0.01012
-0.28918 0.00000
-0.00000 -0.21205
0.02657 -0.00000
-0.25742 0.00000
-0.00000 -0.05516
0.30286 -0.00000
0.03436 -0.00000
0.00000 0.00075
-0.00000 -0.01392
0.26991 -0.00000
0.16380 -0.00000
0.21608 -0.00000
-0.22675 0.00000
0.30418 -0.00000
0.00000 0.20141
-0.00000 -0.18585
0.18466 -0.00000
0.00000 0.21212
-0.00000 -0.07726
0.00000 0.03940
-0.15800 0.00000
0.00000 0.15588
0.00000 0.05945
-0.13924 0.00000
0.00000 0.04390
0.26692 -0.00000
-0.18596 0.00000
-0.00000 -0.21212
-0.18994 0.00000
-0.24690 0.00000
0.00000 0.02105
0.24494 -0.00000
0.22432 -0.00000
-0.00000 -0.00822
0.00000 0.16399
-0.19809 0.00000
0.09755 -0.00000
-0.00000 -0.07287
0.26719 -0.00000
0.00000 0.21582
0.04193 -0.00000
-0.00000 -0.18242
0.23681 -0.00000
-0.04924 0.00000
0.07321 -0.00000
0.00000 0.20593
0.06297 -0.00000
-0.29466 0.00000
0.00000 0.19669
-0.00000 -0.00369
0.26518 -0.00000
-0.28485 0.00000
-0.00000 -0.06600
0.06184 -0.00000
-0.00000 -0.07844
0.28649 -0.00000
-0.21791 0.00000
0.19640 -0.00000
-0.00000 -0.08113
0.29828 -0.00000
0.04099 -0.00000
0.14009 -0.00000
-0.00000 -0.16825
0.11345 -0.00000
0.00000 0.19256
-0.21239 0.00000
0.08945 -0.00000
-0.00000 -0.21280
-0.00000 -0.04947
0.00000 0.20359
0.14666 -0.00000
0.17132 -0.00000
-0.00000 -0.18620
0.00000 0.20373
-0.00000 -0.02229
-0.00000 -0.07197
-0.00000 -0.00746
0.00000 0.20299
-0.16548 0.00000
0.00000 0.00096
-0.05658 0.00000
0.00000 0.19243
-0.17758 0.00000
-0.00000 -0.18454
-0.00000 -0.19777
0.00000 0.16081
-0.00000 -0.04206
-0.00000 -0.20482
0.28033 -0.00000
0.11216 -0.00000
0.10803 -0.00000
0.08856 -0.00000
0.00000 0.18143
0.08168 -0.00000
0.00000 0.07589
0.09532 -0.00000
-0.24512 0.00000
0.18934 -0.00000
-0.14264 0.00000
-0.08541 0.00000
-0.00000 -0.01586
-0.00000 -0.02482
0.00000 0.20319
0.17486 -0.00000
-0.26638 0.00000
-0.00000 -0.05141
0.00000 0.05301
-0.00000 -0.16405
-0.16529 0.00000
0.00000 0.03001
-0.12913 0.00000
0.00000 0.02587
0.00000 0.00245
-0.00660 0.00000
0.00000 0.08062
-0.23026 0.00000
-0.00000 -0.03482
0.00000 0.06101
-0.03148 0.00000
0.00000 0.20287
0.00000 0.21484
-0.00000 -0.20415
-0.11589 0.00000
-0.00000 -0.08063
-0.18132 0.00000
-0.00000 -0.08074
-0.00000 -0.03823
-0.00000 -0.21294
0.00000 0.06924
0.00000 0.15523
-0.24391 0.00000
0.00000 0.03847
0.30524 -0.00000
-0.00000 -0.07077
0.14235 -0.00000
-0.00000 -0.04226
0.00000 0.15274
-0.00000 -0.02331
-0.00000 -0.07497
0.17275 -0.00000
0.00000 0.06228
-0.00000 -0.06507
-0.00000 -0.06230
0.17918 -0.00000
-0.29971 0.00000
-0.00000 -0.06195
-0.24148 0.00000
0.29197 -0.00000
-0.00000 -0.20153
-0.10536 0.00000
0.00000 0.03876
-0.00000 -0.04749
-0.00000 -0.21583
0.00000 0.18804
-0.02427 0.00000
0.00000 0.17906
0.20693 -0.00000
-0.13221 0.00000
-0.00000 -0.06522
-0.00000 -0.17826
-0.00000 -0.04031
0.00000 0.18082
0.00000 0.05774
-0.00000 -0.01877
-0.16207 0.00000
0.07440 -0.00000
0.00000 0.02981
-0.05189 0.00000
0.30413 -0.00000
-0.00000 -0.20382
-0.00000 -0.18328
-0.00000 -0.01813
0.00000 0.07461
-0.00000 -0.16661
0.00000 0.19211
0.00621 -0.00000
0.00174 -0.00000
0.27018 -0.00000
-0.00000 -0.18746
-0.00000 -0.04418
0.05231 -0.00000
0.00000 0.07337
-0.00000 -0.02219
-0.00000 -0.15860
-0.00000 -0.16022
0.00000 0.00994
-0.25043 0.00000
-0.00000 -0.06233
-0.25277 0.00000
0.10796 -0.00000
-0.00000 -0.06704
-0.16691 0.00000
-0.00000 -0.06374
0.20373 -0.00000
-0.24888 0.00000
-0.19174 0.00000
0.19898 -0.00000
-0.25632 0.00000
-0.05448 0.00000
0.00000 0.07044
0.00000 0.20639
0.00000 0.02523
-0.00000 -0.00793
0.00000 0.01826
0.00000 0.17442
0.14656 -0.00000
-0.00000 -0.02386
0.00000 0.17981
0.26882 -0.00000
0.29832 -0.00000
0.00000 0.04202
-0.18528 0.00000
0.20375 -0.00000
0.04953 -0.00000
0.00000 0.06376
-0.16875 0.00000
0.00000 0.18257
0.00000 0.07299
-0.01473 0.00000
0.17067 -0.00000
0.10714 -0.00000
-0.00000 -0.17748
0.18752 -0.00000
-0.00000 -0.00540
-0.18484 0.00000
0.00000 0.18781
0.00000 0.04441
0.16574 -0.00000
0.20314 -0.00000
-0.01094 0.00000
-0.00000 -0.00983
0.27132 -0.00000
-0.13054 0.00000
-0.16577 0.00000
0.00000 0.19362
-0.00000 -0.07601
0.00000 0.18906
-0.12584 0.00000
0.14169 -0.00000
0.19179 -0.00000
-0.00000 -0.04774
-0.16680 0.00000
-0.11838 0.00000
-0.07450 0.00000
0.09824 -0.00000
0.00000 0.00022
-0.19470 0.00000
0.00000 0.01403
-0.00000 -0.04722
0.00000 0.17320
-0.20350 0.00000
-0.12555 0.00000
0.00000 0.01282
-0.00000 -0.04689
0.29272 -0.00000
-0.00000 -0.21369
0.23526 -0.00000
-0.11915 0.00000
0.00000 0.05681
-0.07472 0.00000
-0.00000 -0.06891
-0.27047 0.00000
-0.00000 -0.04306
-0.06516 0.00000
-0.00000 -0.20034
-0.00000 -0.08192
-0.00000 -0.19927
-0.00000 -0.05795
-0.27577 0.00000
0.29000 -0.00000
0.00000 0.06875
-0.00000 -0.01144
-0.12431 0.00000
0.00000 0.16664
-0.00000 -0.02781
-0.00000 -0.02391
-0.24111 0.00000
-0.11196 0.00000
-0.00000 -0.07441
-0.00000 -0.16169
0.00000 0.20604
0.15317 -0.00000
0.27732 -0.00000
0.02338 -0.00000
-0.17901 0.00000
-0.00000 -0.17222
0.13059 -0.00000
-0.00000 -0.17212
-0.28823 0.00000
-0.00000 -0.04727
0.00000 0.15214
0.00000 0.18117
-0.00000 -0.06612
0.11638 -0.00000
0.23572 -0.00000
0.00000 0.02942
0.00000 0.04242
0.00000 0.05242
0.00000 0.01078
-0.18364 0.00000
0.00000 0.06468
-0.00000 -0.15997
-0.15753 0.00000
0.00000 0.20529
-0.19302 0.00000
-0.11014 0.00000
0.00000 0.20410
-0.00000 -0.03561
-0.00000 -0.08247
-0.12302 0.00000
-0.00000 -0.03066
0.00000 0.00183
-0.18546 0.00000
-0.00000 -0.04185
0.18386 -0.00000
-0.00000 -0.17768
0.24786 -0.00000
0.00000 0.21598
-0.00000 -0.04472
-0.13493 0.00000
-0.00000 -0.05059
-0.03941 0.00000
0.12914 -0.00000
-0.18442 0.00000
-0.17859 0.00000
-0.00000 -0.04820
-0.00000 -0.03363
0.09231 -0.00000
-0.25237 0.00000
-0.28612 0.00000
0.00000 0.06259
-0.29136 0.00000
-0.28443 0.00000
-0.00000 -0.06241
-0.21423 0.00000
0.00000 0.21535
0.28951 -0.00000
0.24937 -0.00000
-0.00000 -0.07186
0.00000 0.17597
0.00000 0.16867
-0.00000 -0.19422
0.28441 -0.00000
-0.27139 0.00000
-0.24307 0.00000
0.00000 0.01813
-0.11333 0.00000
0.00000 0.20900
-0.00000 -0.03156
0.00000 0.01922
-0.06975 0.00000
0.08365 -0.00000
0.00000 0.00265
-0.00000 -0.16233
-0.11346 0.00000
0.00000 0.01755
-0.00000 -0.06718
0.00000 0.03192
-0.00000 -0.04223
0.00000 0.15495
-0.00000 -0.03145
0.17870 -0.00000
-0.24790 0.00000
-0.00000 -0.16677
0.00000 0.08025
0.12091 -0.00000
-0.01813 0.00000
0.00000 0.04100
-0.00000 -0.15255
-0.00000 -0.17813
-0.27736 0.00000
0.05926 -0.00000
-0.00000 -0.03360
-0.00000 -0.04432
-0.07434 0.00000
-0.18034 0.00000
0.00000 0.20806
0.00000 0.17649
0.00000 0.18387
0.00000 0.07463
-0.00000 -0.00592
0.00000 0.02862
-0.18961 0.00000
-0.00000 -0.21548
-0.00000 -0.03240
0.18284 -0.00000
0.00000 0.16809
0.06697 -0.00000
0.03679 -0.00000
-0.00000 -0.07707
-0.16458 0.00000
0.00000 0.16791
-0.05895 0.00000
0.00000 0.15986
-0.22868 0.00000
-0.00000 -0.20264
-0.00000 -0.00449
-0.00000 -0.03070
0.00000 0.06952
0.13700 -0.00000
-0.00000 -0.15913
-0.00000 -0.07675
-0.00000 -0.19981
-0.00000 -0.15457
-0.00000 -0.00485
0.27986 -0.00000
0.05519 -0.00000
0.00000 0.18449
-0.30052 0.00000
0.30836 -0.00000
-0.00612 0.00000
0.00000 0.05484
-0.18085 0.00000
-0.00000 -0.05221
0.21696 -0.00000
-0.00000 -0.07562
-0.20978 0.00000
0.00000 0.04164
-0.00000 -0.05062
-0.00000 -0.17941
-0.00000 -0.00960
-0.14610 0.00000
0.28235 -0.00000
-0.05271 0.00000
-0.00000 -0.00410
0.00000 0.04464
-0.00000 -0.18513
-0.00000 -0.19137
0.00000 0.02367
-0.00000 -0.04560
0.00000 0.00508
-0.00000 -0.21670
0.00000 0.05325
-0.04886 0.00000
0.08711 -0.00000
0.18666 -0.00000
0.12273 -0.00000
-0.11167 0.00000
0.17598 -0.00000
0.00000 0.04464
-0.17380 0.00000
-0.13157 0.00000
-0.15967 0.00000
-0.00000 -0.16761
0.00000 0.00634
-0.09639 0.00000
0.00000 0.06177
0.00000 0.01339
0.00000 0.08147
-0.00000 -0.19788
-0.00000 -0.02791
-0.00000 -0.00521
0.02097 -0.00000
0.00000 0.05813
-0.23430 0.00000
0.02829 -0.00000
0.00000 0.03492
0.24122 -0.00000
-0.00985 0.00000
-0.27878 0.00000
0.18964 -0.00000
-0.00000 -0.17062
0.00000 0.07780
0.00000 0.17818
-0.00000 -0.07524
-0.00000 -0.04888
0.27442 -0.00000
0.17381 -0.00000
-0.00000 -0.01251
-0.00000 -0.18132
-0.05477 0.00000
-0.00000 -0.17086
0.00000 0.06734
-0.23806 0.00000
0.15541 -0.00000
0.17210 -0.00000
0.00000 0.20123
0.00000 0.16825
0.16867 -0.00000
0.00000 0.00986
0.00000 0.01814
0.00000 0.17909
-0.18804 0.00000
-0.28336 0.00000
-0.00000 -0.05343
0.27746 -0.00000
0.25846 -0.00000
-0.00000 -0.08446
0.00000 0.03865
-0.20315 0.00000
0.00000 0.05503
0.00000 0.18332
-0.25091 0.00000
0.00000 0.15431
0.09996 -0.00000
0.00000 0.05473
0.20858 -0.00000
-0.09568 0.00000
-0.00000 -0.05887
-0.00000 -0.17051
0.11929 -0.00000
0.07554 -0.00000
-0.25426 0.00000
-0.00000 -0.16960
-0.00000 -0.17364
-0.00000 -0.01455
-0.00000 -0.18156
-0.00000 -0.04160
0.00000 0.05007
-0.00000 -0.02334
-0.09490 0.00000
-0.04611 0.00000
0.00000 0.20636
0.00000 0.02334
0.00000 0.21360
0.18704 -0.00000
-0.00000 -0.00527
0.00000 0.15304
-0.00000 -0.04029
-0.00000 -0.07507
-0.00000 -0.04586
0.00000 0.02896
0.04140 -0.00000
0.12656 -0.00000
-0.00000 -0.00437
0.08268 -0.00000
-0.00000 -0.05318
0.08113 -0.00000
0.29366 -0.00000
0.20114 -0.00000
-0.00000 -0.03323
0.00000 0.20436
0.00000 0.19957
0.00000 0.20974
0.18396 -0.00000
0.00000 0.04305
-0.00000 -0.19825
0.01723 -0.00000
0.00000 0.18726
-0.00000 -0.05427
0.00000 0.01443
0.00000 0.00857
-0.00000 -0.03936
-0.06724 0.00000
-0.30551 0.00000
0.22988 -0.00000
0.00000 0.02588
0.07525 -0.00000
0.00000 0.19880
-0.00000 -0.21436
0.00000 0.07601
0.04733 -0.00000
-0.03527 0.00000
0.13445 -0.00000
0.00000 0.16784
-0.22235 0.00000
-0.00000 -0.17418
0.00000 0.19540
0.11474 -0.00000
-0.27628 0.00000
0.00000 0.04167
0.30136 -0.00000
-0.21577 0.00000
-0.00000 -0.17965
-0.10071 0.00000
0.19772 -0.00000
0.06790 -0.00000
-0.29067 0.00000
-0.12273 0.00000
0.00000 0.16922
-0.23860 0.00000
0.00000 0.04888
0.00000 0.05050
-0.13474 0.00000
-0.00000 -0.16330
-0.23018 0.00000
-0.00000 -0.05729
0.00000 0.01158
0.29875 -0.00000
0.22536 -0.00000
-0.00000 -0.02527
0.00000 0.16642
-0.05920 0.00000
0.26021 -0.00000
0.00000 0.06841
0.00000 0.06950
0.00000 0.08346
0.00000 0.08195
0.00000 0.05580
-0.00925 0.00000
-0.00000 -0.05336
0.00000 0.05888
0.00000 0.06742
-0.16080 0.00000
-0.00000 -0.05926
-0.00000 -0.16000
-0.24290 0.00000
-0.11221 0.00000
0.00000 0.18955
-0.00000 -0.07167
-0.00000 -0.03994
0.00000 0.01628
0.00000 0.18765
-0.27448 0.00000
-0.00000 -0.20377
-0.16739 0.00000
-0.00000 -0.16086
0.12023 -0.00000
0.21217 -0.00000
0.21039 -0.00000
-0.00000 -0.15525
0.07410 -0.00000
-0.15163 0.00000
-0.00000 -0.02673
0.23831 -0.00000
-0.00000 -0.05779
0.29758 -0.00000
-0.00000 -0.03253
0.27033 -0.00000
-0.28487 0.00000
0.00000 0.20279
0.24311 -0.00000
-0.00000 -0.18629
-0.00000 -0.17667
-0.00000 -0.07371
-0.00000 -0.18028
-0.21525 0.00000
0.00000 0.05322
-0.22317 0.00000
-0.27163 0.00000
-0.06360 0.00000
-0.00000 -0.04645
-0.17074 0.00000
0.10282 -0.00000
0.00000 0.16011
-0.09875 0.00000
0.14346 -0.00000
-0.00000 -0.21465
-0.00000 -0.02573
0.26038 -0.00000
-0.22336 0.00000
-0.19465 0.00000
0.00000 0.00513
-0.10314 0.00000
-0.29677 0.00000
-0.09981 0.00000
-0.00000 -0.15828
0.00000 0.04703
0.00000 0.05118
-0.20975 0.00000
0.00000 0.08593
-0.00000 -0.02589
0.18581 -0.00000
0.21271 -0.00000
-0.18235 0.00000
-0.00000 -0.16436
0.00000 0.15545
-0.00000 -0.03133
0.20316 -0.00000
0.28119 -0.00000
0.12496 -0.00000
0.00000 0.18298
0.14889 -0.00000
-0.09142 0.00000
-0.00000 -0.04714
-0.00000 -0.18678
-0.10388 0.00000
0.23508 -0.00000
0.00000 0.04604
0.27479 -0.00000
-0.00000 -0.19655
0.00000 0.15402
-0.19573 0.00000
-0.04765 0.00000
-0.18112 0.00000
0.17348 -0.00000
0.17319 -0.00000
-0.00000 -0.06220
-0.21474 0.00000
0.00000 0.16068
0.00000 0.19136
0.05790 -0.00000
0.15489 -0.00000
0.00000 0.06619
0.00000 0.06881
0.02718 -0.00000
-0.00000 -0.20869
-0.24956 0.00000
0.01128 -0.00000
0.01394 -0.00000
0.00000 0.15407
0.28019 -0.00000
0.00000 0.07982
0.00000 0.15347
-0.00000 -0.16083
-0.00000 -0.07534
0.00000 0.07439
-0.00000 -0.00493
0.00000 0.06723
-0.00000 -0.17934
-0.12799 0.00000
-0.00000 -0.18429
0.00000 0.16477
-0.06939 0.00000
0.17090 -0.00000
-0.00000 -0.07055
-0.12040 0.00000
0.00000 0.05056
0.00000 0.01504
-0.27238 0.00000
-0.00000 -0.05391
0.00000 0.18041
-0.08727 0.00000
0.00000 0.01798
0.03589 -0.00000
0.15165 -0.00000
-0.00000 -0.15409
-0.00000 -0.17262
0.00000 0.02155
0.00000 0.15278
0.00000 0.01438
0.00000 0.02188
0.00000 0.06173
0.08663 -0.00000
-0.00000 -0.18295
0.00000 0.20028
0.00000 0.06947
0.18483 -0.00000
-0.00000 -0.20323
-0.00000 -0.19722
-0.19409 0.00000
0.30579 -0.00000
0.00000 0.15953
0.04496 -0.00000
-0.21092 0.00000
-0.00000 -0.20169
0.00000 0.18407
0.00000 0.08255
-0.00000 -0.03211
0.00000 0.18482
-0.00000 -0.00012
0.00000 0.04958
-0.00000 -0.06337
0.20321 -0.00000
-0.00000 -0.02961
-0.18359 0.00000
-0.30770 0.00000
-0.00000 -0.06989
-0.00000 -0.01139
0.00000 0.08178
0.11269 -0.00000
-0.10155 0.00000
0.00000 0.17679
-0.15290 0.00000
0.14237 -0.00000
-0.16425 0.00000
-0.00000 -0.21249
0.25898 -0.00000
0.27259 -0.00000
-0.00000 -0.16192
-0.26175 0.00000
-0.18236 0.00000
0.00000 0.18729
0.00000 0.21284
0.13060 -0.00000
0.00000 0.21073
-0.18097 0.00000
-0.00000 -0.04898
0.06842 -0.00000
0.00000 0.04728
0.00000 0.18194
-0.00000 -0.15606
0.20485 -0.00000
-0.30344 0.00000
0.06246 -0.00000
-0.20605 0.00000
0.00000 0.07070
-0.00000 -0.05453
-0.00000 -0.20377
-0.28394 0.00000
-0.17671 0.00000
0.15442 -0.00000
-0.27222 0.00000
-0.00000 -0.00179
-0.21555 0.00000
0.00000 0.06516
-0.00000 -0.06736
-0.12261 0.00000
0.00000 0.18366
-0.00000 -0.06659
-0.00000 -0.19628
-0.00000 -0.21393
0.00000 0.15372
0.21066 -0.00000
0.00000 0.02585
-0.00000 -0.03691
0.00000 0.16450
-0.00000 -0.00858
0.30062 -0.00000
-0.00000 -0.07020
0.06520 -0.00000
0.01599 -0.00000
-0.17858 0.00000
-0.24205 0.00000
-0.00000 -0.06249
0.00000 0.00032
0.17495 -0.00000
-0.19161 0.00000
0.00000 0.19748
-0.00000 -0.08369
0.00000 0.05709
0.00000 0.03060
0.15650 -0.00000
-0.00000 -0.18837
0.07543 -0.00000
-0.00000 -0.21628
-0.08774 0.00000
-0.00000 -0.16516
-0.00000 -0.05849
0.00000 0.03187
-0.25434 0.00000
-0.09175 0.00000
0.27253 -0.00000
0.18594 -0.00000
0.07960 -0.00000
0.00000 0.15245
-0.00000 -0.04766
0.12966 -0.00000
0.00000 0.03935
0.00000 0.18357
-0.12528 0.00000
0.21185 -0.00000
0.26323 -0.00000
-0.14202 0.00000
0.00000 0.00850
0.09918 -0.00000
0.00000 0.17836
0.00000 0.21650
0.00000 0.04677
0.13556 -0.00000
-0.00000 -0.00290
0.00000 0.18510
0.07692 -0.00000
-0.01360 0.00000
0.29361 -0.00000
-0.22659 0.00000
0.17449 -0.00000
0.00000 0.06744
-0.18747 0.00000
0.00000 0.05444
0.00000 0.04837
-0.27424 0.00000
-0.21881 0.00000
-0.00000 -0.02801
-0.15901 0.00000
0.00000 0.19181
-0.00000 -0.01046
0.00000 0.04012
-0.16010 0.00000
-0.00000 -0.04277
0.16075 -0.00000
-0.12680 0.00000
-0.25873 0.00000
-0.00000 -0.02444
0.00000 0.15410
-0.00000 -0.01980
0.12405 -0.00000
-0.00000 -0.00322
-0.00000 -0.07227
-0.03743 0.00000
0.23996 -0.00000
0.16626 -0.00000
-0.00000 -0.02404
-0.00000 -0.00307
-0.00000 -0.01021
-0.00000 -0.03314
0.00000 0.03851
-0.00000 -0.07976
0.05037 -0.00000
-0.09798 0.00000
-0.00000 -0.06436
-0.21082 0.00000
0.12620 -0.00000
0.26116 -0.00000
-0.19008 0.00000
0.00000 0.17797
0.05710 -0.00000
-0.00000 -0.05855
0.10224 -0.00000
0.00000 0.04660
0.00000 0.06742
0.19026 -0.00000
-0.07136 0.00000
-0.00000 -0.19771
0.15279 -0.00000
-0.00000 -0.00900
-0.24743 0.00000
0.00000 0.03289
-0.00000 -0.15500
-0.14197 0.00000
0.00000 0.19152
-0.13522 0.00000
-0.00000 -0.05980
-0.08077 0.00000
0.00000 0.16886
0.00000 0.00047
-0.00000 -0.15202
-0.30135 0.00000
0.00000 0.01461
0.00000 0.20978
0.00000 0.03766
-0.00000 -0.06421
0.00000 0.02658
0.00000 0.02890
0.00000 0.16109
0.00000 0.04337
-0.00000 -0.20707
0.21865 -0.00000
-0.00000 -0.04324
0.24618 -0.00000
0.00000 0.04154
0.00000 0.00829
-0.00000 -0.01555
0.22987 -0.00000
-0.10159 0.00000
-0.00000 -0.03378
-0.00000 -0.17397
-0.00000 -0.16100
0.00000 0.04212
0.21160 -0.00000
0.00000 0.04818
-0.00000 -0.16113
-0.23063 0.00000
0.00000 0.08574
0.19984 -0.00000
0.07800 -0.00000
0.09790 -0.00000
0.26113 -0.00000
-0.00000 -0.02218
-0.00000 -0.06054
-0.16035 0.00000
0.13347 -0.00000
0.00000 0.03816
0.00000 0.05761
0.00000 0.00911
0.00000 0.21200
0.11280 -0.00000
-0.00000 -0.05602
-0.26867 0.00000
-0.30543 0.00000
0.19647 -0.00000
0.00000 0.16549
-0.00000 -0.04557
-0.23478 0.00000
-0.00000 -0.03479
-0.24259 0.00000
-0.00000 -0.19586
0.00000 0.06570
0.00000 0.02428
-0.00000 -0.18082
-0.15858 0.00000
0.06115 -0.00000
-0.01518 0.00000
-0.00000 -0.04878
0.00000 0.04898
-0.05801 0.00000
0.00000 0.02057
-0.00000 -0.20992
-0.00000 -0.00165
-0.07362 0.00000
-0.00000 -0.00854
-0.08206 0.00000
0.00000 0.06886
-0.00000 -0.05751
-0.00000 -0.18845
-0.07235 0.00000
-0.08304 0.00000
0.00000 0.15190
-0.00000 -0.07021
0.00000 0.01965
-0.00000 -0.08316
0.00000 0.16771
-0.19876 0.00000
-0.00000 -0.03901
-0.00000 -0.19477
0.00000 0.03940
-0.00000 -0.20774
0.14376 -0.00000
-0.26926 0.00000
-0.10980 0.00000
0.08591 -0.00000
-0.00000 -0.07774
0.24790 -0.00000
-0.00000 -0.07998
-0.00000 -0.07335
0.00000 0.20510
0.06235 -0.00000
0.00000 0.07809
-0.00000 -0.00389
-0.00000 -0.18843
0.07874 -0.00000
0.00000 0.07340
0.13100 -0.00000
-0.16741 0.00000
0.02736 -0.00000
0.27699 -0.00000
-0.00000 -0.21548
-0.01785 0.00000
-0.00000 -0.00473
-0.14064 0.00000
-0.00000 -0.07351
-0.00000 -0.20013
-0.25858 0.00000
0.00000 0.16294
-0.00000 -0.02051
0.23172 -0.00000
0.21841 -0.00000
-0.25628 0.00000
-0.00000 -0.00303
0.00000 0.19496
-0.00000 -0.00522
0.07695 -0.00000
0.15579 -0.00000
-0.13029 0.00000
-0.00000 -0.07064
0.00000 0.02556
0.06310 -0.00000
-0.13823 0.00000
-0.09022 0.00000
0.22855 -0.00000
0.00000 0.16811
0.15077 -0.00000
-0.00000 -0.17822
0.00000 0.07432
0.25266 -0.00000
0.21036 -0.00000
-0.00000 -0.04895
0.00000 0.04415
0.00000 0.05764
-0.00000 -0.01279
0.00000 0.05810
0.28288 -0.00000
-0.00000 -0.16246
0.11187 -0.00000
-0.00000 -0.01634
0.21452 -0.00000
-0.00000 -0.16686
0.16449 -0.00000
-0.00000 -0.18031
0.26892 -0.00000
-0.00000 -0.18204
0.00000 0.04899
-0.00000 -0.01982
-0.15824 0.00000
-0.00000 -0.05642
-0.00000 -0.15461
0.00000 0.07566
-0.00000 -0.02707
0.02951 -0.00000
-0.00000 -0.21360
-0.18494 0.00000
-0.08413 0.00000
0.02227 -0.00000
0.21615 -0.00000
0.00000 0.16476
0.08205 -0.00000
-0.03667 0.00000
-0.15385 0.00000
0.00000 0.15409
0.19111 -0.00000
0.05079 -0.00000
0.04817 -0.00000
0.00000 0.05591
-0.00000 -0.00996
0.08669 -0.00000
-0.00000 -0.00364
-0.06175 0.00000
0.00000 0.03522
0.26899 -0.00000
0.00000 0.16860
-0.00000 -0.17790
0.00000 0.04226
0.00000 0.19368
0.00000 0.06409
0.00000 0.21446
-0.16276 0.00000
0.10735 -0.00000
0.24072 -0.00000
-0.18116 0.00000
0.00000 0.04165
-0.28706 0.00000
-0.00000 -0.03334
-0.13250 0.00000
0.14953 -0.00000
-0.09608 0.00000
0.00000 0.18493
-0.27328 0.00000
-0.05698 0.00000
0.19105 -0.00000
0.00000 0.07531
0.04635 -0.00000
-0.00000 -0.04168
-0.30216 0.00000
0.00000 0.01618
-0.00000 -0.05512
0.00000 0.08374
-0.00000 -0.06865
0.00000 0.05789
0.00000 0.16022
-0.00000 -0.04200
-0.00000 -0.18615
0.00000 0.02428
0.00000 0.02693
0.00000 0.00978
-0.00000 -0.01653
0.05337 -0.00000
0.00000 0.16675
0.00000 0.15815
0.00000 0.02538
0.17738 -0.00000
0.00000 0.16107
-0.19544 0.00000
-0.00000 -0.01573
-0.00000 -0.06193
-0.14747 0.00000
-0.00000 -0.19632
0.00000 0.15439
0.00000 0.08042
-0.24897 0.00000
-0.07831 0.00000
-0.27942 0.00000
-0.14318 0.00000
-0.00000 -0.16549
-0.25473 0.00000
0.10382 -0.00000
-0.00000 -0.20926
0.27301 -0.00000
0.00000 0.06207
0.00000 0.18975
-0.00000 -0.01711
-0.00000 -0.06457
-0.00000 -0.07787
-0.00000 -0.15593
0.06908 -0.00000
0.00000 0.16442
0.09373 -0.00000
0.01936 -0.00000
0.00837 -0.00000
-0.00000 -0.21327
0.00000 0.01831
-0.20286 0.00000
0.30617 -0.00000
-0.00000 -0.05023
0.00000 0.19457
0.00000 0.16730
0.13500 -0.00000
-0.00000 -0.00415
0.11672 -0.00000
-0.00000 -0.02147
0.00000 0.06382
-0.00000 -0.07501
0.00000 0.05444
-0.28880 0.00000
0.00000 0.07194
-0.03723 0.00000
0.21746 -0.00000
-0.18774 0.00000
-0.07100 0.00000
-0.00000 -0.17790
-0.00000 -0.03604
-0.22728 0.00000
-0.00000 -0.17926
0.13897 -0.00000
0.16648 -0.00000
-0.06303 0.00000
-0.07371 0.00000
0.13001 -0.00000
-0.20475 0.00000
-0.05789 0.00000
0.00000 0.07577
0.00000 0.17610
-0.18934 0.00000
0.00000 0.03757
-0.00000 -0.07773
0.21054 -0.00000
0.17706 -0.00000
-0.00000 -0.05842
0.00000 0.02498
-0.21267 0.00000
0.00000 0.07314
-0.00530 0.00000
-0.00000 -0.07952
0.00000 0.17229
-0.02652 0.00000
-0.04677 0.00000
-0.02410 0.00000
0.14655 -0.00000
0.00000 0.03826
-0.00000 -0.06071
0.00000 0.00176
-0.00000 -0.17212
-0.00000 -0.19371
-0.00000 -0.02590
0.05838 -0.00000
0.00000 0.02729
-0.00000 -0.19291
-0.00000 -0.21491
0.06801 -0.00000
0.00000 0.18251
-0.11100 0.00000
-0.00000 -0.05192
0.27682 -0.00000
-0.00000 -0.16284
0.09359 -0.00000
-0.00000 -0.00014
-0.11514 0.00000
0.00000 0.01295
0.12901 -0.00000
0.00000 0.16672
-0.00000 -0.01060
0.26553 -0.00000
0.10418 -0.00000
-0.00000 -0.05720
0.00000 0.19075
0.00000 0.16057
0.21472 -0.00000
0.09767 -0.00000
-0.00000 -0.02231
-0.00000 -0.15929
0.02611 -0.00000
-0.00000 -0.05522
0.16331 -0.00000
-0.00000 -0.02180
-0.11122 0.00000
-0.00000 -0.15880
-0.00000 -0.07171
0.00000 0.02923
0.28627 -0.00000
-0.00000 -0.04292
0.30538 -0.00000
-0.00000 -0.06451
0.12933 -0.00000
0.00000 0.21016
-0.00000 -0.04859
0.24749 -0.00000
0.00000 0.05705
-0.00000 -0.07108
-0.25005 0.00000
0.14084 -0.00000
0.00000 0.19753
-0.20761 0.00000
0.00000 0.19411
-0.17117 0.00000
0.00000 0.07209
0.00000 0.01645
0.00000 0.07273
0.00000 0.05178
0.22824 -0.00000
0.25135 -0.00000
0.00000 0.20637
0.23380 -0.00000
-0.00000 -0.02280
-0.12903 0.00000
-0.00000 -0.18614
0.12834 -0.00000
-0.14510 0.00000
-0.00000 -0.06414
-0.00000 -0.16506
0.00000 0.04954
-0.00000 -0.07183
-0.00000 -0.20269
0.00000 0.01959
0.00000 0.17724
0.00000 0.05827
0.00000 0.08308
-0.00000 -0.17404
-0.00000 -0.17226
-0.00000 -0.18961
0.00000 0.15918
0.00000 0.16638
0.07844 -0.00000
0.00000 0.16525
0.00000 0.08339
-0.00000 -0.19170
-0.00000 -0.04985
-0.18061 0.00000
-0.00000 -0.17532
-0.00000 -0.17073
-0.29330 0.00000
-0.00000 -0.00936
0.19471 -0.00000
-0.26869 0.00000
0.17271 -0.00000
0.00000 0.19086
-0.00000 -0.06292
0.08656 -0.00000
-0.08565 0.00000
0.00000 0.20718
0.00000 0.01843
0.00000 0.04682
0.00000 0.15226
-0.00000 -0.07450
0.00000 0.19179
0.00000 0.00295
0.18159 -0.00000
-0.00000 -0.00527
-0.00000 -0.17632
-0.00000 -0.18208
-0.00000 -0.15196
0.13794 -0.00000
0.00000 0.03059
-0.18996 0.00000
-0.19736 0.00000
0.00000 0.18867
0.16790 -0.00000
0.00000 0.04721
0.30829 -0.00000
0.00000 0.05092
-0.08808 0.00000
-0.00000 -0.16066
0.25879 -0.00000
-0.25537 0.00000
0.26769 -0.00000
0.22553 -0.00000
-0.26916 0.00000
0.15582 -0.00000
0.00000 0.15322
0.00000 0.19247
0.23267 -0.00000
0.17905 -0.00000
-0.00000 -0.00458
-0.12876 0.00000
-0.00000 -0.03511
0.05191 -0.00000
-0.00000 -0.07273
-0.00000 -0.03902
0.06498 -0.00000
-0.00000 -0.19602
0.00000 0.06681
-0.00000 -0.02820
-0.00000 -0.05136
0.08778 -0.00000
0.00000 0.16934
-0.00000 -0.19711
-0.00000 -0.00086
-0.19885 0.00000
0.00000 0.15824
0.00000 0.06197
0.16985 -0.00000
-0.00000 -0.02731
-0.29710 0.00000
-0.19914 0.00000
-0.09194 0.00000
-0.07504 0.00000
-0.17185 0.00000
0.10697 -0.00000
-0.14741 0.00000
0.00000 0.03251
-0.12259 0.00000
-0.10350 0.00000
-0.06705 0.00000
-0.00000 -0.18594
0.00000 0.04063
-0.00000 -0.04750
0.08848 -0.00000
-0.00000 -0.06132
-0.00000 -0.02035
0.00000 0.18277
0.14769 -0.00000
0.16437 -0.00000
0.23924 -0.00000
-0.00000 -0.18458
0.00000 0.20912
-0.17423 0.00000
-0.17510 0.00000
0.17769 -0.00000
0.00000 0.00937
-0.07777 0.00000
0.18651 -0.00000
0.00000 0.05471
-0.00000 -0.20588
-0.00000 -0.15479
0.00000 0.06633
0.18364 -0.00000
-0.04225 0.00000
-0.00000 -0.02506
-0.00000 -0.03353
0.00000 0.00370
0.00000 0.07780
0.06530 -0.00000
0.05104 -0.00000
-0.00000 -0.16182
-0.25995 0.00000
0.14329 -0.00000
0.15265 -0.00000
-0.00000 -0.08330
-0.27166 0.00000
0.28209 -0.00000
0.00000 0.16759
-0.00000 -0.15692
-0.00000 -0.07781
-0.21886 0.00000
0.00000 0.02195
0.00000 0.07226
-0.12925 0.00000
0.17306 -0.00000
0.30017 -0.00000
0.30780 -0.00000
-0.19951 0.00000
-0.07744 0.00000
-0.00000 -0.02951
0.00000 0.00472
0.00000 0.20321
-0.00000 -0.15476
0.23575 -0.00000
0.00000 0.06114
0.00000 0.07004
0.28511 -0.00000
0.29837 -0.00000
0.00000 0.02860
-0.00000 -0.06006
0.19646 -0.00000
-0.02693 0.00000
0.05559 -0.00000
-0.25194 0.00000
-0.25631 0.00000
0.08109 -0.00000
0.00000 0.18680
-0.00000 -0.05481
0.02505 -0.00000
0.13859 -0.00000
0.00000 0.08515
0.18675 -0.00000
0.00000 0.16449
0.00000 0.19912
0.29597 -0.00000
-0.09191 0.00000
-0.00000 -0.03934
0.00000 0.17781
0.07357 -0.00000
-0.00000 -0.20586
0.00000 0.16768
-0.11006 0.00000
-0.24702 0.00000
0.08118 -0.00000
0.24106 -0.00000
-0.00000 -0.01703
-0.30019 0.00000
-0.00000 -0.03489
-0.00000 -0.05386
0.00000 0.15451
-0.04759 0.00000
0.00000 0.01977
-0.27100 0.00000
0.00000 0.02948
-0.00000 -0.18214
-0.00000 -0.15321
-0.00000 -0.15512
0.06581 -0.00000
-0.00000 -0.03288
-0.00000 -0.20100
0.27993 -0.00000
-0.00000 -0.07176
-0.00000 -0.15604
0.00000 0.05349
0.14507 -0.00000
0.00000 0.06810
-0.27401 0.00000
0.13892 -0.00000
-0.00000 -0.20167
-0.00000 -0.08403
0.00000 0.08470
0.15975 -0.00000
-0.00000 -0.17835
-0.05915 0.00000
-0.30559 0.00000
0.00000 0.08535
0.00000 0.21691
0.23628 -0.00000
0.02946 -0.00000
-0.00000 -0.18906
0.00000 0.04652
0.22953 -0.00000
-0.00000 -0.20341
0.19635 -0.00000
0.00000 0.19173
-0.00000 -0.07369
-0.23314 0.00000
0.04803 -0.00000
0.00000 0.04646
-0.00000 -0.18839
-0.00000 -0.04750
0.19813 -0.00000
-0.00000 -0.18377
-0.00000 -0.08226
0.22159 -0.00000
-0.04856 0.00000
0.00000 0.19030
-0.00000 -0.18112
0.12206 -0.00000
0.14690 -0.00000
-0.08132 0.00000
-0.00000 -0.20057
-0.00000 -0.18498
0.30505 -0.00000
0.00000 0.17212
-0.00000 -0.19586
0.00000 0.18527
0.00000 0.00618
-0.00000 -0.02788
0.24355 -0.00000
0.00000 0.00970
0.00000 0.00213
-0.00000 -0.21652
0.00000 0.19568
-0.17729 0.00000
0.00000 0.02891
-0.00000 -0.00381
-0.00000 -0.16356
-0.00000 -0.21122
-0.20739 0.00000
0.00000 0.16575
0.21857 -0.00000
-0.13295 0.00000
0.00000 0.00348
-0.15357 0.00000
-0.00000 -0.06436
0.18774 -0.00000
-0.13074 0.00000
0.21486 -0.00000
0.00000 0.05966
-0.00000 -0.08341
-0.00000 -0.08318
-0.00000 -0.19021
-0.00000 -0.05421
-0.00000 -0.07981
-0.00000 -0.00172
0.00000 0.04746
-0.22445 0.00000
0.00000 0.18076
-0.00000 -0.05696
0.00000 0.05819
0.12932 -0.00000
-0.05936 0.00000
-0.00000 -0.16525
-0.10247 0.00000
-0.00000 -0.01523
0.00000 0.07413
0.13385 -0.00000
0.27460 -0.00000
-0.00309 0.00000
-0.13596 0.00000
0.00000 0.15607
-0.02219 0.00000
-0.21752 0.00000
0.26213 -0.00000
-0.00000 -0.04875
-0.00000 -0.20634
-0.21373 0.00000
-0.23756 0.00000
-0.00000 -0.06437
-0.26365 0.00000
-0.00000 -0.06142
0.00000 0.21302
0.29869 -0.00000
-0.23336 0.00000
0.20659 -0.00000
0.13939 -0.00000
-0.00000 -0.03359
0.00000 0.01420
0.00000 0.21231
-0.00000 -0.19384
-0.00000 -0.07431
-0.00000 -0.06563
-0.10116 0.00000
0.00000 0.21181
-0.00000 -0.02473
-0.00000 -0.15226
0.00000 0.06804
0.16366 -0.00000
-0.00000 -0.19599
0.00000 0.01238
-0.00000 -0.08501
-0.00000 -0.04879
-0.13349 0.00000
-0.00000 -0.07211
-0.24081 0.00000
0.22014 -0.00000
0.02382 -0.00000
0.00000 0.06466
-0.00000 -0.05239
-0.14132 0.00000
0.04292 -0.00000
0.00000 0.07050
0.29343 -0.00000
-0.12834 0.00000
-0.00000 -0.07755
0.05470 -0.00000
-0.00000 -0.05585
-0.00000 -0.01162
0.09968 -0.00000
0.00000 0.06470
0.00000 0.16716
0.11737 -0.00000
-0.00000 -0.06964
-0.00000 -0.05410
-0.00000 -0.01325
-0.00000 -0.15888
-0.20312 0.00000
-0.00000 -0.20449
0.00000 0.03537
0.00000 0.08376
0.00000 0.19814
0.00000 0.02900
-0.00000 -0.18879
-0.06531 0.00000
0.11310 -0.00000
-0.00000 -0.06875
-0.00000 -0.18455
0.00000 0.06449
-0.00000 -0.03824
-0.00000 -0.15400
-0.15714 0.00000
0.00000 0.03195
-0.00000 -0.04335
0.00000 0.20143
0.05756 -0.00000
0.18881 -0.00000
0.00998 -0.00000
-0.11145 0.00000
-0.24110 0.00000
0.00000 0.03805
-0.05064 0.00000
-0.00000 -0.15821
-0.15429 0.00000
0.16305 -0.00000
0.00000 0.02738
-0.13753 0.00000
0.00000 0.15281
-0.00000 -0.16624
0.00000 0.05880
0.11029 -0.00000
-0.00000 -0.07658
0.00000 0.01910
-0.00000 -0.07072
-0.03240 0.00000
0.00000 0.06371
0.23747 -0.00000
-0.25113 0.00000
0.00000 0.21172
0.00000 0.00136
-0.00000 -0.06990
-0.00000 -0.15645
-0.01781 0.00000
-0.00000 -0.00770
-0.00000 -0.17311
-0.00000 -0.03849
-0.17465 0.00000
0.00000 0.04598
-0.00000 -0.06687
-0.00000 -0.06323
-0.29255 0.00000
0.19912 -0.00000
0.06521 -0.00000
-0.08654 0.00000
0.18194 -0.00000
0.00000 0.03935
-0.00000 -0.16928
-0.26444 0.00000
0.29467 -0.00000
0.25606 -0.00000
0.00000 0.07812
-0.19365 0.00000
0.09419 -0.00000
-0.00000 -0.15731
0.24105 -0.00000
0.27283 -0.00000
-0.05361 0.00000
-0.13622 0.00000
0.00000 0.07794
-0.08515 0.00000
-0.24001 0.00000
0.00000 0.16214
-0.00000 -0.01219
0.00000 0.03760
0.16737 -0.00000
-0.00000 -0.20543
-0.00000 -0.05608
0.00000 0.05551
-0.13282 0.00000
0.00000 0.07527
0.00000 0.05391
0.16170 -0.00000
-0.08555 0.00000
-0.00000 -0.01650
-0.00000 -0.17773
-0.00000 -0.16641
0.19993 -0.00000
0.00000 0.07200
-0.28898 0.00000
-0.29201 0.00000
-0.23009 0.00000
-0.19001 0.00000
-0.16207 0.00000
0.00000 0.06055
0.00000 0.07390
-0.00000 -0.04787
0.05934 -0.00000
-0.00000 -0.20617
0.00000 0.04890
-0.00000 -0.21699
0.27767 -0.00000
0.22565 -0.00000
-0.14765 0.00000
0.00000 0.21579
0.10592 -0.00000
0.21715 -0.00000
0.00000 0.07879
-0.27320 0.00000
0.00000 0.03886
-0.20714 0.00000
-0.00000 -0.06371
-0.00000 -0.03728
0.21334 -0.00000
0.00000 0.01676
0.00000 0.00293
-0.21187 0.00000
-0.30003 0.00000
-0.28708 0.00000
0.00000 0.07777
-0.00000 -0.16269
0.12995 -0.00000
0.02369 -0.00000
-0.00000 -0.21427
-0.00000 -0.21272
-0.00000 -0.16594
-0.25398 0.00000
-0.00000 -0.03915
-0.24025 0.00000
-0.17976 0.00000
0.00000 0.00956
0.00000 0.17909
-0.30850 0.00000
0.07666 -0.00000
-0.00000 -0.17165
-0.23348 0.00000
0.00000 0.04101
0.10135 -0.00000
-0.30200 0.00000
-0.15787 0.00000
0.00000 0.16309
-0.00000 -0.17499
-0.21287 0.00000
-0.05036 0.00000
-0.00000 -0.08393
-0.00000 -0.04758
0.00000 0.17980
-0.15024 0.00000
-0.00000 -0.21093
-0.19262 0.00000
-0.00000 -0.15850
0.25612 -0.00000
0.00000 0.04363
0.27834 -0.00000
-0.00000 -0.17868
-0.00000 -0.07320
0.17683 -0.00000
0.16061 -0.00000
0.06852 -0.00000
-0.21291 0.00000
-0.00000 -0.07700
0.30679 -0.00000
0.00000 0.03352
-0.00000 -0.20183
0.19288 -0.00000
0.00000 0.19970
0.00000 0.04400
-0.12099 0.00000
0.17059 -0.00000
0.00000 0.20734
-0.00000 -0.06516
0.00000 0.05598
0.00000 0.00644
-0.21934 0.00000
0.00000 0.04883
-0.11778 0.00000
0.26399 -0.00000
-0.00000 -0.05920
-0.00000 -0.17963
0.20013 -0.00000
-0.00000 -0.01612
0.16976 -0.00000
-0.00000 -0.00224
-0.00000 -0.05674
-0.16401 0.00000
-0.17629 0.00000
-0.21237 0.00000
-0.12241 0.00000
-0.03137 0.00000
-0.11288 0.00000
-0.00000 -0.00855
0.00000 0.01669
-0.00000 -0.17216
0.00000 0.02865
-0.00000 -0.01833
0.03193 -0.00000
0.00000 0.03090
-0.00000 -0.03022
0.00000 0.15953
0.00000 0.07214
-0.00000 -0.04364
0.29087 -0.00000
-0.28853 0.00000
0.00000 0.17324
0.02258 -0.00000
-0.00000 -0.06401
0.00000 0.02247
-0.00000 -0.20004
-0.00000 -0.04885
-0.00000 -0.08447
-0.00000 -0.15901
-0.00000 -0.16116
-0.10038 0.00000
-0.00000 -0.16432
-0.00000 -0.19511
0.13718 -0.00000
0.00000 0.00935
-0.00000 -0.15350
0.00000 0.06740
0.00000 0.03861
0.00000 0.16658
0.00000 0.15402
0.00000 0.00969
-0.04458 0.00000
0.20131 -0.00000
0.00000 0.18096
-0.00000 -0.01433
0.00000 0.20853
0.19819 -0.00000
0.00000 0.04477
0.18292 -0.00000
-0.00000 -0.08495
-0.00000 -0.02803
0.00000 0.03111
0.00000 0.08421
-0.14662 0.00000
0.00000 0.20080
-0.13920 0.00000
-0.11656 0.00000
0.00000 0.03518
0.00000 0.02095
-0.03512 0.00000
0.00147 -0.00000
0.00000 0.19762
-0.09658 0.00000
0.00000 0.16011
0.00000 0.07895
0.00000 0.19359
-0.24933 0.00000
-0.00000 -0.06011
-0.00000 -0.18456
0.23259 -0.00000
-0.17777 0.00000
-0.15031 0.00000
0.21750 -0.00000
-0.00000 -0.15733
-0.00000 -0.03990
-0.00000 -0.06938
-0.09730 0.00000
-0.00000 -0.21512
0.00000 0.00279
0.00000 0.19923
0.20299 -0.00000
0.00000 0.17411
-0.20272 0.00000
-0.00000 -0.16033
-0.17939 0.00000
0.20051 -0.00000
0.25631 -0.00000
0.00000 0.19733
-0.11331 0.00000
-0.00000 -0.05495
0.11525 -0.00000
-0.10633 0.00000
0.00000 0.15291
0.00000 0.01698
-0.00000 -0.00311
-0.08095 0.00000
0.00000 0.07552
0.30012 -0.00000
0.00000 0.05031
0.27051 -0.00000
0.00000 0.17214
-0.00000 -0.01407
0.00000 0.20849
-0.22725 0.00000
-0.20405 0.00000
0.29420 -0.00000
0.10778 -0.00000
0.00000 0.18376
0.08324 -0.00000
-0.00000 -0.18098
0.00000 0.04058
-0.00000 -0.05394
0.00000 0.01349
-0.16843 0.00000
-0.00000 -0.16986
-0.00000 -0.02358
0.18244 -0.00000
-0.06302 0.00000
0.00000 0.07431
-0.00000 -0.17069
0.17255 -0.00000
0.00000 0.19408
-0.22656 0.00000
-0.00000 -0.18610
0.14929 -0.00000
0.20536 -0.00000
0.23384 -0.00000
0.14777 -0.00000
0.00000 0.16084
-0.08629 0.00000
-0.00000 -0.15717
0.18617 -0.00000
-0.09686 0.00000
-0.00000 -0.16545
-0.05527 0.00000
-0.00000 -0.04539
0.00000 0.08113
-0.27122 0.00000
0.13506 -0.00000
-0.21977 0.00000
-0.00000 -0.01985
-0.00000 -0.03742
0.13072 -0.00000
-0.18414 0.00000
-0.25965 0.00000
-0.00000 -0.05094
0.00000 0.16113
0.00000 0.16758
-0.12451 0.00000
-0.23835 0.00000
-0.00000 -0.08301
-0.11761 0.00000
0.00000 0.21108
-0.20319 0.00000
-0.00000 -0.00864
0.16868 -0.00000
-0.00000 -0.21083
-0.00000 -0.05774
-0.20528 0.00000
0.00000 0.00042
0.00000 0.08199
0.12332 -0.00000
-0.00000 -0.05682
-0.00000 -0.04178
-0.00000 -0.04767
-0.00000 -0.06509
-0.00000 -0.02551
-0.17492 0.00000
0.00000 0.04863
-0.13697 0.00000
0.00000 0.08227
-0.00000 -0.19711
0.20106 -0.00000
0.22319 -0.00000
-0.00000 -0.16795
0.00000 0.18636
-0.00000 -0.00722
0.00000 0.05417
0.00000 0.07892
0.09264 -0.00000
-0.00000 -0.15898
0.27865 -0.00000
-0.04742 0.00000
-0.00000 -0.00816
-0.01508 0.00000
-0.03092 0.00000
0.00000 0.03329
0.22316 -0.00000
-0.00000 -0.05752
-0.00000 -0.20412
0.00000 0.18656
-0.15775 0.00000
0.29648 -0.00000
-0.26734 0.00000
-0.07894 0.00000
0.00000 0.05316
-0.00000 -0.04480
-0.00000 -0.17433
0.12108 -0.00000
-0.00000 -0.05814
0.00000 0.03159
0.00000 0.08512
-0.00000 -0.05081
0.00000 0.04898
0.00000 0.04631
-0.30315 0.00000
0.00000 0.05678
0.00000 0.20545
-0.00000 -0.20741
0.00000 0.07237
0.09204 -0.00000
-0.00000 -0.03139
-0.00000 -0.19126
0.10769 -0.00000
-0.00000 -0.20250
-0.12216 0.00000
0.22688 -0.00000
0.00000 0.06720
0.00206 -0.00000
-0.00000 -0.20142
0.13150 -0.00000
0.12747 -0.00000
0.18684 -0.00000
-0.10509 0.00000
0.17145 -0.00000
-0.00000 -0.04008
0.27816 -0.00000
0.00000 0.00554
0.00000 0.20181
-0.00000 -0.01805
-0.00000 -0.06896
-0.00000 -0.06585
0.00000 0.03949
-0.00000 -0.16459
-0.00000 -0.04418
0.22670 -0.00000
-0.00000 -0.17415
-0.00000 -0.04314
-0.00000 -0.03822
0.00000 0.19552
0.14768 -0.00000
0.00000 0.00699
-0.00000 -0.16190
0.06609 -0.00000
0.00000 0.00673
-0.22344 0.00000
-0.00000 -0.04904
-0.00000 -0.03041
-0.00000 -0.01765
-0.07101 0.00000
-0.16668 0.00000
-0.25044 0.00000
0.00000 0.18776
0.00000 0.21070
0.09888 -0.00000
-0.00000 -0.21091
-0.00000 -0.04671
0.00000 0.06420
-0.05370 0.00000
0.00000 0.08223
0.27932 -0.00000
-0.00000 -0.17972
0.00000 0.19000
0.00000 0.01866
0.00000 0.08496
0.05513 -0.00000
-0.00000 -0.18690
0.24791 -0.00000
-0.28062 0.00000
-0.20174 0.00000
0.00000 0.01728
-0.18591 0.00000
0.19863 -0.00000
-0.08380 0.00000
0.25146 -0.00000
0.30562 -0.00000
0.18010 -0.00000
0.24968 -0.00000
-0.00000 -0.15254
0.00000 0.15482
-0.00000 -0.00029
0.27298 -0.00000
-0.00000 -0.02822
-0.27609 0.00000
-0.19484 0.00000
0.28475 -0.00000
-0.00000 -0.19888
-0.01076 0.00000
0.00000 0.06234
-0.00000 -0.04247
0.00000 0.20309
-0.00000 -0.07054
-0.07107 0.00000
-0.00000 -0.21379
0.18840 -0.00000
0.26646 -0.00000
-0.20259 0.00000
0.00000 0.00832
-0.00000 -0.19379
0.00000 0.03030
0.15358 -0.00000
0.13029 -0.00000
-0.00000 -0.03299
-0.13370 0.00000
0.00000 0.06295
0.16873 -0.00000
-0.00000 -0.01798
0.07623 -0.00000
0.00000 0.08360
0.05592 -0.00000
-0.25488 0.00000
-0.10059 0.00000
-0.00000 -0.19310
0.00000 0.08448
0.00000 0.19651
-0.00000 -0.05465
0.20344 -0.00000
0.02918 -0.00000
-0.00000 -0.06243
0.00000 0.08482
-0.00000 -0.07168
-0.00000 -0.16763
0.00000 0.03685
-0.25693 0.00000
0.00000 0.19807
0.00000 0.03405
0.00000 0.17781
0.00000 0.06134
0.00000 0.20392
-0.26637 0.00000
-0.09593 0.00000
-0.30064 0.00000
-0.09539 0.00000
-0.11838 0.00000
-0.00000 -0.15256
-0.16889 0.00000
0.05758 -0.00000
-0.00000 -0.21583
0.05317 -0.00000
0.00000 0.07425
0.00000 0.16686
-0.09886 0.00000
0.00000 0.04805
-0.19969 0.00000
0.22032 -0.00000
-0.22313 0.00000
-0.00000 -0.04323
-0.00000 -0.21406
0.00000 0.00098
0.26715 -0.00000
-0.00000 -0.17902
0.16056 -0.00000
-0.02649 0.00000
-0.00000 -0.02053
-0.08598 0.00000
-0.05539 0.00000
0.29569 -0.00000
-0.00000 -0.07361
-0.25504 0.00000
0.00000 0.15270
0.00000 0.06099
0.00000 0.04529
0.00000 0.21245
0.00000 0.01745
0.00000 0.20289
-0.00000 -0.06804
-0.15500 0.00000
0.22020 -0.00000
0.00000 0.03674
0.00000 0.07016
0.15729 -0.00000
0.27043 -0.00000
-0.00000 -0.02178
-0.00000 -0.03714
-0.17736 0.00000
0.00000 0.06872
-0.00000 -0.20574
0.19681 -0.00000
0.01620 -0.00000
-0.00000 -0.07675
0.15508 -0.00000
-0.00000 -0.18164
-0.00000 -0.18921
0.21955 -0.00000
0.00000 0.16051
0.11434 -0.00000
0.26250 -0.00000
-0.00000 -0.06999
0.00000 0.15965
-0.05030 0.00000
0.00000 0.00494
-0.21946 0.00000
-0.00000 -0.04225
0.00000 0.00003
0.25409 -0.00000
-0.00000 -0.01096
0.00000 0.20441
0.00000 0.15646
-0.00000 -0.00748
-0.26885 0.00000
0.00000 0.04211
0.00000 0.20483
0.00000 0.04991
-0.26777 0.00000
-0.00000 -0.06280
0.00000 0.20139
0.00000 0.21135
0.23242 -0.00000
0.00000 0.06412
0.17461 -0.00000
-0.25017 0.00000
0.15425 -0.00000
0.01901 -0.00000
-0.00000 -0.03157
-0.00000 -0.19388
0.00558 -0.00000
-0.00000 -0.02037
-0.00000 -0.03421
0.00000 0.05281
-0.00000 -0.08119
-0.00000 -0.16030
0.00000 0.05309
0.00000 0.16070
0.24476 -0.00000
0.00000 0.18116
-0.00000 -0.03511
-0.00000 -0.07467
-0.00000 -0.08363
-0.00000 -0.17508
0.00000 0.05760
0.00000 0.16932
0.30624 -0.00000
0.22639 -0.00000
0.00000 0.18874
-0.19501 0.00000
-0.28423 0.00000
0.20951 -0.00000
0.00000 0.06676
0.29560 -0.00000
-0.26093 0.00000
-0.24342 0.00000
-0.03036 0.00000
-0.00000 -0.03259
0.00000 0.21679
0.26701 -0.00000
-0.00000 -0.18850
-0.15975 0.00000
0.00000 0.03399
0.00000 0.03994
0.29716 -0.00000
-0.00000 -0.21330
-0.15860 0.00000
-0.29540 0.00000
-0.00000 -0.19779
-0.00000 -0.20329
0.00000 0.20243
0.24137 -0.00000
-0.19000 0.00000
0.00000 0.15730
0.09937 -0.00000
-0.00000 -0.05573
-0.24137 0.00000
0.25792 -0.00000
-0.00000 -0.07802
0.00000 0.06830
0.00000 0.05132
-0.00000 -0.18977
-0.00000 -0.18438
-0.10630 0.00000
0.00000 0.05033
0.07730 -0.00000
-0.00000 -0.02148
0.29947 -0.00000
0.00000 0.06871
0.21589 -0.00000
0.27629 -0.00000
-0.25185 0.00000
-0.00000 -0.03711
-0.06839 0.00000
0.00000 0.15925
-0.00000 -0.06189
0.09517 -0.00000
-0.00000 -0.19169
-0.00000 -0.07212
-0.00000 -0.04394
0.00000 0.00884
-0.12894 0.00000
-0.00000 -0.03746
0.05577 -0.00000
0.24086 -0.00000
-0.00000 -0.05834
-0.00000 -0.20850
0.00000 0.03110
-0.00000 -0.18258
-0.00000 -0.01820
-0.00000 -0.06548
0.00000 0.08148
-0.00000 -0.07931
0.04633 -0.00000
0.25299 -0.00000
-0.18192 0.00000
0.00000 0.15706
0.00000 0.18351
0.22070 -0.00000
-0.09071 0.00000
0.00000 0.19192
0.26003 -0.00000
0.00000 0.04902
0.20629 -0.00000
-0.00000 -0.16986
0.23450 -0.00000
-0.00000 -0.17450
0.17778 -0.00000
-0.10616 0.00000
-0.00000 -0.15550
-0.17257 0.00000
-0.00000 -0.01340
0.00000 0.00852
-0.26449 0.00000
0.00000 0.20145
0.00000 0.04481
0.00000 0.07438
-0.20548 0.00000
-0.27968 0.00000
-0.00000 -0.02493
0.11981 -0.00000
0.00000 0.16615
-0.00000 -0.06188
0.21939 -0.00000
0.00000 0.05113
-0.00000 -0.05502
0.00000 0.17096
0.02687 -0.00000
-0.00000 -0.03846
0.15927 -0.00000
0.04531 -0.00000
0.00000 0.00901
-0.30166 0.00000
0.10920 -0.00000
-0.29425 0.00000
0.00000 0.17248
0.00000 0.01409
0.28265 -0.00000
-0.15712 0.00000
-0.00000 -0.07545
-0.29838 0.00000
0.25197 -0.00000
0.00000 0.06215
0.00000 0.17148
-0.08456 0.00000
-0.06495 0.00000
0.00000 0.06383
0.00000 0.08053
0.00000 0.04159
-0.11865 0.00000
-0.00000 -0.21489
0.14296 -0.00000
0.00000 0.18414
-0.00000 -0.19232
-0.00000 -0.15232
0.29817 -0.00000
0.12428 -0.00000
-0.00000 -0.00662
-0.00000 -0.17481
0.00000 0.00954
-0.00000 -0.05346
0.00000 0.07025
0.22751 -0.00000
0.25819 -0.00000
-0.00000 -0.02929
0.16583 -0.00000
0.00000 0.15770
-0.29899 0.00000
-0.00000 -0.20890
-0.04507 0.00000
0.01012 -0.00000
0.09878 -0.00000
-0.00000 -0.03393
-0.06793 0.00000
-0.00000 -0.18676
0.00000 0.20776
-0.11949 0.00000
0.00000 0.06469
0.03428 -0.00000
-0.00000 -0.20582
-0.04714 0.00000
-0.04020 0.00000
-0.25881 0.00000
0.00000 0.17667
0.26584 -0.00000
-0.00000 -0.16757
-0.00000 -0.04826
0.00000 0.21130
-0.13833 0.00000
-0.00000 -0.01085
-0.26134 0.00000
0.00000 0.15256
0.20341 -0.00000
-0.00000 -0.16456
0.00000 0.07107
-0.21729 0.00000
0.00000 0.04100
-0.00000 -0.15422
-0.00000 -0.18348
-0.00000 -0.01085
0.00000 0.19180
-0.00000 -0.01698
0.08695 -0.00000
0.00000 0.18528
0.23367 -0.00000
-0.00000 -0.06529
-0.00000 -0.01822
-0.00000 -0.02123
-0.09365 0.00000
0.00000 0.19001
0.09311 -0.00000
-0.24775 0.00000
-0.03659 0.00000
-0.00000 -0.21117
0.00000 0.02679
0.00000 0.15609
-0.19173 0.00000
0.08313 -0.00000
0.09317 -0.00000
-0.13838 0.00000
0.00000 0.03267
-0.10007 0.00000
0.00000 0.00080
-0.16788 0.00000
0.00000 0.06811
-0.00000 -0.01919
0.00000 0.04231
-0.02521 0.00000
0.00000 0.19911
-0.00000 -0.04816
0.00000 0.05283
-0.20603 0.00000
-0.05650 0.00000
0.00000 0.18058
0.30191 -0.00000
0.00000 0.05386
0.00000 0.15380
0.00000 0.08005
0.00000 0.06963
-0.00000 -0.06815
-0.23479 0.00000
0.10481 -0.00000
-0.00000 -0.21530
0.12321 -0.00000
-0.02876 0.00000
-0.00000 -0.19283
0.00000 0.07704
0.00000 0.05864
0.09774 -0.00000
-0.24627 0.00000
0.00000 0.18617
0.00000 0.04328
0.04370 -0.00000
0.23888 -0.00000
0.00000 0.07771
-0.00000 -0.06719
0.00000 0.16751
-0.00000 -0.18793
-0.24814 0.00000
-0.00000 -0.03640
0.14077 -0.00000
0.12040 -0.00000
-0.00000 -0.16206
-0.00000 -0.18219
0.12664 -0.00000
0.00000 0.02339
0.00000 0.03804
-0.18457 0.00000
0.04789 -0.00000
-0.21526 0.00000
-0.00000 -0.04304
-0.12685 0.00000
-0.00000 -0.06705
0.19649 -0.00000
0.04746 -0.00000
-0.09075 0.00000
0.29764 -0.00000
-0.00000 -0.15315
-0.00879 0.00000
-0.13331 0.00000
0.00000 0.06476
-0.24879 0.00000
0.26592 -0.00000
0.00000 0.04025
-0.00000 -0.04475
-0.00000 -0.06478
-0.00000 -0.06519
0.05056 -0.00000
-0.00000 -0.06307
-0.23551 0.00000
0.00839 -0.00000
0.00000 0.08308
-0.00000 -0.06431
-0.13322 0.00000
0.20856 -0.00000
-0.00000 -0.04342
-0.00000 -0.02996
0.00000 0.08347
-0.16708 0.00000
-0.00000 -0.02162
-0.26573 0.00000
-0.10170 0.00000
-0.01534 0.00000
-0.12879 0.00000
-0.00000 -0.21456
0.20874 -0.00000
0.03095 -0.00000
0.00000 0.21698
-0.00000 -0.04701
0.00000 0.18611
-0.00000 -0.03552
0.00000 0.06068
0.00000 0.04746
0.04590 -0.00000
-0.16997 0.00000
-0.00000 -0.07974
-0.00000 -0.02689
0.00000 0.18958
0.12128 -0.00000
-0.00902 0.00000
-0.18796 0.00000
-0.00000 -0.15166
-0.00911 0.00000
0.00000 0.03888
0.00000 0.19626
-0.17026 0.00000
-0.00000 -0.18437
0.10201 -0.00000
0.08030 -0.00000
-0.00000 -0.19297
-0.21279 0.00000
0.00000 0.07516
-0.12135 0.00000
0.11854 -0.00000
0.22162 -0.00000
-0.24415 0.00000
0.07669 -0.00000
0.00000 0.07152
-0.25212 0.00000
-0.00000 -0.07755
-0.00000 -0.03864
0.00000 0.00385
-0.00000 -0.04965
0.00000 0.18804
-0.00000 -0.05744
0.00000 0.04247
-0.00000 -0.18189
-0.20805 0.00000
-0.00000 -0.21570
-0.00000 -0.01978
-0.29981 0.00000
-0.07062 0.00000
0.00000 0.05769
0.00000 0.08040
0.07528 -0.00000
0.24053 -0.00000
0.15162 -0.00000
0.30070 -0.00000
-0.23439 0.00000
-0.08701 0.00000
-0.00935 0.00000
0.00000 0.20801
0.00000 0.17918
-0.21364 0.00000
-0.00000 -0.16868
0.00000 0.15285
-0.00000 -0.21230
0.00000 0.20085
-0.09441 0.00000
-0.27061 0.00000
0.00525 -0.00000
-0.00000 -0.15905
-0.10165 0.00000
0.00000 0.00815
0.00000 0.18771
-0.00000 -0.16577
0.00000 0.19626
-0.00000 -0.19124
-0.00000 -0.15211
-0.29012 0.00000
-0.02747 0.00000
-0.00000 -0.20563
-0.00000 -0.04864
-0.00000 -0.03379
0.00000 0.20221
0.21014 -0.00000
-0.00000 -0.19819
0.17433 -0.00000
0.12378 -0.00000
-0.00000 -0.07525
0.30276 -0.00000
0.19036 -0.00000
0.00000 0.19143
0.02159 -0.00000
0.00000 0.03746
0.22210 -0.00000
-0.06021 0.00000
-0.00000 -0.20549
0.00000 0.21169
0.00000 0.02264
-0.00000 -0.06431
-0.00000 -0.07198
-0.00000 -0.17153
-0.07063 0.00000
-0.00000 -0.03382
-0.00000 -0.16857
0.00000 0.19689
-0.19221 0.00000
0.22963 -0.00000
-0.11266 0.00000
-0.29032 0.00000
-0.00000 -0.02695
-0.00000 -0.04111
0.00000 0.17112
-0.00000 -0.17301
0.00000 0.01437
0.00000 0.05931
-0.07401 0.00000
0.00000 0.17653
0.01379 -0.00000
-0.00000 -0.16582
0.19685 -0.00000
-0.20737 0.00000
-0.00000 -0.07632
-0.15883 0.00000
0.12692 -0.00000
-0.00000 -0.05877
0.00000 0.05362
0.00000 0.04130
0.00776 -0.00000
-0.00000 -0.16508
-0.29543 0.00000
-0.00000 -0.17683
-0.00000 -0.02776
-0.00000 -0.07439
0.00000 0.06782
-0.02452 0.00000
0.00000 0.01310
0.18689 -0.00000
0.00000 0.07503
0.00000 0.18994
0.15691 -0.00000
-0.00000 -0.06928
0.22267 -0.00000
-0.08517 0.00000
-0.11970 0.00000
-0.25194 0.00000
0.00000 0.04596
0.00000 0.02026
-0.13218 0.00000
-0.00000 -0.19525
0.18609 -0.00000
0.00000 0.06461
-0.00000 -0.02749
0.00000 0.00493
-0.00000 -0.16990
0.00000 0.21649
-0.29145 0.00000
-0.00000 -0.08089
-0.00000 -0.04664
0.00000 0.17878
0.00730 -0.00000
-0.12412 0.00000
-0.15541 0.00000
0.05422 -0.00000
0.00000 0.17285
-0.00000 -0.03347
0.08672 -0.00000
0.00000 0.01656
0.25115 -0.00000
0.00000 0.16948
-0.00000 -0.19172
-0.28055 0.00000
-0.07246 0.00000
-0.25444 0.00000
-0.00000 -0.02308
0.07658 -0.00000
0.29457 -0.00000
0.00000 0.05021
0.21108 -0.00000
-0.00000 -0.01952
0.00000 0.03720
0.27134 -0.00000
0.00000 0.17842
0.00000 0.18638
-0.12247 0.00000
-0.16901 0.00000
0.00000 0.04061
0.00000 0.04688
-0.00000 -0.15597
-0.08829 0.00000
-0.21767 0.00000
0.00000 0.06115
0.27537 -0.00000
0.29358 -0.00000
-0.00000 -0.18623
0.05374 -0.00000
-0.14029 0.00000
-0.18632 0.00000
0.00000 0.05288
-0.00000 -0.07867
0.13681 -0.00000
0.29149 -0.00000
0.00000 0.17043
0.28661 -0.00000
-0.14485 0.00000
-0.00000 -0.04934
0.15990 -0.00000
-0.00000 -0.05291
0.00000 0.16794
-0.08751 0.00000
-0.11102 0.00000
-0.00000 -0.02853
0.00000 0.01997
-0.00000 -0.06167
-0.27752 0.00000
0.26817 -0.00000
-0.04189 0.00000
0.00000 0.08234
0.00000 0.01737
-0.00000 -0.19916
0.06139 -0.00000
-0.00000 -0.04342
0.00000 0.16834
0.20193 -0.00000
0.00000 0.17610
0.00000 0.17856
0.00000 0.18359
-0.29704 0.00000
0.00000 0.20241
-0.00000 -0.21202
-0.00000 -0.17945
-0.00000 -0.21144
0.00000 0.00098
-0.05688 0.00000
0.30743 -0.00000
0.00000 0.02358
-0.00000 -0.19869
0.00000 0.05961
0.00000 0.03940
0.00000 0.01414
-0.16459 0.00000
0.22001 -0.00000
-0.10438 0.00000
-0.14258 0.00000
0.00000 0.17723
0.00542 -0.00000
0.05810 -0.00000
-0.08472 0.00000
0.28860 -0.00000
-0.00000 -0.06517
-0.00000 -0.18010
0.00000 0.03786
0.22236 -0.00000
0.00554 -0.00000
0.00000 0.19788
0.00000 0.05232
-0.24895 0.00000
-0.00000 -0.04767
0.00000 0.04871
-0.20896 0.00000
-0.00000 -0.07713
-0.22482 0.00000
-0.00000 -0.06172
-0.22194 0.00000
-0.28546 0.00000
0.00000 0.02385
-0.22686 0.00000
-0.00000 -0.06776
-0.00000 -0.07101
-0.18346 0.00000
-0.25177 0.00000
-0.00632 0.00000
0.00000 0.03872
0.00000 0.03732
-0.06886 0.00000
-0.20724 0.00000
0.20229 -0.00000
0.00000 0.16304
-0.25585 0.00000
0.00000 0.07034
0.00000 0.00567
-0.20608 0.00000
0.00000 0.05217
-0.00000 -0.05990
0.00000 0.16223
0.27073 -0.00000
0.00000 0.07036
-0.00000 -0.17633
0.00000 0.15267
-0.00000 -0.03872
-0.16073 0.00000
-0.00000 -0.05314
0.20975 -0.00000
-0.29817 0.00000
-0.00000 -0.16755
-0.00000 -0.03484
-0.12498 0.00000
0.09111 -0.00000
0.16273 -0.00000
0.00000 0.18479
-0.11858 0.00000
0.00000 0.04027
-0.06789 0.00000
0.00000 0.01921
0.00000 0.04997
-0.29183 0.00000
0.00000 0.02393
-0.08290 0.00000
-0.13701 0.00000
0.00000 0.01109
0.00000 0.05018
0.23104 -0.00000
0.00000 0.04490
0.22052 -0.00000
0.00000 0.08566
-0.00000 -0.02332
0.19695 -0.00000
-0.02188 0.00000
-0.26229 0.00000
0.24866 -0.00000
0.11187 -0.00000
-0.27230 0.00000
0.00000 0.19233
0.02420 -0.00000
-0.00000 -0.05614
0.00000 0.03165
0.00000 0.17096
0.00000 0.01457
0.16386 -0.00000
0.00000 0.06360
-0.00000 -0.19497
0.00000 0.15613
0.00000 0.18022
-0.13849 0.00000
-0.00000 -0.06781
0.00000 0.19523
-0.27013 0.00000
-0.00000 -0.03768
0.00000 0.15630
-0.22992 0.00000
-0.00000 -0.06888
0.10852 -0.00000
0.00000 0.07278
-0.00000 -0.00612
-0.00000 -0.17714
0.11527 -0.00000
-0.00000 -0.04920
0.24384 -0.00000
0.20089 -0.00000
0.00000 0.20531
-0.00000 -0.05282
0.00000 0.03515
0.18699 -0.00000
-0.02598 0.00000
0.00000 0.20644
0.00000 0.15428
-0.00000 -0.04997
0.00000 0.02320
-0.00000 -0.03877
-0.00000 -0.06122
-0.08026 0.00000
0.02188 -0.00000
-0.00000 -0.08451
-0.17115 0.00000
-0.28368 0.00000
-0.24665 0.00000
0.00000 0.06817
0.00000 0.18940
0.00000 0.15479
0.00000 0.19385
-0.03370 0.00000
-0.23006 0.00000
-0.00000 -0.15811
-0.19384 0.00000
0.15660 -0.00000
-0.00000 -0.21527
0.16103 -0.00000
-0.21848 0.00000
0.00000 0.03041
-0.29421 0.00000
-0.30628 0.00000
-0.00000 -0.08285
-0.00000 -0.00052
0.08200 -0.00000
0.25884 -0.00000
0.13881 -0.00000
0.00000 0.17822
-0.00000 -0.04399
-0.09675 0.00000
0.00000 0.06328
0.00000 0.01904
0.00000 0.03899
0.00000 0.21181
0.00000 0.21642
0.25100 -0.00000
0.00000 0.03455
-0.00000 -0.05088
0.19911 -0.00000
0.17872 -0.00000
0.00000 0.19362
0.00000 0.06326
-0.00000 -0.20569
0.00000 0.04064
0.00000 0.00630
-0.09978 0.00000
-0.00000 -0.19311
-0.09345 0.00000
-0.30387 0.00000
-0.00000 -0.17637
-0.20089 0.00000
0.00000 0.02223
0.16304 -0.00000
-0.16170 0.00000
-0.00000 -0.15794
-0.06658 0.00000
-0.00000 -0.02451
-0.28268 0.00000
0.00000 0.20155
0.00000 0.00364
0.00000 0.16637
-0.00000 -0.21296
-0.00000 -0.19034
0.00000 0.05668
-0.00000 -0.05918
0.00000 0.06838
-0.00000 -0.20566
0.19484 -0.00000
-0.25552 0.00000
-0.00000 -0.16538
-0.05989 0.00000
0.00000 0.01297
0.22296 -0.00000
-0.00000 -0.15749
0.17506 -0.00000
0.00000 0.04432
-0.00000 -0.00680
-0.00000 -0.21148
0.06985 -0.00000
0.00000 0.17908
0.00000 0.15430
-0.00000 -0.06763
-0.00000 -0.18108
-0.28438 0.00000
-0.00000 -0.19208
0.18558 -0.00000
-0.00000 -0.20265
0.00000 0.20101
-0.10866 0.00000
0.20612 -0.00000
0.00000 0.01692
0.24756 -0.00000
0.00000 0.02944
-0.07949 0.00000
0.26475 -0.00000
-0.00000 -0.16276
-0.17488 0.00000
-0.25203 0.00000
-0.00000 -0.05992
0.09599 -0.00000
0.22962 -0.00000
-0.10394 0.00000
-0.00000 -0.04659
0.21516 -0.00000
0.00000 0.07227
0.05441 -0.00000
0.00000 0.07676
-0.08958 0.00000
0.00000 0.07183
0.13867 -0.00000
-0.00000 -0.19338
0.01958 -0.00000
0.00000 0.00950
-0.20196 0.00000
0.28049 -0.00000
-0.25694 0.00000
-0.00000 -0.02462
0.00000 0.02469
-0.00000 -0.08393
0.05135 -0.00000
-0.00000 -0.06409
0.00000 0.15284
0.00000 0.15227
-0.00000 -0.20406
-0.16699 0.00000
-0.17035 0.00000
-0.00000 -0.15689
-0.19139 0.00000
-0.00000 -0.21056
0.29394 -0.00000
-0.00000 -0.18567
-0.16114 0.00000
0.22610 -0.00000
-0.15178 0.00000
-0.00000 -0.07076
-0.00000 -0.03052
-0.20024 0.00000
-0.00000 -0.20737
0.00000 0.21040
0.26228 -0.00000
0.13150 -0.00000
-0.11512 0.00000
-0.28188 0.00000
-0.09427 0.00000
-0.00000 -0.01611
-0.00000 -0.01577
0.19703 -0.00000
-0.24762 0.00000
-0.00000 -0.08300
-0.00000 -0.06351
0.22520 -0.00000
0.03216 -0.00000
0.19664 -0.00000
0.15133 -0.00000
-0.00000 -0.07519
0.21033 -0.00000
0.00000 0.18930
0.02363 -0.00000
0.00000 0.05343
0.21856 -0.00000
-0.00000 -0.15538
-0.00000 -0.00334
-0.00000 -0.04258
-0.00000 -0.21264
0.00000 0.15727
0.00000 0.18462
0.01313 -0.00000
0.00000 0.16230
0.00000 0.06752
0.00000 0.19702
-0.16772 0.00000
0.11939 -0.00000
-0.23357 0.00000
-0.14707 0.00000
0.00000 0.20548
-0.15706 0.00000
0.00000 0.18398
0.00000 0.20181
0.00000 0.01385
-0.00000 -0.05943
0.00000 0.00112
-0.00000 -0.15685
0.22236 -0.00000
0.00000 0.02555
0.02572 -0.00000
-0.00000 -0.16767
-0.00000 -0.06227
0.06467 -0.00000
0.25172 -0.00000
-0.00000 -0.16906
0.00000 0.00989
-0.20195 0.00000
-0.30376 0.00000
0.29113 -0.00000
-0.27075 0.00000
0.01623 -0.00000
0.16034 -0.00000
-0.00000 -0.01914
0.12378 -0.00000
0.00000 0.20812
0.00000 0.15284
0.06680 -0.00000
-0.00000 -0.05028
0.00000 0.06650
0.00000 0.20419
0.00000 0.19754
0.00000 0.16708
0.00000 0.06632
-0.00000 -0.17156
-0.28996 0.00000
-0.27598 0.00000
-0.09101 0.00000
-0.16714 0.00000
0.18407 -0.00000
-0.02578 0.00000
-0.07934 0.00000
-0.00000 -0.04863
0.00000 0.18017
-0.00000 -0.07698
0.00000 0.01264
-0.00000 -0.16215
-0.28881 0.00000
-0.10185 0.00000
-0.21002 0.00000
-0.00000 -0.00511
0.26502 -0.00000
-0.00000 -0.18134
-0.00000 -0.18688
0.00000 0.00510
0.06261 -0.00000
0.16621 -0.00000
-0.00000 -0.07353
0.28974 -0.00000
-0.00000 -0.20169
0.00000 0.03451
0.00000 0.07780
-0.00000 -0.03420
0.00000 0.05045
-0.24304 0.00000
0.00000 0.06423
0.22611 -0.00000
-0.00000 -0.02845
-0.10576 0.00000
0.20846 -0.00000
0.17816 -0.00000
0.00000 0.07103
0.17470 -0.00000
0.21850 -0.00000
-0.12879 0.00000
-0.30686 0.00000
-0.23743 0.00000
0.00000 0.07238
0.00000 0.15991
0.01408 -0.00000
0.00000 0.20171
-0.17320 0.00000
0.00000 0.19097
0.00000 0.04349
0.18931 -0.00000
0.00000 0.08153
-0.00000 -0.02918
0.11029 -0.00000
0.00000 0.00934
-0.00000 -0.21700
0.09343 -0.00000
-0.00000 -0.03213
-0.00000 -0.16774
-0.11278 0.00000
-0.00000 -0.19290
-0.00000 -0.02559
-0.00000 -0.18959
-0.10001 0.00000
0.00000 0.18309
-0.00000 -0.08104
0.00000 0.01702
-0.00000 -0.00154
0.25620 -0.00000
-0.00000 -0.01544
0.00000 0.06187
0.24807 -0.00000
-0.00000 -0.19675
-0.00000 -0.03267
-0.00000 -0.19270
0.00000 0.18199
-0.10110 0.00000
0.28165 -0.00000
-0.13489 0.00000
0.00000 0.08379
0.00000 0.06593
0.02373 -0.00000
-0.01299 0.00000
0.11090 -0.00000
0.00000 0.00568
0.09628 -0.00000
-0.00000 -0.06630
-0.00000 -0.03712
-0.00000 -0.05014
0.00000 0.19253
0.00000 0.04551
-0.19126 0.00000
0.00000 0.07041
0.15721 -0.00000
0.27052 -0.00000
0.00000 0.07714
0.00000 0.18196
0.11306 -0.00000
0.15963 -0.00000
-0.17730 0.00000
-0.27942 0.00000
0.00000 0.05096
0.17349 -0.00000
0.00554 -0.00000
-0.00000 -0.06726
-0.00000 -0.01641
-0.00000 -0.16084
0.00000 0.00586
-0.07129 0.00000
-0.00000 -0.00786
-0.03012 0.00000
-0.16229 0.00000
-0.03102 0.00000
-0.00000 -0.07926
0.00000 0.15504
0.00000 0.04422
0.00000 0.01834
0.00000 0.08572
-0.00000 -0.03880
0.00000 0.04613
-0.00000 -0.18334
-0.00000 -0.15222
-0.20569 0.00000
0.21857 -0.00000
0.12841 -0.00000
-0.12336 0.00000
0.25175 -0.00000
-0.00000 -0.04497
0.00000 0.06137
0.00000 0.07230
-0.25382 0.00000
-0.00000 -0.07506
0.00000 0.03046
-0.13342 0.00000
-0.20033 0.00000
-0.00000 -0.06282
-0.00000 -0.00286
-0.04785 0.00000
0.00000 0.07034
-0.25063 0.00000
0.00000 0.04470
-0.15408 0.00000
-0.00000 -0.03660
0.00000 0.05998
-0.00000 -0.16576
0.00000 0.06295
-0.20473 0.00000
0.00000 0.00753
0.00000 0.06857
0.24164 -0.00000
-0.00000 -0.07997
0.00000 0.06923
0.00000 0.16581
0.21318 -0.00000
-0.05782 0.00000
0.09051 -0.00000
0.00000 0.15282
0.17080 -0.00000
-0.00000 -0.07435
0.16175 -0.00000
0.01786 -0.00000
0.00000 0.17430
-0.08083 0.00000
0.00000 0.07176
0.00000 0.02252
-0.25443 0.00000
0.00650 -0.00000
0.00000 0.21578
0.00000 0.20423
-0.09076 0.00000
-0.00000 -0.16629
0.00000 0.20864
-0.28483 0.00000
-0.29053 0.00000
0.27503 -0.00000
0.00000 0.08073
-0.00000 -0.18213
-0.00000 -0.17482
0.26605 -0.00000
0.25773 -0.00000
0.18383 -0.00000
0.00000 0.06730
-0.01574 0.00000
0.00000 0.08334
0.00000 0.20078
-0.14511 0.00000
-0.00000 -0.01900
-0.00000 -0.20031
-0.00000 -0.05867
0.00000 0.17284
0.00000 0.21113
-0.00000 -0.18036
0.00000 0.21434
-0.00000 -0.21263
-0.23573 0.00000
-0.00000 -0.00306
-0.17924 0.00000
0.26096 -0.00000
-0.00000 -0.16812
0.00000 0.04828
-0.13560 0.00000
-0.00000 -0.04146
0.13493 -0.00000
-0.00000 -0.03794
0.00000 0.03473
-0.00000 -0.17503
0.00000 0.07053
0.00850 -0.00000
-0.08639 0.00000
-0.20489 0.00000
0.00000 0.00747
0.14684 -0.00000
-0.17142 0.00000
0.09449 -0.00000
-0.16172 0.00000
0.00000 0.03248
0.00000 0.00899
-0.26714 0.00000
-0.00000 -0.05784
0.00000 0.21002
0.00000 0.21137
-0.09180 0.00000
-0.20384 0.00000
0.00000 0.21036
0.12080 -0.00000
0.11984 -0.00000
-0.00000 -0.06368
0.06786 -0.00000
0.00000 0.06481
0.00000 0.16041
0.00000 0.15260
-0.00000 -0.20360
0.00000 0.15664
0.00000 0.18350
0.00000 0.20407
-0.00000 -0.01176
-0.00000 -0.08169
0.00000 0.17786
-0.10843 0.00000
0.00802 -0.00000
0.26539 -0.00000
0.14582 -0.00000
0.17943 -0.00000
-0.21520 0.00000
0.00000 0.18600
0.00000 0.01709
0.21308 -0.00000
-0.00000 -0.20505
-0.00000 -0.17970
0.00000 0.03414
0.16048 -0.00000
0.00000 0.05235
-0.00000 -0.17959
-0.00000 -0.15770
0.14857 -0.00000
0.00000 0.04727
0.00000 0.03518
0.00000 0.17244
0.03695 -0.00000
-0.29898 0.00000
0.00000 0.02903
-0.00000 -0.18167
0.09345 -0.00000
-0.00000 -0.03782
0.00000 0.04273
0.30815 -0.00000
-0.28268 0.00000
-0.00000 -0.15381
-0.00000 -0.16739
-0.06587 0.00000
0.00000 0.05458
-0.00000 -0.05548
-0.00000 -0.21352
-0.03685 0.00000
-0.13532 0.00000
-0.00000 -0.06851
0.03818 -0.00000
0.07709 -0.00000
0.13791 -0.00000
-0.00000 -0.01336
0.19377 -0.00000
-0.00000 -0.06488
0.07842 -0.00000
0.00000 0.06208
-0.00000 -0.16172
-0.00000 -0.01377
0.24694 -0.00000
-0.27058 0.00000
-0.00000 -0.18339
-0.14059 0.00000
-0.02377 0.00000
-0.26200 0.00000
-0.26017 0.00000
0.00000 0.02886
0.11903 -0.00000
0.00000 0.20372
-0.00000 -0.02087
-0.20008 0.00000
-0.19498 0.00000
-0.00000 -0.20417
0.00000 0.18767
0.02993 -0.00000
0.00000 0.17139
0.00000 0.06122
-0.00000 -0.06555
-0.24006 0.00000
0.14992 -0.00000
0.21799 -0.00000
0.00000 0.02445
0.00000 0.05113
0.26763 -0.00000
-0.00000 -0.19165
0.21852 -0.00000
-0.00000 -0.05180
0.21734 -0.00000
-0.06429 0.00000
0.19416 -0.00000
0.12604 -0.00000
0.20166 -0.00000
-0.21542 0.00000
0.21254 -0.00000
0.00000 0.04889
-0.16325 0.00000
0.24975 -0.00000
0.00000 0.20936
-0.17560 0.00000
-0.16204 0.00000
0.00000 0.21138
-0.00000 -0.20700
-0.18860 0.00000
0.00000 0.03981
-0.26017 0.00000
-0.14766 0.00000
0.00000 0.06296
0.00000 0.20060
0.00000 0.02691
0.16647 -0.00000
0.00000 0.19949
-0.20853 0.00000
0.29180 -0.00000
-0.00000 -0.16997
0.00079 -0.00000
0.00000 0.00941
-0.28065 0.00000
-0.00000 -0.05028
-0.20995 0.00000
0.00000 0.06520
-0.07933 0.00000
-0.00000 -0.01717
-0.00000 -0.17524
0.00000 0.21429
-0.17884 0.00000
-0.09236 0.00000
-0.00000 -0.06453
-0.00000 -0.04259
0.00000 0.20594
-0.01872 0.00000
-0.00000 -0.16045
0.15955 -0.00000
-0.00000 -0.20911
0.06776 -0.00000
0.00000 0.00052
-0.08649 0.00000
-0.00000 -0.07192
-0.10156 0.00000
0.15197 -0.00000
0.92373 -0.08603
0.12787 -0.00000
0.00000 0.08080
0.19774 -0.00000
-0.26530 0.00000
0.00000 0.17216
0.00000 0.16389
0.11071 -0.00000
-0.27014 0.00000
-0.25257 0.00000
0.26736 -0.00000
-0.00000 -0.21168
0.00000 0.08432
0.12874 -0.00000
0.08484 -0.00000
0.00000 0.01256
-0.07245 0.00000
0.24253 -0.00000
0.00000 0.16872
0.00000 0.18480
-0.00000 -0.02797
-0.18688 0.00000
-0.00000 -0.02958
0.00000 0.03284
0.04424 -0.00000
-0.00000 -0.02665
0.00000 0.07736
0.21326 -0.00000
0.00000 0.17527
-0.29143 0.00000
-0.27724 0.00000
0.00000 0.07860
0.05563 -0.00000
-0.00000 -0.00896
0.02242 -0.00000
0.26649 -0.00000
-0.15305 0.00000
-0.00000 -0.18022
0.28017 -0.00000
0.00000 0.02099
0.15670 -0.00000
-0.29505 0.00000
0.00000 0.08108
-0.00000 -0.07882
-0.00000 -0.06154
-0.00000 -0.18263
-0.00000 -0.20650
-0.00000 -0.04718
-0.00000 -0.02794
-0.13358 0.00000
-0.30154 0.00000
0.17582 -0.00000
-0.00000 -0.05474
0.00000 0.00086
0.15153 -0.00000
-0.01422 0.00000
-0.00000 -0.19324
-0.00000 -0.21019
0.29054 -0.00000
-0.00000 -0.04065
-0.00000 -0.07189
0.00556 -0.00000
0.21551 -0.00000
0.00000 0.19559
0.25774 -0.00000
0.00000 0.06164
0.21743 -0.00000
0.23053 -0.00000
-0.13293 0.00000
0.25512 -0.00000
-0.00000 -0.18692
0.00000 0.03165
-0.00000 -0.18017
0.03516 -0.00000
0.30766 -0.00000
-0.00000 -0.00811
0.00000 0.03799
-0.00000 -0.03947
0.00000 0.03227
-0.00000 -0.02182
0.06123 -0.00000
0.00000 0.20239
0.28783 -0.00000
0.09818 -0.00000
-0.17214 0.00000
-0.00000 -0.05463
0.00000 0.05910
0.26222 -0.00000
0.00000 0.04072
0.00000 0.01279
0.10430 -0.00000
0.00000 0.20136
0.00000 0.21442
-0.00000 -0.03995
0.00000 0.08572
-0.17447 0.00000
0.14349 -0.00000
0.04017 -0.00000
-0.00000 -0.20853
0.15898 -0.00000
-0.18691 0.00000
-0.00000 -0.04622
0.00000 0.04847
-0.00000 -0.15539
-0.23710 0.00000
0.00000 0.17866
0.00000 0.16750
-0.00000 -0.18244
-0.00000 -0.17125
-0.14331 0.00000
-0.00000 -0.02260
-0.08798 0.00000
0.07752 -0.00000
0.00000 0.03099
-0.00000 -0.07083
0.30175 -0.00000
0.16895 -0.00000
-0.00000 -0.00289
0.00000 0.03288
-0.00000 -0.01089
-0.00000 -0.04140
0.00000 0.15998
-0.12618 0.00000
-0.16472 0.00000
-0.00000 -0.17958
0.11791 -0.00000
0.28425 -0.00000
0.00000 0.18356
0.07415 -0.00000
-0.00000 -0.02131
-0.00000 -0.04937
-0.00000 -0.01694
0.00000 0.20622
-0.08617 0.00000
-0.00000 -0.15817
-0.00000 -0.05557
-0.00000 -0.15681
0.00000 0.02493
-0.00000 -0.15664
-0.23793 0.00000
-0.00000 -0.00092
0.00000 0.06130
0.15827 -0.00000
-0.00000 -0.04392
-0.00000 -0.07361
0.02323 -0.00000
-0.00000 -0.07351
-0.10344 0.00000
0.30555 -0.00000
0.00000 0.04398
-0.16187 0.00000
0.24081 -0.00000
-0.00000 -0.17472
0.07431 -0.00000
0.00000 0.07430
0.00000 0.15493
-0.11132 0.00000
0.00000 0.06451
-0.00000 -0.06793
-0.00000 -0.03637
0.20741 -0.00000
0.21919 -0.00000
-0.00000 -0.18754
0.07001 -0.00000
0.00000 0.21411
0.22543 -0.00000
0.00000 0.05875
-0.29243 0.00000
0.00000 0.21026
-0.07035 0.00000
-0.22065 0.00000
0.00000 0.07967
0.00000 0.02057
-0.00000 -0.20475
-0.18555 0.00000
0.17136 -0.00000
-0.00000 -0.18494
-0.03984 0.00000
0.26159 -0.00000
-0.26757 0.00000
-0.00000 -0.03551
0.00000 0.15919
0.00000 0.17262
0.08443 -0.00000
-0.02025 0.00000
0.25168 -0.00000
0.25514 -0.00000
0.19385 -0.00000
0.18750 -0.00000
-0.04656 0.00000
-0.00000 -0.06474
0.00000 0.06086
0.19579 -0.00000
-0.00000 -0.18136
0.00000 0.05413
0.00000 0.20705
0.12790 -0.00000
-0.03387 0.00000
-0.22135 0.00000
-0.00000 -0.21277
0.18705 -0.00000
-0.00000 -0.05587
-0.15072 0.00000
0.00000 0.20528
-0.00000 -0.06672
0.25181 -0.00000
0.29979 -0.00000
0.27700 -0.00000
-0.00000 -0.17099
0.00000 0.15581
0.00000 0.08561
-0.00000 -0.17517
0.18189 -0.00000
-0.00000 -0.16308
-0.22492 0.00000
0.00000 0.17838
0.00000 0.16421
-0.00000 -0.00707
-0.00000 -0.19218
0.00000 0.05763
-0.12658 0.00000
-0.00000 -0.08410
0.26327 -0.00000
0.00000 0.01958
0.00000 0.16760
-0.00000 -0.06233
0.00000 0.21317
0.00000 0.07125
-0.29899 0.00000
0.00000 0.05702
0.00000 0.00075
-0.27163 0.00000
-0.00000 -0.00372
-0.18368 0.00000
-0.00000 -0.20279
-0.00000 -0.18127
0.00000 0.15986
-0.05374 0.00000
-0.00000 -0.17226
0.20599 -0.00000
-0.00000 -0.04298
0.11904 -0.00000
0.00000 0.02872
0.00000 0.20914
-0.25024 0.00000
-0.00000 -0.08393
0.02537 -0.00000
0.18449 -0.00000
-0.00000 -0.01161
-0.00000 -0.21654
-0.00000 -0.03447
0.09402 -0.00000
0.29646 -0.00000
-0.00000 -0.07543
0.00000 0.08172
-0.00000 -0.01020
-0.21671 0.00000
-0.00000 -0.07906
0.05934 -0.00000
0.07514 -0.00000
-0.00000 -0.04645
0.18034 -0.00000
0.16811 -0.00000
0.19940 -0.00000
-0.06801 0.00000
-0.00000 -0.19990
0.00000 0.04155
0.00000 0.01351
0.14887 -0.00000
0.00000 0.05015
0.16437 -0.00000
-0.13178 0.00000
0.00000 0.04225
0.23680 -0.00000
0.00000 0.06049
0.28385 -0.00000
-0.00000 -0.05825
-0.00000 -0.05283
-0.02505 0.00000
-0.00000 -0.20055
0.00000 0.04439
-0.00000 -0.16723
-0.11839 0.00000
-0.00000 -0.19903
0.00000 0.01007
-0.00000 -0.08452
0.03257 -0.00000
0.24060 -0.00000
-0.03221 0.00000
-0.27637 0.00000
0.00000 0.19505
-0.19532 0.00000
-0.00000 -0.04979
0.22345 -0.00000
0.06448 -0.00000
0.24136 -0.00000
0.06523 -0.00000
-0.00000 -0.06910
-0.00000 -0.04455
-0.00000 -0.03031
0.00000 0.03184
0.00000 0.07967
-0.00000 -0.16181
0.21083 -0.00000
-0.00000 -0.19592
0.00000 0.16305
0.22861 -0.00000
0.00000 0.20962
-0.00000 -0.03424
-0.01770 0.00000
-0.08537 0.00000
0.28909 -0.00000
-0.00000 -0.20931
-0.00000 -0.16241
-0.00000 -0.02107
-0.00017 0.00000
-0.00000 -0.04556
0.00000 0.02793
-0.00000 -0.17677
-0.00000 -0.07099
0.00000 0.19287
0.25263 -0.00000
0.00000 0.05110
0.00000 0.19358
-0.00000 -0.17021
0.00000 0.03408
-0.27182 0.00000
0.00000 0.18144
0.19466 -0.00000
-0.06969 0.00000
0.00000 0.02385
0.06071 -0.00000
-0.11100 0.00000
0.10350 -0.00000
0.00000 0.00599
0.30833 -0.00000
-0.00000 -0.00401
-0.00000 -0.03200
0.00000 0.01553
-0.00000 -0.06967
0.09170 -0.00000
-0.27802 0.00000
0.13238 -0.00000
0.00000 0.19134
0.00000 0.18950
-0.25570 0.00000
0.00000 0.01392
0.00000 0.05288
0.22430 -0.00000
0.00000 0.07922
-0.12421 0.00000
0.00237 -0.00000
0.00000 0.20114
-0.00000 -0.00887
-0.00000 -0.08420
-0.19387 0.00000
-0.00000 -0.01729
-0.00000 -0.17930
0.00000 0.00117
0.00000 0.21154
-0.00000 -0.07408
-0.00000 -0.07901
0.00000 0.19490
0.02930 -0.00000
0.00000 0.21631
-0.00000 -0.05457
0.00000 0.08198
-0.00000 -0.02678
-0.05176 0.00000
-0.03921 0.00000
0.00000 0.18252
0.00000 0.21325
0.00000 0.05326
-0.11300 0.00000
-0.00000 -0.05161
0.07766 -0.00000
0.17173 -0.00000
-0.00000 -0.04523
-0.00000 -0.21211
0.00000 0.08392
0.00000 0.21223
-0.17473 0.00000
-0.00000 -0.03276
0.00000 0.02902
-0.00000 -0.18870
-0.12583 0.00000
0.00000 0.06684
-0.00000 -0.04859
0.00000 0.19991
-0.10944 0.00000
0.23743 -0.00000
-0.26101 0.00000
-0.00000 -0.04807
0.14693 -0.00000
0.00000 0.06275
-0.00000 -0.05174
0.14262 -0.00000
-0.13948 0.00000
0.27187 -0.00000
-0.00000 -0.20374
0.11058 -0.00000
-0.14608 0.00000
0.00000 0.21131
0.00000 0.15869
-0.00000 -0.08373
-0.00000 -0.01096
-0.30835 0.00000
-0.00000 -0.07027
0.24186 -0.00000
-0.00000 -0.05417
0.28338 -0.00000
-0.29870 0.00000
-0.19214 0.00000
-0.00000 -0.08182
-0.28516 0.00000
-0.18065 0.00000
0.10831 -0.00000
0.00000 0.21151
0.07590 -0.00000
-0.00000 -0.19631
0.08152 -0.00000
-0.17775 0.00000
0.00000 0.03207
-0.00000 -0.20493
0.06659 -0.00000
-0.00000 -0.07012
0.16663 -0.00000
0.00000 0.04845
-0.00000 -0.07579
0.00000 0.02201
-0.00000 -0.17843
-0.00000 -0.06651
-0.23781 0.00000
-0.04120 0.00000
0.00000 0.02419
-0.00000 -0.19174
-0.10777 0.00000
-0.22989 0.00000
-0.00000 -0.06606
0.00000 0.02293
0.00000 0.03544
0.00000 0.16497
0.00000 0.01329
-0.00000 -0.00364
0.00000 0.16051
0.00000 0.02293
-0.14885 0.00000
-0.00000 -0.07526
-0.00000 -0.05624
0.00000 0.16354
0.04115 -0.00000
0.26307 -0.00000
0.03514 -0.00000
0.00311 -0.00000
-0.00000 -0.01271
0.00000 0.08086
0.00000 0.18495
-0.00000 -0.07771
-0.17405 0.00000
-0.14823 0.00000
-0.00000 -0.04748
0.00000 0.00273
0.21138 -0.00000
0.00000 0.07766
0.00000 0.17686
0.00000 0.03916
0.00000 0.19885
0.00000 0.19583
0.30375 -0.00000
-0.23800 0.00000
-0.26268 0.00000
-0.00000 -0.08559
0.27740 -0.00000
-0.00000 -0.05055
0.00000 0.20145
-0.00000 -0.01440
0.00000 0.00252
0.14194 -0.00000
0.11348 -0.00000
-0.08841 0.00000
0.00000 0.06689
-0.21230 0.00000
-0.00867 0.00000
-0.19429 0.00000
-0.10650 0.00000
-0.15419 0.00000
0.00000 0.08176
-0.15441 0.00000
-0.00000 -0.19390
-0.00000 -0.15226
0.00000 0.15880
-0.00241 0.00000
-0.00000 -0.19233
-0.25439 0.00000
-0.00000 -0.02104
0.00000 0.20719
0.00000 0.16073
0.00000 0.03298
-0.22103 0.00000
-0.07754 0.00000
-0.00000 -0.15648
-0.00000 -0.21378
-0.10839 0.00000
0.00000 0.19866
0.00000 0.06555
-0.00000 -0.03504
0.24050 -0.00000
-0.00000 -0.04720
-0.00000 -0.03162
0.17135 -0.00000
-0.00000 -0.18585
0.00000 0.01636
0.00000 0.06141
-0.09451 0.00000
0.00000 0.02658
0.00000 0.08148
0.00000 0.07582
-0.00000 -0.20289
-0.00000 -0.15555
-0.00000 -0.06105
-0.21341 0.00000
-0.22656 0.00000
0.00000 0.04913
0.04839 -0.00000
-0.11302 0.00000
-0.00000 -0.01560
0.27882 -0.00000
-0.07288 0.00000
-0.24218 0.00000
0.29354 -0.00000
-0.12108 0.00000
-0.14394 0.00000
-0.16256 0.00000
0.00000 0.06019
0.00000 0.01551
-0.11166 0.00000
-0.29486 0.00000
0.00000 0.05538
-0.00000 -0.06809
0.15570 -0.00000
-0.00000 -0.16785
-0.16387 0.00000
0.00000 0.00984
-0.00000 -0.21006
0.00000 0.07799
0.13249 -0.00000
-0.00000 -0.20598
0.00000 0.07893
-0.00000 -0.00517
0.00000 0.19246
0.11492 -0.00000
-0.11286 0.00000
0.00000 0.18068
-0.00000 -0.18155
-0.00000 -0.03745
-0.00000 -0.03484
0.18567 -0.00000
-0.00000 -0.01949
0.00000 0.04251
0.00000 0.19712
0.00000 0.03383
-0.23338 0.00000
-0.11006 0.00000
-0.00000 -0.07770
0.00000 0.21022
-0.00000 -0.21236
-0.22942 0.00000
-0.00000 -0.20002
0.24234 -0.00000
0.00000 0.03460
-0.03140 0.00000
-0.12978 0.00000
-0.00000 -0.01604
-0.00000 -0.00264
0.00000 0.08268
0.00000 0.07146
-0.10117 0.00000
-0.00000 -0.20912
-0.00000 -0.18767
-0.00000 -0.18454
0.00000 0.20488
0.00000 0.18582
-0.07899 0.00000
0.00000 0.05978
-0.00000 -0.17162
0.00000 0.19085
0.00000 0.03341
0.00000 0.03145
-0.00000 -0.18632
0.23311 -0.00000
0.00000 0.07959
-0.00000 -0.21094
0.00000 0.17530
-0.00000 -0.06920
-0.00000 -0.04127
-0.00000 -0.00594
0.22128 -0.00000
0.00000 0.00780
0.00000 0.08552
-0.18018 0.00000
0.19296 -0.00000
0.22375 -0.00000
0.00000 0.17453
-0.00000 -0.21394
0.00000 0.18844
0.00000 0.06471
-0.05907 0.00000
0.30413 -0.00000
-0.04247 0.00000
-0.00000 -0.16446
0.06701 -0.00000
0.00000 0.06808
0.15637 -0.00000
-0.00000 -0.07542
0.00000 0.04263
-0.00000 -0.06100
0.00000 0.08318
-0.26511 0.00000
-0.00000 -0.03714
-0.00000 -0.03279
0.00000 0.07628
0.00000 0.20572
-0.00000 -0.01638
0.21397 -0.00000
-0.00000 -0.02333
0.29137 -0.00000
0.00000 0.08306
0.11315 -0.00000
0.00000 0.07330
-0.00000 -0.18670
-0.22061 0.00000
0.00000 0.02027
-0.01386 0.00000
0.20404 -0.00000
-0.25318 0.00000
-0.00000 -0.15672
-0.17218 0.00000
0.00000 0.21244
0.00000 0.18625
0.00000 0.05044
0.05453 -0.00000
0.00000 0.05318
-0.00000 -0.05965
0.00000 0.05593
-0.00000 -0.21276
-0.04779 0.00000
0.00000 0.00273
-0.00000 -0.06749
-0.25563 0.00000
-0.08160 0.00000
-0.00000 -0.06502
0.10711 -0.00000
-0.00000 -0.19407
0.30735 -0.00000
0.12568 -0.00000
0.21922 -0.00000
-0.00000 -0.06235
0.00000 0.18638
-0.28576 0.00000
-0.00000 -0.16339
0.00000 0.21462
0.27531 -0.00000
-0.00000 -0.06394
-0.00000 -0.21609
-0.05125 0.00000
-0.00000 -0.18197
-0.00000 -0.08408
-0.00000 -0.01381
0.00000 0.04065
0.00000 0.16727
0.25709 -0.00000
0.00000 0.06023
-0.04081 0.00000
-0.00000 -0.20925
0.04444 -0.00000
0.00000 0.05039
0.00000 0.16806
0.00000 0.19551
-0.16150 0.00000
0.00000 0.04748
-0.07127 0.00000
-0.00000 -0.04272
0.00000 0.16109
0.00000 0.17571
0.10536 -0.00000
-0.00000 -0.03577
0.28216 -0.00000
0.22387 -0.00000
-0.21892 0.00000
-0.07655 0.00000
0.00000 0.05359
-0.14121 0.00000
0.00000 0.20201
-0.00352 0.00000
-0.00000 -0.18587
0.15975 -0.00000
-0.00000 -0.19585
-0.21352 0.00000
-0.13748 0.00000
-0.00000 -0.15770
-0.00000 -0.19752
-0.00000 -0.04756
0.24373 -0.00000
-0.02581 0.00000
0.00000 0.18306
0.00000 0.04589
-0.00000 -0.00597
-0.28488 0.00000
0.08555 -0.00000
0.25906 -0.00000
-0.24738 0.00000
0.20697 -0.00000
0.00000 0.16887
-0.00000 -0.19119
0.14832 -0.00000
-0.00000 -0.15746
-0.00000 -0.03032
0.00000 0.18608
0.29867 -0.00000
-0.06273 0.00000
0.00000 0.20715
-0.00000 -0.01956
-0.00000 -0.00984
0.25340 -0.00000
-0.29682 0.00000
-0.18263 0.00000
-0.24708 0.00000
0.00000 0.07440
0.00000 0.18393
-0.19424 0.00000
0.00000 0.20260
0.00000 0.17714
0.02099 -0.00000
0.00000 0.21587
-0.16831 0.00000
0.12463 -0.00000
0.08149 -0.00000
0.16468 -0.00000
0.06927 -0.00000
0.30163 -0.00000
-0.24753 0.00000
0.22538 -0.00000
0.28331 -0.00000
0.10780 -0.00000
0.24909 -0.00000
0.17156 -0.00000
-0.00000 -0.00458
0.25106 -0.00000
0.28738 -0.00000
-0.20122 0.00000
-0.09953 0.00000
-0.13940 0.00000
0.00000 0.05993
-0.00000 -0.17948
-0.00000 -0.01540
-0.00000 -0.05965
0.19168 -0.00000
-0.28866 0.00000
0.00000 0.02973
-0.04433 0.00000
-0.07975 0.00000
0.00000 0.06735
0.19766 -0.00000
-0.00000 -0.17793
-0.00000 -0.15579
0.00000 0.19806
0.00000 0.19574
0.18296 -0.00000
0.00000 0.07152
-0.23859 0.00000
0.00000 0.20663
-0.20790 0.00000
0.00000 0.17610
0.30790 -0.00000
0.00000 0.08357
-0.12941 0.00000
-0.00000 -0.04988
-0.00000 -0.07347
-0.00000 -0.05512
-0.00000 -0.18306
0.00000 0.15282
0.00000 0.01033
-0.19818 0.00000
0.02215 -0.00000
-0.26728 0.00000
-0.00000 -0.07953
-0.18562 0.00000
-0.09641 0.00000
-0.19864 0.00000
0.00000 0.04135
-0.00000 -0.15809
0.00000 0.19912
-0.00000 -0.01092
0.00000 0.07199
-0.22802 0.00000
-0.00000 -0.18787
0.00000 0.03843
-0.00000 -0.17151
0.00000 0.16289
0.00000 0.04250
-0.16352 0.00000
0.16926 -0.00000
0.00000 0.20415
-0.00000 -0.05213
0.00000 0.05220
0.18816 -0.00000
0.27681 -0.00000
-0.08620 0.00000
-0.00000 -0.00640
0.10059 -0.00000
0.18574 -0.00000
0.00000 0.16559
-0.16808 0.00000
0.00000 0.07553
-0.00000 -0.07459
-0.00000 -0.06113
0.00000 0.04410
-0.00000 -0.19779
0.00000 0.20753
0.29357 -0.00000
-0.13973 0.00000
0.00000 0.03233
0.30415 -0.00000
-0.05732 0.00000
0.27859 -0.00000
-0.16924 0.00000
-0.00000 -0.06778
-0.00000 -0.15955
0.15105 -0.00000
0.21446 -0.00000
-0.00000 -0.07976
-0.00000 -0.05926
-0.00000 -0.19767
-0.00000 -0.02287
-0.00000 -0.03112
-0.22017 0.00000
0.00000 0.03899
-0.00000 -0.03280
-0.29226 0.00000
0.13827 -0.00000
-0.23351 0.00000
-0.15004 0.00000
0.00060 -0.00000
0.06447 -0.00000
0.26372 -0.00000
-0.00000 -0.05782
0.00000 0.06233
-0.11204 0.00000
0.00000 0.06435
0.09067 -0.00000
-0.00000 -0.19906
0.02962 -0.00000
-0.19556 0.00000
-0.27525 0.00000
-0.00000 -0.01539
0.00000 0.16480
-0.00000 -0.04422
-0.00000 -0.02032
-0.09182 0.00000
-0.00000 -0.17553
-0.28956 0.00000
-0.00655 0.00000
-0.25923 0.00000
-0.02299 0.00000
-0.00000 -0.07535
-0.17686 0.00000
0.27808 -0.00000
-0.17282 0.00000
-0.12930 0.00000
-0.29445 0.00000
0.00000 0.04468
-0.06246 0.00000
-0.00000 -0.21431
0.00000 0.04528
0.00000 0.06502
0.00000 0.08152
0.00000 0.01879
-0.16603 0.00000
-0.23776 0.00000
0.00000 0.02559
-0.00000 -0.05074
0.00000 0.15589
0.00000 0.16514
-0.00000 -0.06660
-0.00000 -0.04567
0.07547 -0.00000
-0.00000 -0.15599
-0.00000 -0.07875
-0.02436 0.00000
0.28371 -0.00000
0.12760 -0.00000
-0.25318 0.00000
0.19162 -0.00000
0.00000 0.16157
-0.19926 0.00000
-0.00000 -0.08589
-0.00000 -0.00361
-0.00000 -0.16188
-0.00000 -0.20218
0.22771 -0.00000
0.10529 -0.00000
-0.07120 0.00000
-0.00000 -0.06395
-0.20187 0.00000
0.00000 0.03452
-0.27156 0.00000
-0.00000 -0.01096
0.02977 -0.00000
-0.00000 -0.01908
0.00000 0.02887
-0.05834 0.00000
0.00000 0.01927
0.00000 0.02922
-0.05318 0.00000
0.00000 0.03556
-0.00000 -0.07903
-0.00000 -0.00348
0.05493 -0.00000
-0.21077 0.00000
0.00000 0.06845
0.00000 0.00763
0.24679 -0.00000
-0.00000 -0.07299
0.00000 0.19372
-0.12245 0.00000
0.00000 0.21624
0.00000 0.08009
-0.24181 0.00000
0.29752 -0.00000
0.25245 -0.00000
-0.00000 -0.06954
0.00000 0.21079
-0.00000 -0.15470
-0.21722 0.00000
0.00000 0.06605
-0.00000 -0.18500
0.00000 0.06483
-0.23852 0.00000
-0.00000 -0.08177
-0.00000 -0.15554
-0.00000 -0.08091
0.07336 -0.00000
0.00000 0.18153
-0.00000 -0.01664
-0.00000 -0.21128
0.12178 -0.00000
0.00000 0.15766
-0.00000 -0.01655
0.27672 -0.00000
-0.00000 -0.16428
0.20394 -0.00000
0.00000 0.05608
0.00000 0.00222
-0.29742 0.00000
0.00000 0.02235
0.00000 0.05045
-0.07591 0.00000
-0.00000 -0.05208
-0.00000 -0.02543
-0.15484 0.00000
0.00000 0.05016
0.08286 -0.00000
-0.23227 0.00000
0.00000 0.01291
-0.00000 -0.20439
-0.14287 0.00000
-0.00000 -0.00605
0.00000 0.18523
0.00000 0.18307
-0.16874 0.00000
-0.00000 -0.16291
-0.00000 -0.03576
0.00000 0.17816
-0.00000 -0.06558
0.16182 -0.00000
0.00000 0.03466
-0.00000 -0.03291
-0.11442 0.00000
-0.00000 -0.06806
-0.12440 0.00000
-0.00000 -0.07382
0.15209 -0.00000
0.00000 0.01895
0.02767 -0.00000
0.10539 -0.00000
0.00000 0.07386
0.00000 0.00488
0.00000 0.04125
0.00000 0.04788
-0.10535 0.00000
-0.27346 0.00000
-0.00000 -0.04361
0.10333 -0.00000
-0.10067 0.00000
0.00000 0.16474
-0.00000 -0.08541
-0.00000 -0.02701
0.00000 0.16446
0.19491 -0.00000
-0.00000 -0.07386
-0.30754 0.00000
-0.00000 -0.07383
0.00000 0.04751
0.00000 0.05715
-0.00516 0.00000
0.23142 -0.00000
-0.00000 -0.15462
0.18027 -0.00000
-0.08401 0.00000
-0.24804 0.00000
-0.27725 0.00000
-0.00000 -0.01977
0.30278 -0.00000
0.00000 0.06762
0.00000 0.18362
-0.04631 0.00000
-0.00000 -0.02073
-0.25435 0.00000
0.00000 0.18090
-0.00000 -0.07458
0.22727 -0.00000
0.00000 0.01918
-0.00000 -0.03731
-0.02774 0.00000
-0.08181 0.00000
-0.00000 -0.04243
0.00000 0.18185
0.00000 0.02536
-0.21716 0.00000
0.00000 0.20225
0.10197 -0.00000
-0.00000 -0.07477
0.06226 -0.00000
-0.15977 0.00000
-0.13341 0.00000
-0.02422 0.00000
0.00000 0.15814
0.08090 -0.00000
0.00000 0.19955
-0.00000 -0.03155
0.20479 -0.00000
0.08722 -0.00000
0.24770 -0.00000
0.00000 0.01529
-0.00000 -0.02560
0.00000 0.06267
0.12372 -0.00000
-0.06210 0.00000
-0.00000 -0.00987
-0.17708 0.00000
0.00000 0.01759
-0.03135 0.00000
-0.00000 -0.20273
0.26921 -0.00000
-0.04124 0.00000
-0.00000 -0.04640
-0.00000 -0.16146
0.23369 -0.00000
0.20240 -0.00000
-0.02461 0.00000
-0.00000 -0.20338
-0.00000 -0.20809
0.00000 0.04912
0.00000 0.08248
0.04625 -0.00000
-0.07305 0.00000
0.00000 0.07669
0.08820 -0.00000
-0.00000 -0.01131
0.30742 -0.00000
-0.00000 -0.02651
0.00000 0.04326
0.00000 0.19578
0.07756 -0.00000
-0.00000 -0.07146
0.00000 0.20101
-0.00000 -0.16622
0.00000 0.03325
-0.15576 0.00000
0.00000 0.03004
0.00000 0.00851
0.16582 -0.00000
-0.00000 -0.00778
0.30596 -0.00000
0.00000 0.02894
-0.00000 -0.17062
0.26971 -0.00000
0.08160 -0.00000
-0.28844 0.00000
0.00000 0.02410
-0.15414 0.00000
-0.23554 0.00000
0.17651 -0.00000
0.00000 0.21520
-0.00000 -0.06645
-0.00000 -0.07182
-0.00000 -0.06196
-0.00000 -0.18180
-0.00000 -0.07492
-0.20577 0.00000
0.22631 -0.00000
0.04606 -0.00000
-0.00000 -0.02689
0.00000 0.17334
0.00000 0.00834
0.00000 0.05188
-0.00000 -0.19039
0.00000 0.17723
0.00000 0.02044
0.00000 0.01229
0.24106 -0.00000
0.00000 0.01741
-0.15444 0.00000
0.00000 0.15992
-0.00000 -0.16166
-0.18152 0.00000
-0.00000 -0.21379
-0.00000 -0.20038
-0.00000 -0.16808
-0.06875 0.00000
-0.00000 -0.00645
0.03261 -0.00000
-0.14810 0.00000
0.00000 0.15722
-0.04632 0.00000
-0.01647 0.00000
-0.00000 -0.08033
-0.00000 -0.19332
0.00000 0.02560
-0.00000 -0.03908
0.29056 -0.00000
-0.06967 0.00000
-0.19766 0.00000
-0.00000 -0.02086
0.22665 -0.00000
0.00000 0.19616
0.00000 0.20430
0.00000 0.15671
-0.17271 0.00000
0.05799 -0.00000
0.13664 -0.00000
-0.00000 -0.19086
-0.00000 -0.02957
0.00000 0.18447
-0.00000 -0.07623
-0.00000 -0.16307
0.00000 0.16064
0.00000 0.04225
-0.00000 -0.17961
-0.00000 -0.03974
-0.00000 -0.06974
0.00000 0.05115
-0.12555 0.00000
0.26478 -0.00000
-0.00000 -0.01694
0.13637 -0.00000
0.00000 0.04930
-0.27492 0.00000
0.00000 0.03501
-0.28842 0.00000
-0.00000 -0.03895
-0.17334 0.00000
0.25056 -0.00000
-0.00000 -0.18065
0.20919 -0.00000
-0.00000 -0.02050
0.00000 0.05148
0.25267 -0.00000
-0.00000 -0.15814
0.00000 0.05146
0.00000 0.19090
0.25155 -0.00000
-0.00000 -0.15987
0.00000 0.02677
0.00000 0.00350
0.12291 -0.00000
0.00000 0.17336
-0.17440 0.00000
-0.00000 -0.03341
0.00000 0.03298
0.00000 0.03226
-0.00000 -0.18533
0.00000 0.18572
-0.05549 0.00000
-0.17654 0.00000
0.28167 -0.00000
-0.11997 0.00000
0.22888 -0.00000
-0.00000 -0.05498
0.00000 0.05612
-0.19316 0.00000
0.20731 -0.00000
0.00000 0.07959
-0.00000 -0.20238
-0.00000 -0.01320
-0.00000 -0.06952
0.19369 -0.00000
-0.00000 -0.01141
-0.15715 0.00000
0.07581 -0.00000
0.00000 0.01954
0.03341 -0.00000
0.28601 -0.00000
0.00000 0.07213
0.02392 -0.00000
0.00000 0.18946
0.00000 0.20213
-0.00000 -0.05779
0.10600 -0.00000
0.03693 -0.00000
-0.00000 -0.05604
0.14477 -0.00000
0.00000 0.07885
-0.26991 0.00000
-0.00000 -0.05013
0.00000 0.01109
0.00000 0.06865
0.00000 0.02189
-0.00000 -0.06299
-0.13980 0.00000
-0.00000 -0.17211
-0.00000 -0.02921
0.15620 -0.00000
-0.12866 0.00000
-0.00000 -0.05708
-0.15533 0.00000
0.00270 -0.00000
-0.00000 -0.17236
-0.09100 0.00000
0.00000 0.15723
0.00000 0.06922
-0.00000 -0.06415
-0.15531 0.00000
-0.00000 -0.06503
0.04071 -0.00000
-0.00000 -0.07402
0.06237 -0.00000
-0.00000 -0.06411
0.09948 -0.00000
0.21821 -0.00000
0.00000 0.05186
0.11415 -0.00000
0.03396 -0.00000
-0.00000 -0.05170
0.00000 0.01589
-0.26743 0.00000
0.18350 -0.00000
0.00000 0.01274
-0.17731 0.00000
0.00000 0.19408
-0.17211 0.00000
-0.00000 -0.18942
-0.00000 -0.05711
0.12373 -0.00000
0.00000 0.21020
0.28339 -0.00000
0.00000 0.02986
0.27733 -0.00000
-0.20931 0.00000
-0.26632 0.00000
0.14854 -0.00000
-0.00000 -0.08100
-0.00000 -0.19981
0.08575 -0.00000
-0.00000 -0.15968
0.22590 -0.00000
-0.00000 -0.00648
-0.00000 -0.00162
-0.00000 -0.07520
0.13049 -0.00000
0.00000 0.15497
-0.00000 -0.19417
-0.00000 -0.08249
0.24766 -0.00000
0.00000 0.17386
-0.00000 -0.21270
0.06504 -0.00000
0.00000 0.07589
-0.00000 -0.18003
0.25913 -0.00000
0.00000 0.06385
-0.00000 -0.19492
-0.00000 -0.01692
-0.00000 -0.17264
0.00000 0.04380
0.10079 -0.00000
-0.00000 -0.19636
-0.18723 0.00000
0.00000 0.15236
0.30837 -0.00000
-0.00000 -0.06432
0.00000 0.18232
-0.00000 -0.07851
-0.10449 0.00000
-0.06582 0.00000
-0.00000 -0.20518
-0.00000 -0.03970
-0.00000 -0.19551
-0.00000 -0.02922
0.28519 -0.00000
-0.27949 0.00000
0.00000 0.01647
0.00000 0.20914
0.07894 -0.00000
0.15159 -0.00000
0.16559 -0.00000
0.17239 -0.00000
0.00000 0.20862
0.27918 -0.00000
0.20943 -0.00000
0.24177 -0.00000
-0.25777 0.00000
-0.21121 0.00000
-0.00000 -0.01383
-0.15893 0.00000
-0.00000 -0.01235
-0.01521 0.00000
-0.01579 0.00000
-0.00000 -0.18834
0.00000 0.07385
-0.06254 0.00000
-0.00000 -0.06329
0.16315 -0.00000
0.01688 -0.00000
0.00000 0.16318
-0.00000 -0.16807
-0.00000 -0.21063
-0.02969 0.00000
0.00000 0.01698
0.26661 -0.00000
-0.00000 -0.20213
0.22544 -0.00000
-0.00000 -0.19755
-0.00000 -0.15784
0.00000 0.08208
-0.00000 -0.20029
-0.00000 -0.21661
0.15230 -0.00000
0.00731 -0.00000
-0.26289 0.00000
0.28430 -0.00000
0.00000 0.05010
-0.30238 0.00000
0.00000 0.19652
0.00000 0.04193
-0.25183 0.00000
0.00000 0.17754
-0.00000 -0.01037
-0.24076 0.00000
0.05086 -0.00000
-0.26169 0.00000
0.00000 0.05049
0.00000 0.06152
0.26410 -0.00000
-0.00000 -0.17531
-0.29038 0.00000
0.17145 -0.00000
0.12076 -0.00000
0.00000 0.07602
-0.00000 -0.01778
0.10455 -0.00000
0.12263 -0.00000
0.00000 0.16872
-0.14656 0.00000
0.12882 -0.00000
-0.00000 -0.17306
-0.00000 -0.04867
-0.02606 0.00000
0.00000 0.07513
-0.00000 -0.00123
0.23743 -0.00000
0.00000 0.02221
0.00000 0.20583
0.17247 -0.00000
0.28771 -0.00000
0.27563 -0.00000
-0.06052 0.00000
-0.00000 -0.01693
-0.28072 0.00000
0.00000 0.02604
-0.26317 0.00000
0.30198 -0.00000
-0.00000 -0.01241
0.00000 0.21296
-0.15390 0.00000
-0.24690 0.00000
-0.00000 -0.18768
-0.13339 0.00000
-0.07835 0.00000
0.09132 -0.00000
-0.19361 0.00000
-0.10850 0.00000
0.00000 0.03722
0.03275 -0.00000
-0.00000 -0.08489
0.00000 0.06969
-0.00000 -0.08594
0.22020 -0.00000
-0.00000 -0.21617
-0.29776 0.00000
0.00000 0.02079
0.00000 0.02443
-0.00000 -0.20944
-0.00000 -0.03561
-0.07144 0.00000
0.00000 0.04502
0.00000 0.06368
0.15811 -0.00000
-0.00000 -0.03909
-0.17020 0.00000
-0.11010 0.00000
0.17651 -0.00000
-0.00000 -0.21650
0.00000 0.18415
-0.00000 -0.05169
-0.00000 -0.02004
-0.22130 0.00000
-0.30166 0.00000
-0.00000 -0.01173
-0.03758 0.00000
0.08274 -0.00000
0.00000 0.16439
-0.08266 0.00000
0.03839 -0.00000
0.00000 0.03556
0.00000 0.18652
-0.20851 0.00000
-0.05007 0.00000
-0.28498 0.00000
-0.19760 0.00000
-0.23486 0.00000
-0.00000 -0.17313
-0.00000 -0.02097
0.03851 -0.00000
0.00000 0.00510
-0.27792 0.00000
0.00000 0.21595
-0.00000 -0.08170
-0.21651 0.00000
-0.19170 0.00000
0.00000 0.07492
-0.00000 -0.20145
0.15258 -0.00000
-0.00000 -0.03024
0.00000 0.08307
0.00000 0.06637
-0.00000 -0.02376
-0.03353 0.00000
0.00000 0.06954
0.00000 0.19130
0.00000 0.01652
-0.00000 -0.01450
-0.00000 -0.05393
0.22521 -0.00000
-0.00000 -0.02298
-0.00000 -0.06862
-0.11444 0.00000
-0.00000 -0.02274
-0.08966 0.00000
0.00000 0.20271
0.00000 0.02035
0.08202 -0.00000
0.25220 -0.00000
-0.00000 -0.15214
0.00000 0.00653
0.00000 0.15386
-0.00000 -0.07430
0.00000 0.15477
0.00000 0.04226
0.20015 -0.00000
-0.00000 -0.19280
-0.00000 -0.17665
0.22218 -0.00000
0.00000 0.01363
0.14907 -0.00000
-0.28920 0.00000
-0.00000 -0.19483
0.00000 0.18023
0.23436 -0.00000
0.00000 0.15962
0.00000 0.01091
0.12212 -0.00000
-0.28115 0.00000
-0.04903 0.00000
-0.00000 -0.15612
-0.10802 0.00000
0.23199 -0.00000
0.00000 0.17180
0.00000 0.16306
-0.06148 0.00000
-0.20490 0.00000
0.13857 -0.00000
0.27451 -0.00000
-0.25702 0.00000
-0.26509 0.00000
-0.00000 -0.17425
-0.19535 0.00000
0.00000 0.05313
-0.00000 -0.05539
0.04326 -0.00000
-0.00000 -0.01005
-0.00000 -0.07955
-0.00000 -0.19414
0.00000 0.20769
-0.00000 -0.08310
0.02981 -0.00000
-0.27773 0.00000
0.00000 0.07508
-0.23994 0.00000
0.00342 -0.00000
0.03233 -0.00000
0.11975 -0.00000
0.00000 0.07638
-0.27227 0.00000
0.00000 0.19843
-0.00000 -0.02966
0.01091 -0.00000
0.07557 -0.00000
0.00000 0.01377
-0.01571 0.00000
-0.00000 -0.03765
0.25433 -0.00000
0.00000 0.08354
0.00000 0.03101
0.00000 0.15324
0.28123 -0.00000
-0.00000 -0.15326
0.00000 0.21603
0.23913 -0.00000
-0.00000 -0.16323
-0.00000 -0.16899
-0.00000 -0.02124
0.09942 -0.00000
-0.23233 0.00000
0.13108 -0.00000
-0.00000 -0.03205
-0.00000 -0.02101
-0.05457 0.00000
0.21437 -0.00000
0.00000 0.01706
0.00000 0.04324
0.00000 0.05329
-0.00000 -0.07817
-0.00000 -0.20235
-0.12955 0.00000
-0.27165 0.00000
-0.08866 0.00000
-0.21926 0.00000
0.27744 -0.00000
0.00000 0.18356
0.04839 -0.00000
-0.00000 -0.04704
0.08874 -0.00000
-0.20458 0.00000
0.00000 0.18402
0.00000 0.20281
0.00000 0.20067
-0.00000 -0.01969
0.11661 -0.00000
0.02395 -0.00000
-0.00000 -0.07796
0.00000 0.21257
0.05823 -0.00000
-0.13771 0.00000
0.00000 0.19001
-0.00000 -0.05476
0.00000 0.07785
-0.00000 -0.16410
-0.16543 0.00000
-0.00000 -0.03360
0.25502 -0.00000
-0.11896 0.00000
0.21258 -0.00000
-0.20841 0.00000
0.06127 -0.00000
0.16536 -0.00000
-0.00000 -0.17463
0.00000 0.05731
0.14027 -0.00000
0.00000 0.01167
-0.00000 -0.00439
0.00000 0.20361
0.25271 -0.00000
-0.18592 0.00000
-0.22146 0.00000
-0.00000 -0.06960
0.08278 -0.00000
0.00000 0.01710
0.09378 -0.00000
-0.28656 0.00000
-0.00000 -0.08570
0.00000 0.02344
-0.21983 0.00000
0.00000 0.06612
-0.08247 0.00000
0.24577 -0.00000
0.00000 0.01626
-0.25170 0.00000
0.08597 -0.00000
0.06274 -0.00000
0.00000 0.19033
0.00000 0.20930
-0.00000 -0.00559
-0.00000 -0.03809
0.30237 -0.00000
0.27694 -0.00000
0.00000 0.00211
-0.00000 -0.16504
0.00000 0.16660
0.00000 0.02881
0.04348 -0.00000
-0.00000 -0.03327
0.00000 0.20463
-0.00000 -0.07896
0.13065 -0.00000
-0.00000 -0.20955
0.00000 0.20855
-0.00000 -0.00060
0.00000 0.18643
-0.21312 0.00000
-0.15588 0.00000
-0.00000 -0.04976
0.08539 -0.00000
-0.00000 -0.17225
0.00000 0.20106
-0.00000 -0.20597
0.20392 -0.00000
-0.26689 0.00000
-0.00000 -0.17704
-0.11530 0.00000
0.00000 0.03400
-0.00000 -0.07656
0.09313 -0.00000
0.19124 -0.00000
0.00000 0.19646
-0.16954 0.00000
0.00000 0.01885
-0.00000 -0.06002
0.25275 -0.00000
0.00000 0.00389
-0.25800 0.00000
-0.00000 -0.03500
-0.27100 0.00000
0.00000 0.20883
0.24255 -0.00000
0.00000 0.00550
0.00000 0.00042
0.24353 -0.00000
-0.00000 -0.04884
-0.17271 0.00000
0.00000 0.06248
-0.15024 0.00000
0.00000 0.18794
0.19850 -0.00000
0.00000 0.17577
0.00000 0.06402
-0.00000 -0.01184
-0.00000 -0.16582
0.06949 -0.00000
0.00000 0.02975
-0.29209 0.00000
0.00318 -0.00000
0.00000 0.15203
0.22702 -0.00000
-0.00000 -0.04923
0.27537 -0.00000
0.29805 -0.00000
0.00000 0.08312
-0.00000 -0.18814
-0.00000 -0.20402
0.00000 0.18324
0.25517 -0.00000
-0.00000 -0.00595
0.11398 -0.00000
0.00000 0.06655
0.28891 -0.00000
0.25803 -0.00000
-0.00000 -0.18842
0.00000 0.02556
0.00000 0.03313
0.19807 -0.00000
0.00000 0.01808
-0.29581 0.00000
-0.00000 -0.17060
-0.24187 0.00000
0.00000 0.00525
-0.00000 -0.05193
0.24769 -0.00000
-0.00000 -0.03669
-0.29291 0.00000
-0.26651 0.00000
0.00000 0.15478
-0.27760 0.00000
0.00000 0.19326
-0.00000 -0.18605
-0.17454 0.00000
0.00000 0.21250
0.00000 0.07824
-0.00000 -0.03047
-0.00000 -0.17306
-0.00000 -0.07594
-0.14481 0.00000
0.00000 0.04600
0.20298 -0.00000
0.00000 0.19787
-0.00000 -0.04783
-0.05979 0.00000
0.00000 0.15593
0.17016 -0.00000
0.13917 -0.00000
-0.00000 -0.02367
0.00000 0.01264
-0.00000 -0.06000
0.27840 -0.00000
0.00000 0.16104
-0.00000 -0.01378
-0.13233 0.00000
-0.00000 -0.01442
0.27164 -0.00000
-0.00000 -0.05081
0.00000 0.02314
-0.00000 -0.20476
0.00000 0.08180
0.16573 -0.00000
-0.20431 0.00000
0.00000 0.04492
0.08816 -0.00000
-0.01350 0.00000
0.00000 0.07404
-0.00000 -0.06432
-0.00000 -0.21717
-0.13209 0.00000
-0.00000 -0.04283
-0.27989 0.00000
-0.24442 0.00000
0.00000 0.06382
0.00000 0.04107
0.22477 -0.00000
-0.17942 0.00000
-0.00000 -0.15572
0.26423 -0.00000
0.01677 -0.00000
-0.00000 -0.06088
0.00000 0.08436
-0.00000 -0.04671
0.19864 -0.00000
-0.19145 0.00000
0.00000 0.04783
-0.15474 0.00000
-0.00000 -0.00445
0.00000 0.02763
0.24008 -0.00000
0.00000 0.04827
-0.22321 0.00000
0.00000 0.16997
0.00000 0.02810
-0.29643 0.00000
0.27597 -0.00000
-0.00000 -0.19049
-0.13571 0.00000
0.00000 0.16851
-0.00000 -0.07384
-0.00000 -0.16568
0.20832 -0.00000
-0.00000 -0.18920
0.00000 0.20797
-0.12432 0.00000
0.00000 0.02029
-0.12620 0.00000
-0.00000 -0.05307
-0.00000 -0.03402
0.04276 -0.00000
-0.00000 -0.19616
0.00000 0.18598
-0.00000 -0.21354
-0.00000 -0.02051
0.01620 -0.00000
-0.19935 0.00000
-0.00000 -0.05903
0.00000 0.03986
0.16751 -0.00000
0.17522 -0.00000
0.00000 0.01579
0.00000 0.19245
-0.00000 -0.04476
0.00000 0.18770
-0.19834 0.00000
0.00000 0.19732
-0.00000 -0.03689
-0.00000 -0.02764
-0.14927 0.00000
0.27705 -0.00000
-0.04576 0.00000
0.00000 0.02916
-0.11608 0.00000
-0.00000 -0.17218
0.08269 -0.00000
-0.00000 -0.03019
0.00000 0.16017
0.00000 0.08181
0.00000 0.07659
0.05281 -0.00000
0.08699 -0.00000
0.00000 0.06104
-0.00000 -0.04683
0.00000 0.03175
0.07975 -0.00000
-0.18281 0.00000
-0.00000 -0.20222
-0.00000 -0.04808
0.00000 0.07164
0.00000 0.20770
0.26963 -0.00000
0.22471 -0.00000
0.17378 -0.00000
-0.00000 -0.07729
0.28848 -0.00000
0.24201 -0.00000
-0.00000 -0.19473
-0.00000 -0.17532
0.00000 0.05743
-0.00000 -0.21502
-0.22874 0.00000
0.06939 -0.00000
-0.00000 -0.19071
0.00000 0.08491
-0.22580 0.00000
0.00000 0.05429
0.04601 -0.00000
-0.00000 -0.19447
-0.09348 0.00000
0.00000 0.07933
0.00000 0.18592
0.00000 0.19426
-0.26676 0.00000
0.14238 -0.00000
0.00000 0.03638
0.26054 -0.00000
0.05248 -0.00000
-0.00000 -0.00335
0.00000 0.03043
-0.02370 0.00000
0.00000 0.01477
0.00000 0.04807
0.00000 0.17752
0.00000 0.04063
-0.00000 -0.01727
0.00000 0.20299
-0.00000 -0.02768
-0.29233 0.00000
0.00000 0.01736
-0.00000 -0.02859
-0.00000 -0.05575
0.25727 -0.00000
0.00000 0.08042
0.16797 -0.00000
-0.00000 -0.18064
0.00000 0.04576
0.00000 0.04993
-0.00000 -0.01235
-0.00000 -0.01616
-0.28780 0.00000
-0.00000 -0.15847
0.00000 0.03123
-0.00000 -0.19138
0.05115 -0.00000
0.00000 0.05340
-0.28696 0.00000
0.25556 -0.00000
-0.00000 -0.07739
0.00000 0.19293
0.25982 -0.00000
-0.00000 -0.19397
-0.26924 0.00000
-0.19486 0.00000
0.00000 0.00138
0.00000 0.02321
-0.01009 0.00000
-0.30548 0.00000
0.00000 0.01192
-0.00000 -0.06930
0.08601 -0.00000
0.00000 0.05239
-0.00000 -0.15522
0.08058 -0.00000
0.14769 -0.00000
-0.00000 -0.16902
0.23079 -0.00000
-0.00000 -0.08540
-0.22857 0.00000
0.24878 -0.00000
0.20330 -0.00000
0.00000 0.19360
0.00000 0.07233
0.00000 0.02794
0.08629 -0.00000
0.28848 -0.00000
0.02851 -0.00000
-0.04908 0.00000
0.02505 -0.00000
0.04122 -0.00000
0.00000 0.03222
0.00000 0.17742
-0.00000 -0.04772
0.00000 0.01814
-0.00000 -0.06057
-0.00000 -0.06458
-0.18135 0.00000
-0.24491 0.00000
0.00000 0.15961
-0.00000 -0.17116
-0.17292 0.00000
-0.29172 0.00000
-0.22727 0.00000
-0.00000 -0.03191
-0.00000 -0.02647
0.00000 0.05266
-0.00000 -0.06988
0.16457 -0.00000
0.06977 -0.00000
-0.23406 0.00000
-0.00000 -0.06200
0.29803 -0.00000
-0.00000 -0.16479
0.13498 -0.00000
-0.08512 0.00000
-0.00000 -0.21233
-0.00000 -0.06649
-0.29358 0.00000
0.00000 0.15481
0.00000 0.18626
0.05918 -0.00000
0.07158 -0.00000
-0.08115 0.00000
0.00000 0.17333
0.06275 -0.00000
0.11977 -0.00000
0.24568 -0.00000
-0.16736 0.00000
0.00000 0.07126
-0.00000 -0.02544
0.00000 0.06553
-0.18598 0.00000
0.00000 0.15183
-0.00000 -0.15497
0.00000 0.21193
-0.00000 -0.02706
0.00000 0.15415
-0.00000 -0.17074
-0.00000 -0.03139
0.00000 0.08467
-0.00000 -0.06498
-0.00000 -0.21303
-0.24058 0.00000
-0.06388 0.00000
0.08651 -0.00000
-0.00000 -0.04679
-0.00000 -0.17507
-0.00000 -0.01971
0.00000 0.01458
-0.00000 -0.19286
-0.00000 -0.01194
0.29236 -0.00000
0.07727 -0.00000
-0.10133 0.00000
0.20227 -0.00000
-0.00000 -0.03113
-0.00000 -0.01242
-0.00000 -0.16371
0.17591 -0.00000
0.22328 -0.00000
-0.00000 -0.18664
-0.00000 -0.16799
-0.29197 0.00000
0.13522 -0.00000
-0.00000 -0.05568
-0.00000 -0.06224
-0.00000 -0.07225
-0.00000 -0.15398
-0.01547 0.00000
0.00000 0.07391
0.00000 0.07247
0.19281 -0.00000
-0.00000 -0.21404
-0.09351 0.00000
0.00000 0.07240
0.08221 -0.00000
-0.11468 0.00000
0.00000 0.06268
-0.19104 0.00000
-0.26427 0.00000
0.08633 -0.00000
-0.09636 0.00000
-0.00000 -0.01514
-0.00000 -0.08598
0.00000 0.04230
-0.14362 0.00000
0.00000 0.19813
0.00000 0.02814
0.25028 -0.00000
0.00000 0.00653
-0.00000 -0.06377
-0.00000 -0.05494
-0.00000 -0.20378
0.24768 -0.00000
0.12791 -0.00000
-0.00000 -0.06339
0.00000 0.07280
0.00000 0.08079
0.00000 0.21526
0.00000 0.07287
-0.00000 -0.00647
-0.03244 0.00000
-0.19713 0.00000
-0.00000 -0.06915
-0.01697 0.00000
-0.24688 0.00000
-0.00000 -0.01858
0.30577 -0.00000
-0.00000 -0.16639
0.00000 0.04784
0.00000 0.01496
-0.15036 0.00000
0.24030 -0.00000
0.28753 -0.00000
0.00000 0.05767
-0.05434 0.00000
0.00000 0.16157
-0.02131 0.00000
0.00000 0.21182
-0.00000 -0.03084
-0.00000 -0.19846
-0.10676 0.00000
0.07449 -0.00000
0.13986 -0.00000
0.00000 0.02921
0.08860 -0.00000
-0.00000 -0.19349
-0.00000 -0.21247
-0.26196 0.00000
0.25829 -0.00000
0.00000 0.06807
0.00000 0.20389
-0.16511 0.00000
-0.00000 -0.06865
0.26054 -0.00000
-0.27424 0.00000
0.25026 -0.00000
0.00000 0.04921
-0.00000 -0.06436
-0.00000 -0.07921
-0.26567 0.00000
0.00000 0.08107
0.00000 0.15491
-0.16771 0.00000
-0.00000 -0.00842
-0.17004 0.00000
0.00000 0.17990
0.00000 0.04448
0.07533 -0.00000
0.00000 0.18804
-0.00000 -0.04980
-0.00000 -0.06722
0.00000 0.05957
-0.00000 -0.07612
-0.26515 0.00000
0.13794 -0.00000
-0.00000 -0.20829
0.11944 -0.00000
-0.00000 -0.03937
-0.00000 -0.21542
-0.00000 -0.00219
0.00000 0.17840
-0.01314 0.00000
-0.00000 -0.16320
-0.06865 0.00000
-0.00000 -0.16666
-0.29771 0.00000
0.00000 0.01418
0.09987 -0.00000
-0.00000 -0.17947
0.03114 -0.00000
0.00000 0.17606
-0.03141 0.00000
-0.29067 0.00000
0.00000 0.15489
-0.00000 -0.03504
0.00151 -0.00000
-0.18838 0.00000
0.00000 0.08517
-0.00000 -0.08443
-0.18511 0.00000
0.00000 0.06590
0.16244 -0.00000
0.08228 -0.00000
0.11310 -0.00000
0.10864 -0.00000
-0.00000 -0.00111
-0.00000 -0.16654
-0.00000 -0.06757
-0.00000 -0.18819
0.25736 -0.00000
-0.21049 0.00000
-0.00000 -0.19925
-0.28765 0.00000
0.19363 -0.00000
-0.00000 -0.04167
0.00000 0.08245
0.30045 -0.00000
-0.14384 0.00000
0.00000 0.19084
-0.00000 -0.19685
-0.22362 0.00000
-0.00000 -0.06524
-0.00000 -0.17355
-0.00000 -0.17041
-0.27205 0.00000
-0.05000 0.00000
-0.00000 -0.20670
-0.00000 -0.02039
0.16740 -0.00000
0.27792 -0.00000
0.00000 0.20502
-0.12570 0.00000
0.00000 0.07267
-0.00000 -0.06760
-0.00000 -0.00915
-0.00000 -0.07324
-0.00000 -0.05024
-0.00000 -0.04171
-0.00000 -0.08211
-0.00000 -0.20528
-0.12729 0.00000
-0.00000 -0.01861
0.00000 0.05664
-0.13860 0.00000
0.00000 0.15797
0.20326 -0.00000
-0.00000 -0.19093
-0.00000 -0.02425
-0.06785 0.00000
-0.00000 -0.17845
0.00000 0.19786
-0.08960 0.00000
-0.00000 -0.06309
0.09694 -0.00000
-0.22727 0.00000
-0.00000 -0.21378
0.11381 -0.00000
-0.00000 -0.07685
0.00000 0.19276
0.00000 0.00189
0.00000 0.01087
-0.00000 -0.15691
-0.00000 -0.18823
0.26764 -0.00000
-0.22526 0.00000
-0.12879 0.00000
0.00000 0.00153
-0.00000 -0.06215
-0.00000 -0.18977
0.00000 0.03284
-0.00000 -0.01262
0.00000 0.04426
-0.25659 0.00000
-0.00000 -0.05492
-0.13471 0.00000
0.00000 0.20017
0.00000 0.07865
0.00000 0.01311
-0.22077 0.00000
0.05689 -0.00000
-0.00000 -0.21175
0.00000 0.04923
-0.08907 0.00000
0.00000 0.06044
-0.00000 -0.03795
0.06407 -0.00000
0.07030 -0.00000
0.01964 -0.00000
0.21441 -0.00000
-0.00000 -0.05412
-0.00000 -0.03202
0.24440 -0.00000
-0.00000 -0.07618
-0.27166 0.00000
-0.07726 0.00000
-0.00000 -0.17944
-0.00000 -0.17831
-0.00000 -0.16558
-0.00000 -0.07421
-0.18790 0.00000
0.30373 -0.00000
-0.00457 0.00000
0.23081 -0.00000
-0.00000 -0.08337
0.00000 0.19551
0.00000 0.00967
-0.00000 -0.19994
0.00000 0.04200
0.00000 0.21067
0.29361 -0.00000
0.24440 -0.00000
0.00000 0.19337
-0.26830 0.00000
0.00186 -0.00000
-0.00000 -0.03036
0.00000 0.18320
-0.14827 0.00000
-0.00000 -0.02525
0.00000 0.19521
0.15128 -0.00000
0.17137 -0.00000
0.00000 0.04064
-0.00000 -0.08432
-0.00000 -0.02136
-0.10691 0.00000
-0.06075 0.00000
0.08003 -0.00000
-0.00000 -0.05738
0.00000 0.15332
0.00000 0.03002
0.00000 0.18098
0.00000 0.03271
-0.10714 0.00000
0.00000 0.19626
-0.00000 -0.07777
0.00000 0.05319
-0.00000 -0.08551
0.02818 -0.00000
-0.00000 -0.03614
-0.00000 -0.19237
-0.00000 -0.04644
0.11389 -0.00000
-0.00000 -0.01593
0.14881 -0.00000
0.27932 -0.00000
-0.01194 0.00000
0.04478 -0.00000
-0.16539 0.00000
-0.00000 -0.21350
0.05996 -0.00000
-0.00000 -0.07199
-0.00000 -0.07118
0.18260 -0.00000
-0.09297 0.00000
0.00000 0.08134
-0.00000 -0.16823
-0.00000 -0.05532
0.26492 -0.00000
0.00000 0.21553
-0.00000 -0.00838
-0.00000 -0.19062
-0.00000 -0.05836
0.10911 -0.00000
-0.00000 -0.02354
-0.00000 -0.06080
-0.00000 -0.03113
-0.00000 -0.02116
0.00000 0.04054
-0.00000 -0.04815
0.00000 0.19347
0.00000 0.17637
0.00000 0.05399
-0.00000 -0.08001
-0.00000 -0.07049
-0.00000 -0.08235
-0.00000 -0.17528
-0.19522 0.00000
0.25919 -0.00000
0.00000 0.00415
-0.10679 0.00000
0.00000 0.05379
0.16959 -0.00000
0.00000 0.04462
-0.19101 0.00000
0.00000 0.20223
-0.00000 -0.03132
-0.00000 -0.18414
-0.00000 -0.00798
0.14795 -0.00000
0.08886 -0.00000
0.00000 0.03326
0.13552 -0.00000
-0.00000 -0.02157
-0.15610 0.00000
-0.00000 -0.04579
-0.04505 0.00000
0.00000 0.21091
-0.00000 -0.17943
-0.00000 -0.07777
-0.00000 -0.21194
-0.00000 -0.15593
0.00000 0.18882
0.23479 -0.00000
-0.00000 -0.16346
-0.24335 0.00000
0.00000 0.03450
-0.00000 -0.15510
0.00000 0.05737
0.00000 0.15395
-0.10648 0.00000
0.00000 0.17411
0.00000 0.15383
0.29074 -0.00000
-0.29346 0.00000
0.21764 -0.00000
0.14256 -0.00000
0.00000 0.01117
-0.00000 -0.08558
-0.10002 0.00000
0.00000 0.19475
-0.00000 -0.18043
-0.00000 -0.07892
-0.00000 -0.04662
0.06440 -0.00000
-0.14330 0.00000
-0.03857 0.00000
0.22114 -0.00000
-0.09587 0.00000
0.00000 0.18183
0.00000 0.01270
0.14879 -0.00000
0.00000 0.01947
-0.30291 0.00000
0.24626 -0.00000
-0.00000 -0.21164
-0.00000 -0.04399
0.00000 0.17779
-0.02160 0.00000
0.00000 0.19208
-0.00000 -0.08468
0.00000 0.03135
0.12510 -0.00000
0.00000 0.07697
0.00000 0.07773
0.00000 0.05211
0.00000 0.07883
-0.00000 -0.04630
0.00000 0.05791
-0.26685 0.00000
0.00000 0.18859
0.00000 0.20449
-0.17041 0.00000
0.00000 0.00800
0.00000 0.06515
-0.00000 -0.19578
-0.11102 0.00000
0.00000 0.18350
0.00000 0.21151
-0.26557 0.00000
-0.00000 -0.07111
-0.00000 -0.15432
0.15045 -0.00000
0.22969 -0.00000
-0.04426 0.00000
-0.23678 0.00000
-0.00000 -0.04325
0.00000 0.21308
0.08992 -0.00000
0.00000 0.20798
0.27972 -0.00000
-0.20842 0.00000
0.00000 0.01092
0.00000 0.05910
-0.00000 -0.04397
0.00000 0.17777
0.00000 0.15565
-0.07385 0.00000
-0.26420 0.00000
-0.00000 -0.07275
0.18595 -0.00000
-0.18693 0.00000
-0.00000 -0.17161
-0.00000 -0.19866
-0.00000 -0.18841
0.00000 0.21145
0.00000 0.00621
-0.00000 -0.04024
0.00000 0.05084
-0.13102 0.00000
0.00000 0.19124
-0.00000 -0.07304
0.25429 -0.00000
-0.16936 0.00000
-0.04677 0.00000
-0.00000 -0.05144
-0.00000 -0.04057
0.22342 -0.00000
0.00000 0.19933
0.29649 -0.00000
-0.00000 -0.20430
-0.25131 0.00000
0.00000 0.20191
0.19706 -0.00000
0.00000 0.17960
-0.00000 -0.04657
-0.22951 0.00000
-0.00000 -0.02519
0.23120 -0.00000
0.00000 0.15709
0.00000 0.02125
-0.00000 -0.00612
0.05297 -0.00000
-0.09370 0.00000
0.00000 0.19603
-0.03028 0.00000
0.00000 0.05572
-0.14197 0.00000
-0.00000 -0.05504
0.00000 0.19705
-0.00000 -0.08337
0.00000 0.17455
-0.00000 -0.17887
-0.00000 -0.08008
0.24650 -0.00000
-0.10250 0.00000
-0.00000 -0.06027
-0.00000 -0.03049
-0.00000 -0.08501
0.10715 -0.00000
-0.20095 0.00000
0.00000 0.19719
0.19100 -0.00000
0.17869 -0.00000
0.00000 0.05057
0.00000 0.16704
-0.25344 0.00000
0.00000 0.18129
-0.24256 0.00000
-0.00000 -0.18133
-0.11602 0.00000
0.09835 -0.00000
-0.00000 -0.00745
-0.00000 -0.05414
0.00000 0.21228
0.00000 0.05605
0.28700 -0.00000
0.14299 -0.00000
0.00000 0.06797
-0.26284 0.00000
-0.27043 0.00000
-0.10010 0.00000
-0.04634 0.00000
0.00000 0.07346
0.07097 -0.00000
-0.03025 0.00000
-0.00000 -0.19653
0.00000 0.16562
-0.03684 0.00000
-0.00000 -0.16009
0.29028 -0.00000
-0.10824 0.00000
-0.00000 -0.15616
-0.00000 -0.03027
-0.00000 -0.02965
0.00000 0.16559
-0.00369 0.00000
-0.00000 -0.08284
-0.08938 0.00000
0.16161 -0.00000
-0.00000 -0.18954
-0.26899 0.00000
0.18325 -0.00000
0.19653 -0.00000
-0.00000 -0.03453
-0.28452 0.00000
-0.00000 -0.20681
0.24028 -0.00000
-0.00000 -0.06926
0.00000 0.00982
0.00000 0.21385
0.02406 -0.00000
0.00000 0.16088
-0.02961 0.00000
0.00000 0.18178
0.00000 0.21707
-0.00000 -0.19173
-0.00000 -0.15518
0.16122 -0.00000
0.00000 0.01939
-0.19732 0.00000
0.00000 0.19060
0.25264 -0.00000
0.00000 0.02595
-0.00000 -0.07921
0.00000 0.05957
0.00000 0.17281
0.00000 0.01833
0.00000 0.21376
-0.00000 -0.17777
0.01551 -0.00000
-0.00000 -0.02025
0.11938 -0.00000
-0.00000 -0.18373
0.00000 0.02882
0.00000 0.00807
-0.28700 0.00000
0.11938 -0.00000
0.21721 -0.00000
0.00000 0.04478
0.21068 -0.00000
0.00000 0.20572
-0.12712 0.00000
-0.00000 -0.01820
0.16756 -0.00000
0.00000 0.19228
-0.23239 0.00000
-0.00000 -0.03460
0.30230 -0.00000
0.00000 0.18746
0.00000 0.18523
0.00000 0.17034
-0.27479 0.00000
0.05288 -0.00000
0.00000 0.07604
-0.00000 -0.16870
-0.00000 -0.01008
-0.00000 -0.03804
0.10270 -0.00000
0.24577 -0.00000
-0.18581 0.00000
-0.22171 0.00000
-0.02278 0.00000
0.00000 0.19999
-0.00000 -0.07582
-0.11816 0.00000
0.00000 0.01062
0.02304 -0.00000
0.00000 0.20645
0.00000 0.19884
-0.11729 0.00000
-0.00000 -0.17125
-0.00000 -0.05509
0.00000 0.05895
0.10123 -0.00000
-0.25722 0.00000
-0.00000 -0.20524
0.15533 -0.00000
0.20376 -0.00000
0.00000 0.21254
-0.00000 -0.01984
-0.30379 0.00000
-0.00000 -0.08316
0.24253 -0.00000
0.09498 -0.00000
-0.23441 0.00000
-0.00000 -0.00540
-0.00000 -0.21344
-0.00000 -0.21408
0.28629 -0.00000
0.00000 0.02746
0.00000 0.02307
-0.04072 0.00000
0.00000 0.06213
0.28602 -0.00000
-0.00000 -0.03481
-0.00000 -0.15433
-0.21765 0.00000
-0.09593 0.00000
-0.28200 0.00000
-0.19125 0.00000
0.00000 0.05931
0.00000 0.03479
0.00000 0.00722
0.18728 -0.00000
0.00000 0.15719
0.00000 0.20561
-0.00000 -0.03122
-0.30683 0.00000
-0.00000 -0.07291
-0.05526 0.00000
0.00000 0.17045
0.00000 0.01021
-0.00000 -0.18886
-0.28931 0.00000
0.16283 -0.00000
0.15243 -0.00000
-0.00000 -0.20945
0.12473 -0.00000
-0.00000 -0.07958
-0.06802 0.00000
-0.00000 -0.04928
0.00000 0.18890
-0.00000 -0.07692
0.00000 0.03265
0.09010 -0.00000
0.00000 0.03944
0.17851 -0.00000
-0.00000 -0.00650
0.03658 -0.00000
0.15209 -0.00000
-0.00000 -0.17562
-0.00000 -0.19661
0.00000 0.19286
-0.19366 0.00000
-0.00000 -0.17207
0.18431 -0.00000
-0.00000 -0.15289
0.00000 0.18122
0.30470 -0.00000
0.00000 0.06324
0.13625 -0.00000
-0.29781 0.00000
0.00000 0.21246
0.00000 0.00467
0.00000 0.17029
0.00000 0.06476
-0.00000 -0.03618
0.00000 0.04929
-0.11316 0.00000
0.27998 -0.00000
-0.17405 0.00000
-0.15080 0.00000
0.17357 -0.00000
-0.00000 -0.20122
0.00000 0.04646
0.00000 0.05543
0.00000 0.08214
-0.00000 -0.15756
0.11907 -0.00000
0.21322 -0.00000
0.00000 0.16883
-0.00000 -0.01415
0.00000 0.21536
-0.22793 0.00000
0.14507 -0.00000
0.00000 0.00874
0.27109 -0.00000
-0.06668 0.00000
-0.00000 -0.08093
-0.24504 0.00000
-0.00000 -0.15740
-0.14201 0.00000
-0.00000 -0.06949
0.11512 -0.00000
0.19256 -0.00000
0.12189 -0.00000
-0.10695 0.00000
-0.00000 -0.03598
-0.00000 -0.20769
0.16012 -0.00000
0.00000 0.05654
-0.00000 -0.04233
0.00000 0.02701
-0.03342 0.00000
-0.00000 -0.08469
0.04895 -0.00000
-0.10226 0.00000
0.00000 0.17544
-0.00000 -0.17958
-0.20239 0.00000
0.00000 0.04661
0.00000 0.16858
0.00000 0.01672
0.00000 0.06355
-0.00000 -0.04993
-0.10749 0.00000
-0.00000 -0.07768
0.21622 -0.00000
0.00000 0.02616
-0.00000 -0.01018
0.00000 0.17547
0.00000 0.06570
-0.10999 0.00000
0.29733 -0.00000
-0.17760 0.00000
0.22364 -0.00000
0.07177 -0.00000
-0.00000 -0.15264
0.01743 -0.00000
0.00000 0.19116
-0.04887 0.00000
0.00000 0.07333
-0.00000 -0.15640
-0.00000 -0.00518
-0.06057 0.00000
-0.00000 -0.07934
0.18973 -0.00000
-0.00000 -0.04319
0.18484 -0.00000
0.00000 0.16649
-0.04868 0.00000
-0.00000 -0.17444
0.00000 0.18902
0.17393 -0.00000
0.08781 -0.00000
-0.00475 0.00000
-0.00000 -0.05007
-0.00000 -0.07293
-0.00000 -0.00522
-0.26175 0.00000
0.13118 -0.00000
0.00000 0.17590
-0.09196 0.00000
-0.04381 0.00000
-0.00000 -0.21267
0.23241 -0.00000
-0.00000 -0.20970
-0.07764 0.00000
-0.21130 0.00000
0.06470 -0.00000
0.15544 -0.00000
0.00000 0.00521
0.00000 0.00280
0.05876 -0.00000
-0.00000 -0.01188
-0.21580 0.00000
-0.00000 -0.01017
0.00000 0.18127
-0.22768 0.00000
-0.21788 0.00000
0.00000 0.05405
0.20117 -0.00000
-0.03380 0.00000
0.00000 0.00180
0.05266 -0.00000
-0.00000 -0.05457
0.00000 0.20515
-0.23330 0.00000
0.00000 0.20719
0.00000 0.01068
0.13934 -0.00000
0.30810 -0.00000
-0.00000 -0.04080
0.00000 0.15683
0.28919 -0.00000
0.00000 0.03070
0.01305 -0.00000
-0.00000 -0.18209
0.27737 -0.00000
-0.00000 -0.01853
0.23200 -0.00000
0.29378 -0.00000
-0.25216 0.00000
-0.00000 -0.00309
-0.00000 -0.07087
-0.00000 -0.01929
0.00000 0.08127
-0.00000 -0.06671
-0.17342 0.00000
0.00000 0.18989
-0.00000 -0.16592
-0.00000 -0.05603
-0.00000 -0.05522
-0.00000 -0.03613
0.20487 -0.00000
0.28812 -0.00000
0.00820 -0.00000
-0.19204 0.00000
0.00000 0.18970
-0.00000 -0.01878
-0.21907 0.00000
-0.00000 -0.03586
-0.26413 0.00000
0.08731 -0.00000
0.21569 -0.00000
-0.07277 0.00000
0.00000 0.15280
0.00000 0.15438
-0.00000 -0.17197
-0.00000 -0.06877
0.00000 0.01529
-0.25368 0.00000
0.00000 0.18303
-0.00000 -0.21477
0.00000 0.21008
-0.00000 -0.16848
0.13279 -0.00000
-0.19144 0.00000
-0.00000 -0.03637
-0.00000 -0.15712
-0.00000 -0.20078
-0.00000 -0.21263
-0.21404 0.00000
0.00000 0.15819
0.00000 0.18633
-0.00000 -0.03676
-0.19286 0.00000
-0.00000 -0.19009
0.00000 0.02201
-0.00000 -0.15305
-0.03446 0.00000
0.00000 0.02247
0.00000 0.17751
0.21851 -0.00000
0.00000 0.05380
0.00000 0.16302
0.00000 0.01284
0.00000 0.08303
0.00000 0.03025
-0.10471 0.00000
-0.00000 -0.07925
0.00000 0.21395
0.19201 -0.00000
-0.00000 -0.20510
-0.27894 0.00000
0.00000 0.18637
-0.27330 0.00000
-0.00000 -0.17010
0.11539 -0.00000
-0.00000 -0.20793
0.00000 0.19844
0.13137 -0.00000
0.06104 -0.00000
-0.20687 0.00000
0.30236 -0.00000
0.00000 0.00777
-0.00000 -0.05933
0.20435 -0.00000
-0.09556 0.00000
-0.20608 0.00000
-0.02842 0.00000
-0.19551 0.00000
-0.00000 -0.18767
-0.00000 -0.01037
-0.00000 -0.15756
0.18978 -0.00000
0.10698 -0.00000
-0.08129 0.00000
0.00000 0.01817
0.00000 0.16026
-0.20783 0.00000
0.30619 -0.00000
0.00000 0.18405
0.08564 -0.00000
0.11710 -0.00000
0.00000 0.03956
0.14131 -0.00000
0.21755 -0.00000
0.00000 0.07821
0.23588 -0.00000
-0.13990 0.00000
-0.00000 -0.04868
0.00000 0.07863
0.00000 0.07269
-0.00000 -0.00766
-0.00000 -0.03850
-0.11600 0.00000
-0.10017 0.00000
-0.02866 0.00000
-0.00000 -0.05255
-0.26572 0.00000
-0.00000 -0.19446
-0.00000 -0.16086
-0.00000 -0.00571
0.00000 0.04854
0.00000 0.20483
0.00000 0.04794
0.20699 -0.00000
-0.19570 0.00000
-0.00000 -0.03179
-0.00000 -0.05006
0.00000 0.07782
0.21600 -0.00000
-0.29116 0.00000
0.00000 0.05895
-0.12878 0.00000
-0.23857 0.00000
-0.12772 0.00000
0.10832 -0.00000
-0.00000 -0.04644
0.00000 0.16631
-0.00000 -0.01036
0.00000 0.19968
0.00000 0.00726
0.00000 0.02066
0.29384 -0.00000
0.00000 0.18886
0.00000 0.06323
0.28406 -0.00000
0.00000 0.02799
-0.24987 0.00000
-0.17302 0.00000
-0.00000 -0.02111
-0.00000 -0.15421
0.00000 0.05536
-0.00000 -0.17600
-0.07282 0.00000
0.00000 0.15428
-0.22542 0.00000
0.00000 0.19070
0.00000 0.00046
0.05287 -0.00000
0.16292 -0.00000
0.00000 0.17957
-0.25873 0.00000
-0.00000 -0.17195
0.00000 0.04636
-0.01545 0.00000
-0.29283 0.00000
0.00000 0.02650
-0.00000 -0.03574
0.00000 0.02010
0.20800 -0.00000
0.00000 0.19649
-0.24602 0.00000
0.00000 0.06552
0.16239 -0.00000
-0.00000 -0.06967
0.00000 0.01074
0.00000 0.03647
-0.13840 0.00000
-0.00000 -0.00165
0.00000 0.01426
-0.07561 0.00000
-0.17419 0.00000
0.00000 0.17465
-0.09924 0.00000
-0.24640 0.00000
0.00000 0.20266
0.07969 -0.00000
0.04367 -0.00000
-0.00000 -0.16377
-0.27815 0.00000
0.03049 -0.00000
0.00000 0.03706
-0.00000 -0.16713
0.02012 -0.00000
-0.00000 -0.15658
-0.00000 -0.07063
-0.00000 -0.01343
-0.00000 -0.05737
0.00000 0.19537
-0.05225 0.00000
0.23338 -0.00000
-0.00000 -0.03997
-0.00000 -0.18712
-0.00000 -0.03756
-0.00000 -0.02458
-0.27810 0.00000
-0.05403 0.00000
-0.00000 -0.17795
0.28343 -0.00000
0.00000 0.16598
-0.00000 -0.17710
0.00000 0.19181
0.00000 0.06631
0.00000 0.20325
-0.13287 0.00000
-0.15246 0.00000
0.30023 -0.00000
0.00000 0.04140
0.24068 -0.00000
0.15253 -0.00000
-0.00000 -0.18787
0.05271 -0.00000
-0.00000 -0.04798
0.00000 0.20554
-0.00000 -0.01670
0.00000 0.21095
0.00000 0.03898
-0.22712 0.00000
-0.00000 -0.03811
0.00000 0.01173
0.00000 0.20200
0.00000 0.07935
-0.24787 0.00000
-0.23306 0.00000
0.20536 -0.00000
0.00000 0.17698
0.00000 0.20850
-0.00000 -0.04250
0.00000 0.18689
0.14398 -0.00000
-0.00000 -0.02441
0.00000 0.03499
0.00000 0.07985
0.17845 -0.00000
-0.00000 -0.15848
0.00000 0.18905
-0.30775 0.00000
0.00000 0.20847
-0.00000 -0.16339
-0.03440 0.00000
-0.00000 -0.03077
0.03802 -0.00000
-0.00000 -0.00007
0.00000 0.20161
-0.00000 -0.03921
0.19011 -0.00000
0.00000 0.18013
0.17159 -0.00000
0.16619 -0.00000
-0.29596 0.00000
0.00000 0.03326
-0.00000 -0.00502
0.11868 -0.00000
0.00000 0.07514
-0.00000 -0.18328
-0.00000 -0.18963
0.04751 -0.00000
0.00000 0.04622
-0.00000 -0.07374
0.03241 -0.00000
0.25716 -0.00000
-0.29678 0.00000
0.26998 -0.00000
0.00000 0.17087
0.00000 0.17250
0.21652 -0.00000
0.01201 -0.00000
0.27853 -0.00000
-0.00000 -0.20618
-0.00000 -0.00070
0.20922 -0.00000
0.22835 -0.00000
0.00000 0.02348
-0.17707 0.00000
-0.02913 0.00000
-0.00000 -0.16546
0.00000 0.07916
0.00000 0.15288
-0.00000 -0.08438
-0.18144 0.00000
0.06258 -0.00000
0.24430 -0.00000
0.00000 0.03538
-0.26048 0.00000
-0.26980 0.00000
-0.27820 0.00000
-0.00000 -0.18706
-0.00000 -0.06902
0.00000 0.04725
0.11329 -0.00000
0.00000 0.07488
-0.03467 0.00000
-0.26446 0.00000
-0.13861 0.00000
-0.25876 0.00000
0.21821 -0.00000
0.00000 0.06486
-0.11528 0.00000
0.16101 -0.00000
0.30207 -0.00000
-0.00000 -0.02495
0.00000 0.20969
0.14272 -0.00000
-0.29318 0.00000
0.00000 0.06269
-0.00000 -0.16230
-0.00000 -0.17068
0.17368 -0.00000
-0.19839 0.00000
-0.00000 -0.00647
0.00000 0.08181
-0.00000 -0.17374
0.00000 0.15606
0.00000 0.07257
-0.26317 0.00000
0.00000 0.03984
0.19083 -0.00000
-0.03349 0.00000
-0.00000 -0.02891
-0.00000 -0.04325
-0.00000 -0.15210
0.00000 0.08515
-0.16444 0.00000
-0.08942 0.00000
-0.00000 -0.19433
0.12505 -0.00000
0.19029 -0.00000
0.29326 -0.00000
-0.15090 0.00000
0.00000 0.01245
-0.22982 0.00000
0.21632 -0.00000
-0.00000 -0.03894
0.00000 0.03875
0.00000 0.01169
0.00453 -0.00000
-0.00000 -0.16838
0.00000 0.07785
-0.11016 0.00000
0.00000 0.20191
0.00000 0.05447
0.00000 0.16794
0.00000 0.01318
0.00000 0.18867
-0.00000 -0.17819
0.00000 0.01297
0.00000 0.07813
0.00000 0.21381
0.19344 -0.00000
0.00000 0.07199
0.00000 0.03786
0.00000 0.01066
0.15758 -0.00000
-0.02769 0.00000
0.00000 0.15973
-0.17456 0.00000
0.02736 -0.00000
0.10531 -0.00000
0.00000 0.15626
-0.00000 -0.16880
-0.08618 0.00000
-0.00000 -0.17072
0.29353 -0.00000
-0.00000 -0.03676
-0.25958 0.00000
0.06563 -0.00000
0.17127 -0.00000
0.00000 0.02097
0.00000 0.03103
-0.00000 -0.21188
-0.00000 -0.05158
0.28777 -0.00000
0.00000 0.21267
0.16561 -0.00000
-0.00000 -0.01611
-0.00000 -0.05523
-0.02230 0.00000
-0.00000 -0.08038
0.14046 -0.00000
-0.00000 -0.18169
-0.00000 -0.18958
-0.08436 0.00000
0.29846 -0.00000
-0.00000 -0.01468
-0.14666 0.00000
0.00000 0.08502
-0.00000 -0.20977
-0.00000 -0.16771
0.00000 0.05903
-0.00000 -0.07818
-0.00000 -0.04778
-0.00000 -0.05918
-0.00000 -0.17324
0.17186 -0.00000
-0.00000 -0.02925
0.28861 -0.00000
-0.00000 -0.18678
-0.23134 0.00000
-0.00000 -0.02908
-0.20446 0.00000
0.00000 0.01724
-0.00000 -0.05399
-0.00000 -0.07975
0.00000 0.16469
-0.00000 -0.02708
-0.00000 -0.21106
-0.12928 0.00000
-0.00000 -0.00222
-0.00000 -0.15582
0.23882 -0.00000
0.00000 0.07836
-0.14078 0.00000
-0.02675 0.00000
0.00000 0.08249
0.29694 -0.00000
-0.00000 -0.02687
0.00000 0.03268
0.00000 0.21720
0.00000 0.07724
-0.01794 0.00000
0.00000 0.16083
0.08456 -0.00000
0.00000 0.03450
0.00000 0.07170
-0.18199 0.00000
-0.12229 0.00000
0.09324 -0.00000
-0.00000 -0.00962
0.00000 0.16031
-0.05530 0.00000
-0.21062 0.00000
-0.10298 0.00000
-0.06508 0.00000
-0.00000 -0.02821
-0.12334 0.00000
0.05054 -0.00000
-0.12342 0.00000
-0.06581 0.00000
0.00000 0.18674
-0.14372 0.00000
-0.06275 0.00000
0.04246 -0.00000
0.00000 0.02726
0.00000 0.21235
-0.00000 -0.20724
0.18781 -0.00000
0.00000 0.08466
0.00000 0.16441
-0.00000 -0.02546
0.00000 0.06202
-0.00000 -0.00544
-0.21390 0.00000
0.16596 -0.00000
0.14205 -0.00000
0.00000 0.15407
-0.00000 -0.21310
-0.25197 0.00000
0.19257 -0.00000
-0.00000 -0.17247
0.00000 0.05535
0.15007 -0.00000
0.00000 0.01256
0.00000 0.03916
0.00000 0.05981
-0.00000 -0.05647
0.00000 0.08290
-0.00000 -0.05689
-0.00000 -0.07567
0.00000 0.05369
-0.25778 0.00000
0.10646 -0.00000
0.00000 0.04669
-0.08905 0.00000
-0.00000 -0.05234
-0.00000 -0.20666
0.17505 -0.00000
-0.00000 -0.20629
0.00000 0.04571
-0.00000 -0.08329
-0.00000 -0.18796
0.19852 -0.00000
-0.08312 0.00000
0.00000 0.04422
0.00000 0.04573
0.00000 0.16509
0.00000 0.17626
-0.00000 -0.15532
0.00000 0.03190
0.00000 0.21089
0.00000 0.19532
-0.00000 -0.20511
-0.06383 0.00000
-0.15726 0.00000
0.03785 -0.00000
0.22783 -0.00000
-0.00000 -0.19488
0.00000 0.03142
0.00000 0.08165
-0.05164 0.00000
0.00000 0.05940
0.01403 -0.00000
-0.05456 0.00000
0.16471 -0.00000
0.11220 -0.00000
-0.29479 0.00000
-0.00000 -0.15600
-0.27686 0.00000
-0.03165 0.00000
0.00000 0.07652
-0.00000 -0.01510
-0.00000 -0.17297
0.25838 -0.00000
-0.00000 -0.06642
-0.05527 0.00000
-0.00000 -0.07566
0.01071 -0.00000
0.07888 -0.00000
-0.00000 -0.08559
-0.00000 -0.04008
0.19516 -0.00000
0.03674 -0.00000
0.27253 -0.00000
-0.13444 0.00000
0.04312 -0.00000
0.10627 -0.00000
-0.00000 -0.15945
0.05442 -0.00000
-0.00000 -0.06352
0.26540 -0.00000
0.16452 -0.00000
0.00000 0.03091
0.23053 -0.00000
0.00000 0.02677
-0.00000 -0.06791
0.10940 -0.00000
-0.00000 -0.01178
0.17556 -0.00000
0.07635 -0.00000
-0.10308 0.00000
0.12358 -0.00000
0.27503 -0.00000
0.00000 0.00708
-0.00000 -0.17583
-0.00000 -0.07753
0.20405 -0.00000
-0.09071 0.00000
0.00000 0.17437
0.00000 0.03034
0.00000 0.00884
0.00000 0.19949
0.00000 0.08329
-0.00000 -0.16676
-0.00000 -0.17776
0.00000 0.07708
-0.25891 0.00000
-0.00000 -0.06182
-0.00000 -0.17623
0.27328 -0.00000
0.17918 -0.00000
0.00000 0.01377
-0.01347 0.00000
-0.17936 0.00000
-0.00000 -0.08352
0.00000 0.01750
-0.23860 0.00000
-0.11369 0.00000
-0.00000 -0.06835
0.00000 0.03220
0.23305 -0.00000
-0.16028 0.00000
-0.00000 -0.18974
0.00000 0.04806
0.00000 0.16816
-0.02203 0.00000
-0.17932 0.00000
-0.21685 0.00000
-0.00000 -0.07317
0.00000 0.06168
0.00000 0.16903
0.04246 -0.00000
-0.00000 -0.05655
0.00000 0.05541
-0.00000 -0.17379
0.17242 -0.00000
0.21420 -0.00000
0.24914 -0.00000
-0.28034 0.00000
-0.05213 0.00000
-0.23460 0.00000
0.00000 0.06841
0.00000 0.04190
0.26573 -0.00000
0.00000 0.21279
0.29565 -0.00000
0.18238 -0.00000
0.00000 0.21458
0.00000 0.07659
-0.00000 -0.20652
-0.29483 0.00000
-0.20538 0.00000
-0.00000 -0.03244
0.00000 0.00741
0.00000 0.01929
-0.26368 0.00000
-0.00000 -0.01887
-0.00000 -0.19882
-0.00000 -0.15947
-0.29257 0.00000
-0.00000 -0.16300
-0.00000 -0.05331
-0.29945 0.00000
0.25679 -0.00000
-0.10326 0.00000
-0.27351 0.00000
-0.06321 0.00000
0.23001 -0.00000
-0.00000 -0.16383
0.27210 -0.00000
-0.26590 0.00000
0.00000 0.19416
-0.00000 -0.21074
0.10520 -0.00000
-0.25400 0.00000
-0.00000 -0.06016
0.00000 0.05972
0.26535 -0.00000
0.05523 -0.00000
0.00000 0.18328
-0.00000 -0.17659
-0.20112 0.00000
-0.11252 0.00000
0.00000 0.15660
-0.00000 -0.00903
0.00000 0.20320
0.00000 0.04340
-0.00000 -0.06498
0.00000 0.18459
0.00000 0.20521
-0.20120 0.00000
-0.21254 0.00000
0.00000 0.00895
-0.14007 0.00000
-0.00000 -0.06813
-0.00000 -0.15911
0.18711 -0.00000
-0.00000 -0.15523
0.21719 -0.00000
-0.00000 -0.19976
-0.00000 -0.03189
0.00000 0.07299
0.23486 -0.00000
-0.00000 -0.01732
-0.24160 0.00000
0.00000 0.03210
0.12315 -0.00000
0.21601 -0.00000
0.00000 0.03426
-0.00000 -0.17688
-0.00000 -0.06055
-0.00000 -0.16324
0.00000 0.04549
-0.00000 -0.15367
0.00000 0.03820
-0.00000 -0.05303
0.00000 0.15191
-0.00000 -0.07920
0.00000 0.15363
-0.00000 -0.07337
-0.04181 0.00000
0.24873 -0.00000
0.03358 -0.00000
-0.00000 -0.03283
-0.00000 -0.20340
-0.10738 0.00000
0.00000 0.06000
0.29539 -0.00000
-0.26429 0.00000
0.00000 0.17044
0.00000 0.07068
-0.00000 -0.00532
0.16986 -0.00000
-0.28449 0.00000
-0.00000 -0.04892
-0.00000 -0.16844
0.07254 -0.00000
-0.00000 -0.21340
0.00000 0.02550
-0.27673 0.00000
0.07591 -0.00000
0.05277 -0.00000
-0.00000 -0.06529
0.00000 0.04199
-0.00000 -0.04758
-0.00000 -0.15201
-0.00000 -0.20986
-0.00000 -0.02425
-0.00000 -0.20365
-0.23999 0.00000
0.13435 -0.00000
-0.15554 0.00000
-0.00000 -0.19359
-0.00000 -0.01799
-0.13182 0.00000
-0.10013 0.00000
-0.00000 -0.18073
0.00000 0.04535
-0.00000 -0.06558
0.00000 0.08564
-0.00000 -0.04941
-0.00000 -0.17659
0.04121 -0.00000
0.13857 -0.00000
-0.00000 -0.16692
-0.00000 -0.04897
0.27745 -0.00000
0.04825 -0.00000
0.24382 -0.00000
0.12484 -0.00000
0.10989 -0.00000
0.00000 0.17724
0.00000 0.15652
0.22417 -0.00000
0.00000 0.03843
0.00000 0.02571
0.00000 0.05100
-0.09592 0.00000
-0.10548 0.00000
-0.00000 -0.07539
0.00000 0.00698
-0.00000 -0.01822
-0.10418 0.00000
0.00000 0.01377
-0.00000 -0.19206
0.23990 -0.00000
-0.11930 0.00000
-0.00000 -0.18810
0.00000 0.15650
0.19488 -0.00000
-0.23733 0.00000
0.05654 -0.00000
-0.26477 0.00000
-0.27579 0.00000
0.00000 0.04074
-0.07825 0.00000
-0.00000 -0.01732
-0.00000 -0.03360
-0.27652 0.00000
-0.00000 -0.04695
-0.00000 -0.02483
0.00000 0.17568
-0.00000 -0.21613
-0.06674 0.00000
0.25210 -0.00000
0.00000 0.00760
-0.00000 -0.02995
0.14341 -0.00000
0.00000 0.02285
0.00000 0.02380
-0.00000 -0.07773
-0.00000 -0.07787
-0.03235 0.00000
0.15801 -0.00000
0.00000 0.16998
-0.00000 -0.16033
0.00000 0.21616
0.00000 0.05525
0.00000 0.16450
0.18588 -0.00000
0.07062 -0.00000
0.00000 0.17754
-0.29400 0.00000
-0.00000 -0.03495
0.00000 0.01133
0.00000 0.16192
-0.00000 -0.05137
0.28528 -0.00000
0.00000 0.01253
0.00000 0.05367
-0.22759 0.00000
0.00000 0.00490
0.00000 0.15893
-0.11111 0.00000
-0.25464 0.00000
0.00000 0.19688
-0.00000 -0.01490
0.00000 0.15957
-0.05466 0.00000
-0.07809 0.00000
-0.13265 0.00000
-0.00000 -0.15602
-0.00000 -0.18075
0.00000 0.07813
0.00000 0.19184
-0.00000 -0.01451
-0.00000 -0.18099
-0.00000 -0.01193
-0.06532 0.00000
0.00000 0.21129
0.00000 0.07437
0.00000 0.06944
0.00000 0.05889
-0.00000 -0.04677
-0.00000 -0.19826
-0.00000 -0.16838
0.00000 0.18061
-0.00000 -0.04724
0.11766 -0.00000
-0.00000 -0.08150
-0.00000 -0.02831
0.00000 0.02648
-0.17005 0.00000
-0.00000 -0.02907
-0.10312 0.00000
-0.15163 0.00000
0.08500 -0.00000
-0.17479 0.00000
0.02368 -0.00000
-0.00000 -0.05882
0.22271 -0.00000
-0.00000 -0.18502
0.12943 -0.00000
0.00000 0.02855
0.00000 0.00256
-0.00000 -0.16759
-0.00000 -0.19413
0.30764 -0.00000
0.00000 0.05164
0.21532 -0.00000
0.00000 0.00102
0.00000 0.03125
-0.12676 0.00000
0.03335 -0.00000
-0.00000 -0.02701
0.00000 0.06032
0.04976 -0.00000
0.00000 0.02726
-0.00000 -0.05132
0.25773 -0.00000
-0.00000 -0.05807
-0.17647 0.00000
0.00000 0.21332
-0.29320 0.00000
-0.20344 0.00000
0.00000 0.03347
0.26053 -0.00000
0.00000 0.01974
0.09483 -0.00000
-0.00000 -0.20564
0.14502 -0.00000
-0.00000 -0.18782
0.00000 0.18271
-0.17788 0.00000
0.16364 -0.00000
0.00000 0.19707
0.00000 0.00095
-0.00000 -0.20645
-0.00000 -0.08321
0.00000 0.07369
-0.11209 0.00000
-0.00000 -0.08414
0.00000 0.19082
0.00000 0.04343
-0.00000 -0.03185
0.16981 -0.00000
-0.00000 -0.04587
-0.00000 -0.08260
-0.00000 -0.08033
0.14423 -0.00000
-0.00000 -0.15425
0.00000 0.04468
0.00000 0.18309
-0.18015 0.00000
0.00000 0.04484
0.02249 -0.00000
-0.00000 -0.16239
-0.12971 0.00000
-0.28954 0.00000
-0.00000 -0.17910
0.00000 0.00281
-0.00000 -0.04424
0.00000 0.03444
-0.19388 0.00000
-0.21087 0.00000
0.00000 0.04411
-0.22294 0.00000
-0.00000 -0.20472
-0.05575 0.00000
-0.16872 0.00000
-0.13616 0.00000
0.18308 -0.00000
0.15844 -0.00000
-0.00000 -0.08104
-0.00000 -0.03130
0.29845 -0.00000
0.00000 0.03126
-0.09401 0.00000
0.28967 -0.00000
0.00000 0.06174
-0.00000 -0.04087
-0.16831 0.00000
-0.22267 0.00000
0.00000 0.02023
-0.00000 -0.01486
-0.00000 -0.18135
-0.23757 0.00000
-0.00000 -0.02675
-0.00000 -0.00312
-0.11587 0.00000
-0.11166 0.00000
-0.20609 0.00000
0.00000 0.01163
-0.00000 -0.02575
0.00000 0.07069
-0.23612 0.00000
-0.00000 -0.02486
-0.00000 -0.07173
-0.00000 -0.05224
-0.29081 0.00000
-0.00000 -0.16369
0.00000 0.18517
0.08847 -0.00000
0.23385 -0.00000
0.00000 0.00555
0.00000 0.03006
0.00000 0.04407
-0.00000 -0.08088
-0.26867 0.00000
0.03962 -0.00000
-0.00000 -0.21005
-0.16437 0.00000
-0.24941 0.00000
0.00000 0.01156
0.00000 0.16223
-0.00000 -0.02482
-0.00000 -0.03841
-0.00000 -0.03444
-0.00000 -0.15414
-0.27827 0.00000
0.00000 0.03714
0.00000 0.19949
-0.00000 -0.03651
0.00000 0.15547
0.00000 0.18196
-0.00000 -0.18514
0.04496 -0.00000
-0.00000 -0.06397
-0.00000 -0.08169
-0.00000 -0.03723
-0.16027 0.00000
0.00000 0.01558
-0.00000 -0.21165
0.13872 -0.00000
0.05217 -0.00000
-0.10152 0.00000
-0.00000 -0.17274
0.15622 -0.00000
-0.05897 0.00000
0.00000 0.08576
0.09440 -0.00000
-0.00000 -0.06657
0.19665 -0.00000
-0.19581 0.00000
-0.00000 -0.15773
0.00000 0.06064
-0.00000 -0.07130
-0.00000 -0.19409
0.11937 -0.00000
0.06885 -0.00000
-0.00000 -0.03885
0.00000 0.08333
0.00000 0.04199
-0.14214 0.00000
-0.08835 0.00000
0.00000 0.08308
-0.00000 -0.02733
-0.16034 0.00000
-0.24905 0.00000
-0.04514 0.00000
0.22240 -0.00000
-0.00000 -0.19091
-0.00000 -0.04568
-0.30572 0.00000
-0.16684 0.00000
-0.00000 -0.04993
-0.00000 -0.05417
-0.15671 0.00000
0.10029 -0.00000
0.17810 -0.00000
-0.00000 -0.17105
-0.14024 0.00000
-0.24003 0.00000
-0.00000 -0.19173
0.19652 -0.00000
0.00000 0.15828
-0.05086 0.00000
-0.00000 -0.04779
-0.00000 -0.06123
-0.20202 0.00000
-0.12138 0.00000
0.00000 0.06447
0.00000 0.03813
-0.19841 0.00000
0.00000 0.04212
-0.16772 0.00000
0.00000 0.03449
-0.25618 0.00000
0.00000 0.02686
-0.08233 0.00000
-0.00000 -0.02472
0.00000 0.18109
-0.26352 0.00000
0.00000 0.01232
-0.00000 -0.07612
0.00000 0.05151
0.00000 0.01298
-0.04648 0.00000
0.00000 0.21343
0.14542 -0.00000
0.27442 -0.00000
-0.07540 0.00000
-0.09479 0.00000
-0.19029 0.00000
0.15958 -0.00000
0.00000 0.06527
0.00000 0.02562
-0.19717 0.00000
-0.05430 0.00000
0.24751 -0.00000
-0.00000 -0.16258
-0.00192 0.00000
0.00000 0.17828
-0.00000 -0.02768
-0.00000 -0.08484
-0.00000 -0.17444
0.00000 0.15568
-0.00000 -0.20016
0.22367 -0.00000
0.20026 -0.00000
0.22196 -0.00000
-0.24283 0.00000
0.10599 -0.00000
-0.00000 -0.04965
0.00000 0.00252
0.02360 -0.00000
-0.00000 -0.05216
-0.08146 0.00000
-0.22024 0.00000
-0.00000 -0.05739
-0.00000 -0.01210
0.15596 -0.00000
-0.00000 -0.00991
0.16424 -0.00000
-0.05633 0.00000
0.00000 0.05635
-0.08010 0.00000
0.00000 0.08298
0.00000 0.02156
-0.00000 -0.15545
0.00000 0.06745
-0.08753 0.00000
-0.11494 0.00000
-0.00000 -0.07997
-0.18174 0.00000
-0.12550 0.00000
0.19912 -0.00000
-0.09638 0.00000
0.00000 0.05251
0.00000 0.02133
0.00000 0.07789
0.00000 0.08368
-0.00000 -0.18345
-0.00000 -0.07157
0.17961 -0.00000
0.00000 0.02208
-0.00000 -0.08315
0.24589 -0.00000
0.00000 0.16453
-0.18269 0.00000
-0.29119 0.00000
0.12903 -0.00000
-0.29892 0.00000
-0.10967 0.00000
0.00000 0.03567
-0.00000 -0.05397
0.04558 -0.00000
0.00000 0.16392
-0.00000 -0.18359
-0.00000 -0.21164
0.00000 0.01819
0.04584 -0.00000
0.00000 0.01988
-0.01334 0.00000
-0.00000 -0.17486
0.25999 -0.00000
-0.26539 0.00000
-0.29466 0.00000
0.00000 0.20411
-0.00000 -0.05385
0.00000 0.05405
0.00000 0.02904
0.18236 -0.00000
0.27234 -0.00000
0.18052 -0.00000
-0.00000 -0.08031
-0.00000 -0.01042
0.00000 0.07010
0.00000 0.16429
-0.12911 0.00000
0.21366 -0.00000
0.00000 0.07229
-0.00000 -0.18779
-0.00000 -0.18441
-0.00000 -0.07404
0.00000 0.05147
-0.24299 0.00000
0.00000 0.04959
-0.00000 -0.16017
-0.00000 -0.06662
-0.18610 0.00000
0.20943 -0.00000
0.00000 0.19788
0.19677 -0.00000
0.14278 -0.00000
0.00000 0.04128
-0.10067 0.00000
-0.12052 0.00000
-0.00000 -0.04145
-0.00000 -0.02980
-0.00000 -0.16437
0.00000 0.07833
-0.13664 0.00000
0.00000 0.03100
0.00000 0.02910
0.20680 -0.00000
-0.09539 0.00000
0.00000 0.20772
-0.00000 -0.08383
-0.17608 0.00000
-0.00000 -0.04223
0.00000 0.15258
0.00000 0.17668
0.00000 0.05148
0.19262 -0.00000
0.03365 -0.00000
0.00000 0.06242
-0.00000 -0.18849
-0.17517 0.00000
-0.00000 -0.06772
0.00000 0.07543
0.00000 0.06257
-0.00000 -0.00081
-0.13792 0.00000
0.00000 0.16990
0.00000 0.04365
0.00000 0.04854
-0.22057 0.00000
-0.21981 0.00000
0.00000 0.07950
0.00910 -0.00000
-0.25084 0.00000
0.00000 0.18333
-0.06800 0.00000
0.11903 -0.00000
0.00000 0.06572
-0.00000 -0.00046
0.13597 -0.00000
-0.00000 -0.06317
0.00000 0.18555
0.00000 0.16768
0.00000 0.20521
0.27404 -0.00000
0.00000 0.00146
-0.26889 0.00000
0.00000 0.07897
0.00000 0.00977
0.00000 0.15459
0.00000 0.04583
0.25230 -0.00000
0.00000 0.19091
-0.00000 -0.06813
-0.00000 -0.17265
-0.00000 -0.04636
0.00000 0.03819
-0.03311 0.00000
0.00000 0.07075
-0.14789 0.00000
-0.19812 0.00000
-0.00000 -0.00384
-0.03303 0.00000
-0.00000 -0.17353
0.00000 0.18261
0.00000 0.19481
-0.00000 -0.16190
-0.00000 -0.19876
0.07520 -0.00000
0.00000 0.15332
0.00000 0.03266
0.00000 0.03975
0.08000 -0.00000
-0.20117 0.00000
0.00000 0.07556
0.00000 0.01141
0.04102 -0.00000
-0.10711 0.00000
-0.00000 -0.05140
-0.00000 -0.05184
0.00000 0.18748
0.00000 0.17585
-0.15237 0.00000
-0.14958 0.00000
-0.00000 -0.05487
0.00000 0.21227
-0.04056 0.00000
-0.00000 -0.21604
0.00000 0.01705
0.08001 -0.00000
-0.16481 0.00000
0.09498 -0.00000
-0.00000 -0.18394
-0.23499 0.00000
0.00000 0.20883
-0.00000 -0.18477
0.00000 0.02057
-0.04663 0.00000
0.00000 0.03672
0.27885 -0.00000
-0.00000 -0.05136
-0.00000 -0.03592
0.00000 0.06461
0.00000 0.01281
0.00000 0.00928
-0.13807 0.00000
0.00000 0.19553
-0.00000 -0.07924
-0.02754 0.00000
-0.00000 -0.07192
-0.00000 -0.02575
-0.24097 0.00000
-0.27549 0.00000
0.19437 -0.00000
0.00000 0.20898
0.17514 -0.00000
-0.23963 0.00000
-0.00000 -0.01992
0.12285 -0.00000
0.00000 0.04555
-0.00000 -0.04387
0.00000 0.15995
0.00000 0.06096
0.00000 0.07386
-0.00000 -0.01624
0.00000 0.20084
0.07035 -0.00000
0.08454 -0.00000
-0.00000 -0.15360
0.16768 -0.00000
-0.27448 0.00000
-0.17416 0.00000
0.19732 -0.00000
0.00000 0.16752
-0.25330 0.00000
-0.00000 -0.01077
0.25890 -0.00000
-0.04097 0.00000
0.00000 0.01270
-0.00000 -0.08393
0.00000 0.01209
0.11208 -0.00000
0.27631 -0.00000
0.29790 -0.00000
-0.00000 -0.08260
0.22471 -0.00000
-0.20404 0.00000
-0.18798 0.00000
0.14251 -0.00000
-0.09742 0.00000
0.00000 0.00001
-0.07564 0.00000
0.00000 0.16906
0.05445 -0.00000
0.00000 0.08351
0.00000 0.03327
0.03283 -0.00000
-0.00000 -0.00863
-0.00000 -0.16540
-0.00000 -0.18828
-0.09791 0.00000
-0.00000 -0.01258
-0.26554 0.00000
-0.00000 -0.16186
0.00000 0.05518
-0.00000 -0.00445
-0.00000 -0.19797
-0.29167 0.00000
0.00000 0.21370
-0.25894 0.00000
0.00000 0.17498
-0.00000 -0.03716
0.00000 0.00702
0.00000 0.03185
-0.00000 -0.20075
-0.27914 0.00000
-0.00000 -0.02031
-0.00000 -0.01062
0.00000 0.02295
0.07841 -0.00000
0.00000 0.01425
0.13669 -0.00000
-0.27342 0.00000
-0.21065 0.00000
-0.22717 0.00000
-0.00000 -0.05804
-0.00000 -0.07101
-0.22671 0.00000
0.00000 0.04709
-0.00000 -0.05371
-0.00000 -0.05380
-0.09666 0.00000
0.00000 0.15438
0.00000 0.18592
0.09564 -0.00000
0.28119 -0.00000
-0.06843 0.00000
0.25388 -0.00000
-0.20789 0.00000
0.00000 0.07410
0.00000 0.06415
-0.00000 -0.04580
-0.00000 -0.21341
-0.00000 -0.02359
-0.00000 -0.02891
-0.00000 -0.17252
-0.06210 0.00000
-0.00000 -0.00421
-0.00000 -0.02956
-0.00000 -0.01017
0.00000 0.05192
-0.00000 -0.04509
0.00000 0.07317
0.08506 -0.00000
-0.22156 0.00000
-0.00000 -0.01457
-0.04482 0.00000
0.00000 0.05113
0.18131 -0.00000
0.00000 0.04521
0.00000 0.17402
0.08205 -0.00000
-0.00000 -0.20899
-0.15576 0.00000
0.13143 -0.00000
-0.00000 -0.15380
0.00000 0.04149
-0.00000 -0.20252
0.07069 -0.00000
0.00000 0.19753
0.22682 -0.00000
0.00000 0.21363
0.00170 -0.00000
-0.00000 -0.03726
0.00000 0.20641
0.00000 0.02552
0.00000 0.00170
0.05154 -0.00000
0.06999 -0.00000
0.00000 0.05420
0.03583 -0.00000
-0.00000 -0.08117
0.00000 0.01476
-0.00000 -0.07217
-0.00000 -0.06862
-0.14626 0.00000
0.00000 0.19527
0.00000 0.16991
-0.14973 0.00000
-0.15535 0.00000
-0.00000 -0.08235
0.15997 -0.00000
-0.06861 0.00000
0.02055 -0.00000
0.23651 -0.00000
-0.00000 -0.01280
-0.25515 0.00000
-0.00000 -0.07942
0.00000 0.21328
-0.03281 0.00000
-0.00000 -0.04221
-0.29968 0.00000
-0.30812 0.00000
0.00000 0.15383
0.10541 -0.00000
0.00000 0.07324
0.00000 0.04727
0.16934 -0.00000
0.00000 0.05057
-0.02959 0.00000
-0.00000 -0.02848
-0.00000 -0.06703
-0.00000 -0.20267
0.28535 -0.00000
-0.23760 0.00000
0.22003 -0.00000
-0.13773 0.00000
0.00000 0.18675
-0.11447 0.00000
-0.19920 0.00000
0.00000 0.17737
-0.11748 0.00000
0.06758 -0.00000
0.00000 0.03778
-0.00000 -0.02298
-0.28364 0.00000
-0.19415 0.00000
0.15374 -0.00000
-0.00000 -0.05575
0.00000 0.07023
0.00000 0.19818
0.00154 -0.00000
-0.04364 0.00000
0.00000 0.21708
-0.00000 -0.20062
-0.10401 0.00000
0.00000 0.19739
0.25094 -0.00000
0.00000 0.01308
0.26750 -0.00000
0.10008 -0.00000
0.00000 0.04862
-0.13836 0.00000
-0.00000 -0.04732
-0.00000 -0.16683
-0.00000 -0.05066
0.11621 -0.00000
0.21752 -0.00000
-0.19931 0.00000
0.00000 0.21111
0.00000 0.06894
0.00000 0.05194
0.00000 0.02137
0.20196 -0.00000
0.14098 -0.00000
0.00000 0.20681
-0.26669 0.00000
0.00000 0.18544
0.00000 0.00530
0.00000 0.15627
-0.00000 -0.05303
0.06280 -0.00000
0.00000 0.00593
-0.00000 -0.15181
0.20503 -0.00000
-0.12996 0.00000
-0.00000 -0.03587
-0.00000 -0.01757
-0.17720 0.00000
-0.22962 0.00000
-0.00000 -0.03945
-0.00000 -0.20848
-0.00000 -0.02073
0.00000 0.01667
-0.21721 0.00000
0.20738 -0.00000
-0.25227 0.00000
-0.08336 0.00000
0.08654 -0.00000
0.00000 0.01634
0.00000 0.03484
0.00000 0.18152
0.00000 0.03679
-0.00000 -0.02419
0.00000 0.05902
-0.25679 0.00000
-0.00000 -0.18436
0.00000 0.20038
0.00000 0.02392
0.24456 -0.00000
-0.00000 -0.15242
0.00000 0.21069
0.03170 -0.00000
0.00000 0.05469
-0.00000 -0.02955
0.00000 0.07559
0.00000 0.20318
-0.00000 -0.03758
-0.09302 0.00000
